url,url_length,num_dots,num_digits,has_https,keyword_bank,local_keyword_flag,label
http://www-bracbank.org.bd,26,2,0,0,1,1,1
http://online-shop.org.bd,25,2,0,1,0,1,0
http://secure-bank.edu.bd,25,2,0,1,0,1,0
http://login-portal.edu.bd,26,2,0,1,0,1,0
http://login-service.edu.bd,27,2,0,0,0,1,0
http://verify-site.edu.bd,25,2,0,1,0,1,0
http://secure-paypal.org.bd,27,2,0,0,1,1,1
http://login-site.org.bd,24,2,0,1,0,1,0
http://online-bank.com.bd,25,2,0,1,0,1,0
http://online-site.edu.bd,25,2,0,1,0,1,0
http://update-portal.edu.bd,27,2,0,1,0,1,0
http://update-site.edu.bd,25,2,0,0,0,1,0
http://login-shop.com.bd,24,2,0,1,0,1,0
http://login-site.com.bd,24,2,0,1,0,1,0
httpupda://te-banglalink.edu.bd,31,2,0,0,1,1,1
http://verify-shop.com.bd,25,2,0,0,0,1,0
http://online-portal.com.bd,27,2,0,1,0,1,0
http://login-update.org.bd,26,2,0,0,1,1,1
http://login-service.com.bd,27,2,0,0,1,1,1
http://online-secure.org.bd,27,2,0,0,1,1,1
http://verify-service.edu.bd,28,2,0,1,0,1,0
http://verify-service.org.bd,28,2,0,0,1,1,1
http://login-amazon.edu.bd,26,2,0,0,1,1,1
http://online-bracbank.edu.bd,29,2,0,0,1,1,1
http://online-amazon.com.bd,27,2,0,0,1,1,1
http://secure-ebl.edu.bd,24,2,0,0,1,1,1
http://update-portal.com.bd,27,2,0,1,0,1,0
http://online-bank.com.bd,25,2,0,1,0,1,0
http://verify-login.edu.bd,26,2,0,0,1,1,1
http://login-update.edu.bd,26,2,0,0,1,1,1
http://www-amazon.edu.bd,24,2,0,0,1,1,1
http://verify-site.edu.bd,25,2,0,1,0,1,0
http://verify-site.com.bd,25,2,0,1,0,1,0
http://verify-update.org.bd,27,2,0,0,1,1,1
http://login-ebl.org.bd,23,2,0,0,1,1,1
http://login-site.org.bd,24,2,0,0,0,1,0
http://login-portal.com.bd,26,2,0,1,0,1,0
http://update-amazon.edu.bd,27,2,0,0,1,1,1
http://update-shop.edu.bd,25,2,0,0,0,1,0
http://www-service.edu.bd,25,2,0,0,1,1,1
http://secure-portal.edu.bd,27,2,0,0,0,1,0
http://online-bracbank.org.bd,29,2,0,0,1,1,1
http://secure-paypal.org.bd,27,2,0,0,1,1,1
http://online-bank.edu.bd,25,2,0,0,0,1,0
http://secure-bank.org.bd,25,2,0,0,0,1,0
http://online-portal.org.bd,27,2,0,0,0,1,0
http://update-portal.com.bd,27,2,0,0,0,1,0
http://www-portal.edu.bd,24,2,0,1,0,1,0
http://www-site.org.bd,22,2,0,1,0,1,0
http://login-service.com.bd,27,2,0,0,0,1,0
http://www-bank.edu.bd,22,2,0,1,0,1,0
http://update-paypal.com.bd,27,2,0,0,1,1,1
http://www-login.com.bd,23,2,0,0,1,1,1
http://online-bank.edu.bd,25,2,0,0,0,1,0
http://secure-service.org.bd,28,2,0,1,0,1,0
http://secure-site.edu.bd,25,2,0,0,0,1,0
http://login-banglalink.edu.bd,30,2,0,0,1,1,1
http://verify-portal.com.bd,27,2,0,1,0,1,0
http://secure-banglalink.com.bd,31,2,0,0,1,1,1
http://online-banglalink.com.bd,31,2,0,0,1,1,1
http://online-amazon.com.bd,27,2,0,0,1,1,1
http://update-secure.org.bd,27,2,0,0,1,1,1
http://www-paypal.org.bd,24,2,0,0,1,1,1
http://verify-bracbank.edu.bd,29,2,0,0,1,1,1
http://online-ebl.edu.bd,24,2,0,0,1,1,1
http://update-paypal.org.bd,27,2,0,0,1,1,1
http://secure-ebl.edu.bd,24,2,0,0,1,1,1
http://login-site.org.bd,24,2,0,1,0,1,0
http://login-bank.com.bd,24,2,0,0,0,1,0
http://login-bank.edu.bd,24,2,0,1,0,1,0
http://www-amazon.org.bd,24,2,0,0,1,1,1
http://online-service.com.bd,28,2,0,0,0,1,0
http://update-banglalink.org.bd,31,2,0,0,1,1,1
http://update-site.org.bd,25,2,0,0,0,1,0
http://www-portal.com.bd,24,2,0,0,0,1,0
http://online-service.org.bd,28,2,0,0,1,1,1
http://secure-service.edu.bd,28,2,0,0,0,1,0
http://www-site.com.bd,22,2,0,1,0,1,0
http://secure-portal.edu.bd,27,2,0,0,0,1,0
http://verify-bank.edu.bd,25,2,0,1,0,1,0
http://login-ebl.com.bd,23,2,0,0,1,1,1
http://update-bank.org.bd,25,2,0,1,0,1,0
http://secure-service.org.bd,28,2,0,0,1,1,1
http://login-amazon.edu.bd,26,2,0,0,1,1,1
http://verify-portal.org.bd,27,2,0,1,0,1,0
http://login-bank.edu.bd,24,2,0,0,1,1,1
http://verify-paypal.org.bd,27,2,0,0,1,1,1
http://verify-service.org.bd,28,2,0,0,1,1,1
http://update-bank.edu.bd,25,2,0,0,0,1,0
http://update-bank.edu.bd,25,2,0,0,1,1,1
http://www-amazon.edu.bd,24,2,0,0,1,1,1
http://www-service.com.bd,25,2,0,1,0,1,0
http://login-site.com.bd,24,2,0,0,0,1,0
http://verify-secure.org.bd,27,2,0,0,1,1,1
http://update-bank.edu.bd,25,2,0,0,0,1,0
http://verify-portal.com.bd,27,2,0,0,0,1,0
http://www-paypal.edu.bd,24,2,0,0,1,1,1
http://secure-site.org.bd,25,2,0,0,0,1,0
http://update-bank.org.bd,25,2,0,0,1,1,1
http://online-amazon.com.bd,27,2,0,0,1,1,1
http://update-amazon.com.bd,27,2,0,0,1,1,1
http://www-paypal.org.bd,24,2,0,0,1,1,1
http://login-portal.com.bd,26,2,0,1,0,1,0
http://update-service.edu.bd,28,2,0,1,0,1,0
http://secure-service.org.bd,28,2,0,1,0,1,0
http://verify-service.com.bd,28,2,0,1,0,1,0
http://update-bank.org.bd,25,2,0,0,0,1,0
http://update-portal.org.bd,27,2,0,0,0,1,0
http://verify-bank.edu.bd,25,2,0,1,0,1,0
http://secure-portal.edu.bd,27,2,0,1,0,1,0
http://www-service.com.bd,25,2,0,0,1,1,1
http://update-secure.edu.bd,27,2,0,0,1,1,1
http://secure-shop.edu.bd,25,2,0,0,0,1,0
http://verify-service.com.bd,28,2,0,0,0,1,0
http://update-bank.com.bd,25,2,0,0,0,1,0
http://www-site.com.bd,22,2,0,1,0,1,0
http://update-secure.edu.bd,27,2,0,0,1,1,1
http://online-update.com.bd,27,2,0,0,1,1,1
http://www-ebl.org.bd,21,2,0,0,1,1,1
http://online-shop.com.bd,25,2,0,1,0,1,0
http://www-banglalink.org.bd,28,2,0,0,1,1,1
http://online-service.com.bd,28,2,0,0,0,1,0
http://secure-update.org.bd,27,2,0,0,1,1,1
http://online-login.org.bd,26,2,0,0,1,1,1
http://online-portal.org.bd,27,2,0,1,0,1,0
http://secure-paypal.com.bd,27,2,0,0,1,1,1
http://verify-service.org.bd,28,2,0,1,0,1,0
http://verify-bank.edu.bd,25,2,0,0,0,1,0
http://update-service.edu.bd,28,2,0,0,1,1,1
http://secure-secure.com.bd,27,2,0,0,1,1,1
http://login-bracbank.edu.bd,28,2,0,0,1,1,1
http://secure-service.edu.bd,28,2,0,0,0,1,0
http://login-site.edu.bd,24,2,0,1,0,1,0
http://secure-ebl.edu.bd,24,2,0,0,1,1,1
http://secure-shop.com.bd,25,2,0,1,0,1,0
http://online-bank.org.bd,25,2,0,0,1,1,1
http://verify-bracbank.edu.bd,29,2,0,0,1,1,1
http://update-site.com.bd,25,2,0,1,0,1,0
http://update-amazon.org.bd,27,2,0,0,1,1,1
http://secure-shop.edu.bd,25,2,0,0,0,1,0
http://login-banglalink.org.bd,30,2,0,0,1,1,1
http://login-banglalink.org.bd,30,2,0,0,1,1,1
http://login-site.com.bd,24,2,0,1,0,1,0
http://online-shop.edu.bd,25,2,0,0,0,1,0
http://update-service.org.bd,28,2,0,0,0,1,0
http://online-update.org.bd,27,2,0,0,1,1,1
http://online-shop.com.bd,25,2,0,0,0,1,0
http://secure-service.com.bd,28,2,0,1,0,1,0
http://update-amazon.org.bd,27,2,0,0,1,1,1
http://login-service.org.bd,27,2,0,1,0,1,0
http://update-paypal.edu.bd,27,2,0,0,1,1,1
http://verify-site.edu.bd,25,2,0,0,0,1,0
http://online-service.com.bd,28,2,0,0,1,1,1
http://login-amazon.edu.bd,26,2,0,0,1,1,1
http://www-site.org.bd,22,2,0,1,0,1,0
http://www-amazon.com.bd,24,2,0,0,1,1,1
http://verify-portal.edu.bd,27,2,0,0,0,1,0
http://verify-portal.edu.bd,27,2,0,0,0,1,0
http://login-portal.edu.bd,26,2,0,0,0,1,0
http://secure-ebl.com.bd,24,2,0,0,1,1,1
http://update-shop.org.bd,25,2,0,1,0,1,0
http://update-banglalink.org.bd,31,2,0,0,1,1,1
http://update-service.org.bd,28,2,0,1,0,1,0
http://www-amazon.edu.bd,24,2,0,0,1,1,1
http://www-paypal.org.bd,24,2,0,0,1,1,1
http://verify-portal.org.bd,27,2,0,1,0,1,0
http://verify-service.edu.bd,28,2,0,1,0,1,0
http://verify-update.edu.bd,27,2,0,0,1,1,1
http://secure-amazon.edu.bd,27,2,0,0,1,1,1
http://login-site.edu.bd,24,2,0,1,0,1,0
http://secure-bank.edu.bd,25,2,0,0,0,1,0
http://secure-amazon.org.bd,27,2,0,0,1,1,1
http://secure-bank.com.bd,25,2,0,1,0,1,0
http://update-site.edu.bd,25,2,0,0,0,1,0
http://login-service.org.bd,27,2,0,0,0,1,0
http://secure-bank.com.bd,25,2,0,0,1,1,1
http://verify-service.org.bd,28,2,0,1,0,1,0
http://verify-service.com.bd,28,2,0,1,0,1,0
http://update-site.org.bd,25,2,0,1,0,1,0
http://online-shop.com.bd,25,2,0,1,0,1,0
http://update-site.com.bd,25,2,0,0,0,1,0
http://www-login.org.bd,23,2,0,0,1,1,1
http://update-bank.com.bd,25,2,0,0,0,1,0
http://online-service.com.bd,28,2,0,1,0,1,0
http://verify-portal.com.bd,27,2,0,1,0,1,0
http://login-portal.edu.bd,26,2,0,1,0,1,0
http://online-site.org.bd,25,2,0,1,0,1,0
http://online-portal.com.bd,27,2,0,1,0,1,0
http://login-portal.org.bd,26,2,0,0,0,1,0
http://update-site.edu.bd,25,2,0,1,0,1,0
http://online-banglalink.org.bd,31,2,0,0,1,1,1
http://www-login.edu.bd,23,2,0,0,1,1,1
http://update-shop.org.bd,25,2,0,1,0,1,0
http://login-bank.org.bd,24,2,0,1,0,1,0
http://update-shop.edu.bd,25,2,0,1,0,1,0
http://www-service.com.bd,25,2,0,0,1,1,1
http://verify-paypal.edu.bd,27,2,0,0,1,1,1
http://verify-service.edu.bd,28,2,0,0,1,1,1
http://secure-service.com.bd,28,2,0,0,0,1,0
http://www-amazon.edu.bd,24,2,0,0,1,1,1
http://update-portal.edu.bd,27,2,0,1,0,1,0
http://login-service.org.bd,27,2,0,1,0,1,0
http://secure-paypal.com.bd,27,2,0,0,1,1,1
http://update-site.edu.bd,25,2,0,1,0,1,0
http://login-bank.com.bd,24,2,0,0,1,1,1
http://login-update.org.bd,26,2,0,0,1,1,1
http://login-banglalink.edu.bd,30,2,0,0,1,1,1
http://www-bracbank.com.bd,26,2,0,0,1,1,1
http://secure-portal.com.bd,27,2,0,0,0,1,0
http://login-service.edu.bd,27,2,0,0,1,1,1
http://secure-site.com.bd,25,2,0,0,0,1,0
http://www-bank.com.bd,22,2,0,1,0,1,0
http://update-shop.org.bd,25,2,0,0,0,1,0
http://www-login.com.bd,23,2,0,0,1,1,1
http://secure-update.edu.bd,27,2,0,0,1,1,1
http://secure-paypal.org.bd,27,2,0,0,1,1,1
http://secure-portal.org.bd,27,2,0,1,0,1,0
http://online-portal.edu.bd,27,2,0,0,0,1,0
http://secure-site.com.bd,25,2,0,1,0,1,0
http://verify-ebl.edu.bd,24,2,0,0,1,1,1
http://verify-bank.edu.bd,25,2,0,0,0,1,0
http://verify-update.org.bd,27,2,0,0,1,1,1
http://login-portal.com.bd,26,2,0,1,0,1,0
http://secure-service.com.bd,28,2,0,0,1,1,1
http://update-banglalink.edu.bd,31,2,0,0,1,1,1
http://www-secure.org.bd,24,2,0,0,1,1,1
http://update-site.org.bd,25,2,0,1,0,1,0
http://online-bank.org.bd,25,2,0,1,0,1,0
http://online-amazon.edu.bd,27,2,0,0,1,1,1
http://online-update.org.bd,27,2,0,0,1,1,1
http://verify-paypal.com.bd,27,2,0,0,1,1,1
http://login-ebl.org.bd,23,2,0,0,1,1,1
http://login-shop.org.bd,24,2,0,0,0,1,0
http://secure-shop.com.bd,25,2,0,0,0,1,0
http://online-service.edu.bd,28,2,0,0,0,1,0
http://online-portal.com.bd,27,2,0,0,0,1,0
http://www-secure.org.bd,24,2,0,0,1,1,1
http://secure-portal.org.bd,27,2,0,1,0,1,0
http://login-ebl.com.bd,23,2,0,0,1,1,1
http://www-bank.com.bd,22,2,0,0,0,1,0
http://login-bank.edu.bd,24,2,0,1,0,1,0
http://login-bracbank.com.bd,28,2,0,0,1,1,1
http://online-service.com.bd,28,2,0,0,0,1,0
http://www-service.com.bd,25,2,0,0,0,1,0
http://login-bank.org.bd,24,2,0,1,0,1,0
http://www-portal.org.bd,24,2,0,0,0,1,0
http://www-portal.edu.bd,24,2,0,1,0,1,0
http://update-portal.com.bd,27,2,0,1,0,1,0
http://verify-portal.com.bd,27,2,0,1,0,1,0
http://online-ebl.com.bd,24,2,0,0,1,1,1
http://www-shop.edu.bd,22,2,0,1,0,1,0
http://verify-site.com.bd,25,2,0,1,0,1,0
http://login-portal.org.bd,26,2,0,1,0,1,0
http://update-shop.com.bd,25,2,0,1,0,1,0
http://login-service.org.bd,27,2,0,1,0,1,0
http://verify-update.org.bd,27,2,0,0,1,1,1
http://update-bracbank.edu.bd,29,2,0,0,1,1,1
http://verify-portal.com.bd,27,2,0,0,0,1,0
http://secure-update.edu.bd,27,2,0,0,1,1,1
http://secure-service.com.bd,28,2,0,1,0,1,0
http://update-amazon.org.bd,27,2,0,0,1,1,1
http://online-amazon.com.bd,27,2,0,0,1,1,1
http://www-login.com.bd,23,2,0,0,1,1,1
http://secure-portal.edu.bd,27,2,0,0,0,1,0
http://update-bracbank.com.bd,29,2,0,0,1,1,1
http://update-site.edu.bd,25,2,0,0,0,1,0
http://update-ebl.edu.bd,24,2,0,0,1,1,1
http://login-bracbank.org.bd,28,2,0,0,1,1,1
http://secure-secure.org.bd,27,2,0,0,1,1,1
http://verify-service.com.bd,28,2,0,0,0,1,0
http://secure-secure.org.bd,27,2,0,0,1,1,1
http://secure-bank.com.bd,25,2,0,0,1,1,1
http://update-shop.org.bd,25,2,0,0,0,1,0
http://www-service.com.bd,25,2,0,1,0,1,0
http://online-bank.com.bd,25,2,0,0,1,1,1
http://secure-login.com.bd,26,2,0,0,1,1,1
http://login-service.edu.bd,27,2,0,0,0,1,0
http://www-service.org.bd,25,2,0,1,0,1,0
http://www-banglalink.edu.bd,28,2,0,0,1,1,1
http://www-service.com.bd,25,2,0,0,0,1,0
http://update-portal.com.bd,27,2,0,0,0,1,0
http://online-site.com.bd,25,2,0,1,0,1,0
http://update-update.org.bd,27,2,0,0,1,1,1
http://online-service.edu.bd,28,2,0,0,1,1,1
http://verify-bracbank.com.bd,29,2,0,0,1,1,1
http://secure-service.org.bd,28,2,0,0,1,1,1
http://update-bank.com.bd,25,2,0,0,0,1,0
http://verify-login.org.bd,26,2,0,0,1,1,1
http://online-update.com.bd,27,2,0,0,1,1,1
http://login-service.org.bd,27,2,0,0,1,1,1
http://www-portal.edu.bd,24,2,0,0,0,1,0
http://login-shop.edu.bd,24,2,0,0,0,1,0
http://www-site.edu.bd,22,2,0,1,0,1,0
http://secure-update.org.bd,27,2,0,0,1,1,1
http://www-site.com.bd,22,2,0,0,0,1,0
http://www-shop.edu.bd,22,2,0,1,0,1,0
http://secure-service.org.bd,28,2,0,0,1,1,1
http://online-shop.edu.bd,25,2,0,0,0,1,0
http://update-bank.edu.bd,25,2,0,0,1,1,1
http://update-ebl.org.bd,24,2,0,0,1,1,1
http://www-portal.edu.bd,24,2,0,0,0,1,0
http://online-shop.com.bd,25,2,0,1,0,1,0
http://verify-bank.edu.bd,25,2,0,0,0,1,0
http://login-service.org.bd,27,2,0,0,0,1,0
http://online-portal.org.bd,27,2,0,0,0,1,0
http://verify-service.org.bd,28,2,0,1,0,1,0
http://www-secure.org.bd,24,2,0,0,1,1,1
http://verify-banglalink.org.bd,31,2,0,0,1,1,1
http://online-shop.com.bd,25,2,0,0,0,1,0
http://www-portal.edu.bd,24,2,0,0,0,1,0
http://secure-site.org.bd,25,2,0,0,0,1,0
http://online-bracbank.org.bd,29,2,0,0,1,1,1
http://login-site.com.bd,24,2,0,1,0,1,0
http://online-ebl.org.bd,24,2,0,0,1,1,1
http://verify-service.org.bd,28,2,0,1,0,1,0
http://update-portal.org.bd,27,2,0,0,0,1,0
http://www-amazon.org.bd,24,2,0,0,1,1,1
http://online-bank.com.bd,25,2,0,1,0,1,0
http://login-service.org.bd,27,2,0,0,1,1,1
http://online-login.org.bd,26,2,0,0,1,1,1
http://www-site.org.bd,22,2,0,0,0,1,0
http://update-login.org.bd,26,2,0,0,1,1,1
http://verify-site.com.bd,25,2,0,1,0,1,0
http://verify-service.edu.bd,28,2,0,1,0,1,0
http://verify-update.edu.bd,27,2,0,0,1,1,1
http://login-secure.edu.bd,26,2,0,0,1,1,1
http://www-amazon.com.bd,24,2,0,0,1,1,1
http://verify-bank.com.bd,25,2,0,0,1,1,1
http://verify-service.com.bd,28,2,0,1,0,1,0
http://online-portal.edu.bd,27,2,0,1,0,1,0
http://update-portal.org.bd,27,2,0,1,0,1,0
http://update-site.org.bd,25,2,0,1,0,1,0
http://verify-service.com.bd,28,2,0,1,0,1,0
http://verify-portal.edu.bd,27,2,0,1,0,1,0
http://online-bank.com.bd,25,2,0,0,1,1,1
http://online-shop.com.bd,25,2,0,0,0,1,0
http://online-ebl.com.bd,24,2,0,0,1,1,1
http://update-banglalink.com.bd,31,2,0,0,1,1,1
http://secure-portal.org.bd,27,2,0,1,0,1,0
http://www-service.org.bd,25,2,0,1,0,1,0
http://login-update.edu.bd,26,2,0,0,1,1,1
http://secure-paypal.com.bd,27,2,0,0,1,1,1
http://www-bracbank.org.bd,26,2,0,0,1,1,1
http://verify-secure.edu.bd,27,2,0,0,1,1,1
http://login-bank.com.bd,24,2,0,0,0,1,0
http://online-bracbank.edu.bd,29,2,0,0,1,1,1
http://update-portal.com.bd,27,2,0,1,0,1,0
http://update-shop.org.bd,25,2,0,0,0,1,0
http://update-site.edu.bd,25,2,0,0,0,1,0
http://verify-shop.org.bd,25,2,0,1,0,1,0
http://www-portal.com.bd,24,2,0,0,0,1,0
http://update-bank.edu.bd,25,2,0,0,1,1,1
http://verify-update.org.bd,27,2,0,0,1,1,1
http://secure-bank.org.bd,25,2,0,0,0,1,0
http://www-login.edu.bd,23,2,0,0,1,1,1
http://online-bracbank.com.bd,29,2,0,0,1,1,1
http://secure-ebl.edu.bd,24,2,0,0,1,1,1
http://login-login.org.bd,25,2,0,0,1,1,1
http://update-paypal.edu.bd,27,2,0,0,1,1,1
http://login-ebl.com.bd,23,2,0,0,1,1,1
http://www-bank.com.bd,22,2,0,1,0,1,0
http://verify-ebl.com.bd,24,2,0,0,1,1,1
http://update-shop.edu.bd,25,2,0,1,0,1,0
http://www-site.edu.bd,22,2,0,1,0,1,0
http://online-bank.com.bd,25,2,0,0,1,1,1
http://update-service.org.bd,28,2,0,0,1,1,1
http://www-bank.edu.bd,22,2,0,0,1,1,1
http://update-bank.com.bd,25,2,0,0,0,1,0
http://login-site.org.bd,24,2,0,1,0,1,0
http://verify-service.org.bd,28,2,0,0,1,1,1
http://secure-paypal.org.bd,27,2,0,0,1,1,1
http://secure-portal.com.bd,27,2,0,1,0,1,0
http://login-service.edu.bd,27,2,0,0,0,1,0
http://online-bank.org.bd,25,2,0,1,0,1,0
http://update-service.org.bd,28,2,0,0,1,1,1
http://update-site.org.bd,25,2,0,1,0,1,0
http://login-bank.org.bd,24,2,0,1,0,1,0
http://update-service.edu.bd,28,2,0,1,0,1,0
http://login-bank.com.bd,24,2,0,1,0,1,0
http://update-site.edu.bd,25,2,0,1,0,1,0
http://secure-service.org.bd,28,2,0,0,0,1,0
http://secure-site.edu.bd,25,2,0,1,0,1,0
http://online-amazon.com.bd,27,2,0,0,1,1,1
http://secure-site.org.bd,25,2,0,1,0,1,0
http://update-service.edu.bd,28,2,0,0,1,1,1
http://login-portal.org.bd,26,2,0,0,0,1,0
http://login-service.com.bd,27,2,0,0,0,1,0
http://login-amazon.org.bd,26,2,0,0,1,1,1
http://www-bank.org.bd,22,2,0,0,0,1,0
http://online-shop.com.bd,25,2,0,1,0,1,0
http://secure-update.edu.bd,27,2,0,0,1,1,1
http://update-site.com.bd,25,2,0,0,0,1,0
http://secure-service.org.bd,28,2,0,0,0,1,0
http://update-login.com.bd,26,2,0,0,1,1,1
http://login-bank.edu.bd,24,2,0,0,1,1,1
http://www-update.edu.bd,24,2,0,0,1,1,1
http://login-banglalink.com.bd,30,2,0,0,1,1,1
http://www-portal.com.bd,24,2,0,1,0,1,0
http://verify-banglalink.edu.bd,31,2,0,0,1,1,1
http://verify-service.org.bd,28,2,0,0,1,1,1
http://secure-bank.org.bd,25,2,0,0,1,1,1
http://www-shop.com.bd,22,2,0,0,0,1,0
http://login-bracbank.org.bd,28,2,0,0,1,1,1
http://update-service.com.bd,28,2,0,0,0,1,0
http://login-portal.edu.bd,26,2,0,0,0,1,0
http://online-update.edu.bd,27,2,0,0,1,1,1
http://login-shop.com.bd,24,2,0,0,0,1,0
http://update-update.com.bd,27,2,0,0,1,1,1
http://www-login.com.bd,23,2,0,0,1,1,1
http://login-service.com.bd,27,2,0,0,1,1,1
http://update-login.com.bd,26,2,0,0,1,1,1
http://www-secure.com.bd,24,2,0,0,1,1,1
http://verify-site.edu.bd,25,2,0,0,0,1,0
http://www-service.edu.bd,25,2,0,0,1,1,1
http://verify-portal.edu.bd,27,2,0,1,0,1,0
http://login-login.com.bd,25,2,0,0,1,1,1
http://online-service.org.bd,28,2,0,0,0,1,0
http://verify-service.org.bd,28,2,0,1,0,1,0
http://login-portal.org.bd,26,2,0,1,0,1,0
http://online-ebl.edu.bd,24,2,0,0,1,1,1
http://login-site.com.bd,24,2,0,0,0,1,0
http://login-shop.com.bd,24,2,0,0,0,1,0
http://online-service.edu.bd,28,2,0,1,0,1,0
http://www-amazon.edu.bd,24,2,0,0,1,1,1
http://update-site.com.bd,25,2,0,1,0,1,0
http://online-bracbank.org.bd,29,2,0,0,1,1,1
http://login-service.edu.bd,27,2,0,0,1,1,1
http://secure-site.edu.bd,25,2,0,0,0,1,0
http://update-bank.edu.bd,25,2,0,0,0,1,0
http://www-banglalink.com.bd,28,2,0,0,1,1,1
http://verify-bank.edu.bd,25,2,0,0,0,1,0
http://secure-login.com.bd,26,2,0,0,1,1,1
http://secure-login.org.bd,26,2,0,0,1,1,1
http://verify-update.edu.bd,27,2,0,0,1,1,1
http://update-update.edu.bd,27,2,0,0,1,1,1
http://login-service.edu.bd,27,2,0,0,1,1,1
http://secure-service.edu.bd,28,2,0,0,1,1,1
http://online-portal.com.bd,27,2,0,0,0,1,0
http://online-bank.edu.bd,25,2,0,1,0,1,0
http://www-bank.org.bd,22,2,0,0,0,1,0
http://secure-portal.com.bd,27,2,0,0,0,1,0
http://secure-portal.org.bd,27,2,0,0,0,1,0
http://login-secure.com.bd,26,2,0,0,1,1,1
http://secure-portal.org.bd,27,2,0,1,0,1,0
http://www-banglalink.com.bd,28,2,0,0,1,1,1
http://online-bank.edu.bd,25,2,0,0,1,1,1
http://www-portal.com.bd,24,2,0,1,0,1,0
http://secure-login.org.bd,26,2,0,0,1,1,1
http://secure-bank.org.bd,25,2,0,0,1,1,1
http://verify-service.com.bd,28,2,0,0,1,1,1
http://www-banglalink.com.bd,28,2,0,0,1,1,1
http://online-site.org.bd,25,2,0,1,0,1,0
http://update-login.com.bd,26,2,0,0,1,1,1
http://update-portal.org.bd,27,2,0,0,0,1,0
http://update-shop.edu.bd,25,2,0,1,0,1,0
http://online-secure.edu.bd,27,2,0,0,1,1,1
http://secure-secure.org.bd,27,2,0,0,1,1,1
http://update-shop.edu.bd,25,2,0,1,0,1,0
http://online-login.com.bd,26,2,0,0,1,1,1
http://secure-login.edu.bd,26,2,0,0,1,1,1
http://update-service.org.bd,28,2,0,1,0,1,0
http://secure-paypal.com.bd,27,2,0,0,1,1,1
http://online-site.org.bd,25,2,0,1,0,1,0
http://verify-service.org.bd,28,2,0,0,1,1,1
http://verify-ebl.com.bd,24,2,0,0,1,1,1
http://secure-amazon.org.bd,27,2,0,0,1,1,1
http://update-login.org.bd,26,2,0,0,1,1,1
http://online-login.org.bd,26,2,0,0,1,1,1
http://login-shop.org.bd,24,2,0,0,0,1,0
http://secure-secure.org.bd,27,2,0,0,1,1,1
http://verify-service.edu.bd,28,2,0,0,1,1,1
http://online-paypal.org.bd,27,2,0,0,1,1,1
http://online-login.org.bd,26,2,0,0,1,1,1
http://online-update.com.bd,27,2,0,0,1,1,1
http://login-login.org.bd,25,2,0,0,1,1,1
http://login-paypal.org.bd,26,2,0,0,1,1,1
http://login-banglalink.org.bd,30,2,0,0,1,1,1
http://verify-secure.org.bd,27,2,0,0,1,1,1
http://update-update.org.bd,27,2,0,0,1,1,1
http://verify-shop.org.bd,25,2,0,0,0,1,0
http://online-banglalink.edu.bd,31,2,0,0,1,1,1
http://update-amazon.org.bd,27,2,0,0,1,1,1
http://secure-bank.com.bd,25,2,0,0,0,1,0
http://secure-portal.edu.bd,27,2,0,0,0,1,0
http://www-paypal.edu.bd,24,2,0,0,1,1,1
http://online-ebl.edu.bd,24,2,0,0,1,1,1
http://online-service.org.bd,28,2,0,0,1,1,1
http://secure-bank.com.bd,25,2,0,1,0,1,0
http://secure-site.com.bd,25,2,0,0,0,1,0
http://login-bracbank.edu.bd,28,2,0,0,1,1,1
http://verify-update.org.bd,27,2,0,0,1,1,1
http://login-shop.com.bd,24,2,0,0,0,1,0
http://online-bank.org.bd,25,2,0,1,0,1,0
http://secure-service.edu.bd,28,2,0,1,0,1,0
http://secure-shop.com.bd,25,2,0,1,0,1,0
http://secure-ebl.com.bd,24,2,0,0,1,1,1
http://verify-bank.com.bd,25,2,0,0,1,1,1
http://secure-login.org.bd,26,2,0,0,1,1,1
http://update-shop.org.bd,25,2,0,1,0,1,0
http://www-site.com.bd,22,2,0,1,0,1,0
http://login-portal.org.bd,26,2,0,0,0,1,0
http://verify-amazon.com.bd,27,2,0,0,1,1,1
http://update-amazon.com.bd,27,2,0,0,1,1,1
http://online-service.edu.bd,28,2,0,1,0,1,0
http://online-secure.org.bd,27,2,0,0,1,1,1
http://www-bracbank.com.bd,26,2,0,0,1,1,1
http://online-site.com.bd,25,2,0,0,0,1,0
http://login-shop.org.bd,24,2,0,0,0,1,0
http://secure-shop.edu.bd,25,2,0,0,0,1,0
http://secure-site.org.bd,25,2,0,0,0,1,0
http://www-service.edu.bd,25,2,0,0,1,1,1
http://verify-bank.org.bd,25,2,0,0,1,1,1
http://secure-bracbank.com.bd,29,2,0,0,1,1,1
http://login-site.com.bd,24,2,0,0,0,1,0
http://www-login.com.bd,23,2,0,0,1,1,1
http://login-service.com.bd,27,2,0,0,1,1,1
http://verify-service.org.bd,28,2,0,1,0,1,0
http://www-secure.org.bd,24,2,0,0,1,1,1
http://verify-secure.edu.bd,27,2,0,0,1,1,1
http://www-bracbank.org.bd,26,2,0,0,1,1,1
http://secure-service.com.bd,28,2,0,1,0,1,0
http://login-service.com.bd,27,2,0,0,0,1,0
http://login-secure.edu.bd,26,2,0,0,1,1,1
http://verify-portal.com.bd,27,2,0,1,0,1,0
http://update-site.com.bd,25,2,0,0,0,1,0
http://verify-shop.com.bd,25,2,0,1,0,1,0
http://www-site.org.bd,22,2,0,0,0,1,0
http://update-portal.com.bd,27,2,0,1,0,1,0
http://secure-update.edu.bd,27,2,0,0,1,1,1
http://update-bank.org.bd,25,2,0,0,1,1,1
http://www-site.edu.bd,22,2,0,0,0,1,0
http://secure-update.edu.bd,27,2,0,0,1,1,1
http://verify-amazon.com.bd,27,2,0,0,1,1,1
http://login-bank.edu.bd,24,2,0,0,1,1,1
http://secure-service.edu.bd,28,2,0,1,0,1,0
http://secure-paypal.edu.bd,27,2,0,0,1,1,1
http://update-amazon.org.bd,27,2,0,0,1,1,1
http://online-update.edu.bd,27,2,0,0,1,1,1
http://www-amazon.edu.bd,24,2,0,0,1,1,1
http://update-bank.edu.bd,25,2,0,0,1,1,1
http://verify-login.com.bd,26,2,0,0,1,1,1
http://verify-secure.edu.bd,27,2,0,0,1,1,1
http://login-banglalink.org.bd,30,2,0,0,1,1,1
http://www-bank.edu.bd,22,2,0,1,0,1,0
http://update-portal.org.bd,27,2,0,1,0,1,0
http://www-ebl.com.bd,21,2,0,0,1,1,1
http://online-secure.com.bd,27,2,0,0,1,1,1
http://www-bracbank.edu.bd,26,2,0,0,1,1,1
http://secure-portal.edu.bd,27,2,0,0,0,1,0
http://verify-shop.edu.bd,25,2,0,0,0,1,0
http://login-bank.org.bd,24,2,0,1,0,1,0
http://www-site.edu.bd,22,2,0,1,0,1,0
http://verify-service.com.bd,28,2,0,0,0,1,0
http://www-service.com.bd,25,2,0,1,0,1,0
http://verify-update.org.bd,27,2,0,0,1,1,1
http://www-service.com.bd,25,2,0,0,0,1,0
http://secure-service.com.bd,28,2,0,1,0,1,0
http://login-login.org.bd,25,2,0,0,1,1,1
http://login-bank.org.bd,24,2,0,0,0,1,0
http://update-update.edu.bd,27,2,0,0,1,1,1
http://online-amazon.org.bd,27,2,0,0,1,1,1
http://www-bank.com.bd,22,2,0,0,0,1,0
http://online-site.com.bd,25,2,0,0,0,1,0
http://verify-bank.edu.bd,25,2,0,1,0,1,0
http://online-service.org.bd,28,2,0,0,0,1,0
http://online-amazon.edu.bd,27,2,0,0,1,1,1
http://verify-portal.org.bd,27,2,0,1,0,1,0
http://update-bracbank.com.bd,29,2,0,0,1,1,1
http://update-bank.edu.bd,25,2,0,1,0,1,0
http://update-update.org.bd,27,2,0,0,1,1,1
http://update-shop.org.bd,25,2,0,1,0,1,0
http://verify-secure.org.bd,27,2,0,0,1,1,1
http://www-update.com.bd,24,2,0,0,1,1,1
http://online-portal.com.bd,27,2,0,0,0,1,0
http://update-secure.org.bd,27,2,0,0,1,1,1
http://online-service.org.bd,28,2,0,1,0,1,0
http://login-site.com.bd,24,2,0,0,0,1,0
http://update-service.org.bd,28,2,0,0,0,1,0
http://update-shop.org.bd,25,2,0,0,0,1,0
http://secure-bracbank.com.bd,29,2,0,0,1,1,1
http://secure-secure.org.bd,27,2,0,0,1,1,1
http://online-bracbank.org.bd,29,2,0,0,1,1,1
http://login-amazon.com.bd,26,2,0,0,1,1,1
http://verify-paypal.edu.bd,27,2,0,0,1,1,1
http://verify-bank.org.bd,25,2,0,1,0,1,0
http://secure-paypal.edu.bd,27,2,0,0,1,1,1
http://www-banglalink.com.bd,28,2,0,0,1,1,1
http://online-bank.org.bd,25,2,0,0,1,1,1
http://verify-login.edu.bd,26,2,0,0,1,1,1
http://login-secure.com.bd,26,2,0,0,1,1,1
http://secure-portal.org.bd,27,2,0,0,0,1,0
http://update-shop.com.bd,25,2,0,0,0,1,0
http://www-amazon.org.bd,24,2,0,0,1,1,1
http://www-bracbank.com.bd,26,2,0,0,1,1,1
http://verify-bank.org.bd,25,2,0,0,0,1,0
http://login-bracbank.edu.bd,28,2,0,0,1,1,1
http://secure-shop.org.bd,25,2,0,1,0,1,0
http://online-portal.com.bd,27,2,0,1,0,1,0
http://verify-site.org.bd,25,2,0,1,0,1,0
http://secure-portal.com.bd,27,2,0,0,0,1,0
http://verify-secure.com.bd,27,2,0,0,1,1,1
http://update-banglalink.com.bd,31,2,0,0,1,1,1
http://secure-portal.edu.bd,27,2,0,1,0,1,0
http://online-service.com.bd,28,2,0,1,0,1,0
http://secure-bracbank.org.bd,29,2,0,0,1,1,1
http://www-secure.edu.bd,24,2,0,0,1,1,1
http://update-bank.org.bd,25,2,0,0,1,1,1
http://login-secure.org.bd,26,2,0,0,1,1,1
http://login-service.edu.bd,27,2,0,0,1,1,1
http://online-secure.com.bd,27,2,0,0,1,1,1
http://secure-portal.com.bd,27,2,0,0,0,1,0
http://www-site.org.bd,22,2,0,0,0,1,0
http://verify-shop.edu.bd,25,2,0,0,0,1,0
http://secure-paypal.com.bd,27,2,0,0,1,1,1
http://login-service.com.bd,27,2,0,0,0,1,0
http://online-secure.edu.bd,27,2,0,0,1,1,1
http://online-shop.com.bd,25,2,0,1,0,1,0
http://verify-banglalink.com.bd,31,2,0,0,1,1,1
http://update-site.org.bd,25,2,0,1,0,1,0
http://secure-service.edu.bd,28,2,0,1,0,1,0
http://secure-amazon.org.bd,27,2,0,0,1,1,1
http://www-service.org.bd,25,2,0,0,0,1,0
http://www-ebl.org.bd,21,2,0,0,1,1,1
http://verify-shop.com.bd,25,2,0,1,0,1,0
http://update-bank.edu.bd,25,2,0,1,0,1,0
http://secure-service.com.bd,28,2,0,0,1,1,1
http://update-service.org.bd,28,2,0,0,1,1,1
http://online-site.org.bd,25,2,0,0,0,1,0
http://www-update.org.bd,24,2,0,0,1,1,1
http://verify-ebl.com.bd,24,2,0,0,1,1,1
http://verify-service.com.bd,28,2,0,1,0,1,0
http://update-portal.org.bd,27,2,0,1,0,1,0
http://online-ebl.edu.bd,24,2,0,0,1,1,1
http://www-banglalink.org.bd,28,2,0,0,1,1,1
http://login-paypal.org.bd,26,2,0,0,1,1,1
http://secure-paypal.com.bd,27,2,0,0,1,1,1
http://online-banglalink.com.bd,31,2,0,0,1,1,1
http://secure-service.org.bd,28,2,0,0,0,1,0
http://verify-ebl.org.bd,24,2,0,0,1,1,1
http://www-service.edu.bd,25,2,0,0,0,1,0
http://secure-site.edu.bd,25,2,0,1,0,1,0
http://secure-bank.edu.bd,25,2,0,0,1,1,1
http://secure-paypal.edu.bd,27,2,0,0,1,1,1
http://www-service.com.bd,25,2,0,1,0,1,0
http://secure-ebl.com.bd,24,2,0,0,1,1,1
http://online-service.com.bd,28,2,0,1,0,1,0
http://update-ebl.edu.bd,24,2,0,0,1,1,1
http://verify-ebl.org.bd,24,2,0,0,1,1,1
http://www-login.edu.bd,23,2,0,0,1,1,1
http://verify-service.org.bd,28,2,0,1,0,1,0
http://secure-site.com.bd,25,2,0,0,0,1,0
http://verify-amazon.com.bd,27,2,0,0,1,1,1
http://online-bank.org.bd,25,2,0,0,0,1,0
http://login-bank.edu.bd,24,2,0,0,1,1,1
http://www-bank.com.bd,22,2,0,1,0,1,0
http://login-paypal.org.bd,26,2,0,0,1,1,1
http://verify-portal.org.bd,27,2,0,1,0,1,0
http://online-portal.com.bd,27,2,0,0,0,1,0
http://secure-paypal.edu.bd,27,2,0,0,1,1,1
http://login-secure.edu.bd,26,2,0,0,1,1,1
http://update-site.org.bd,25,2,0,0,0,1,0
http://www-bracbank.org.bd,26,2,0,0,1,1,1
http://secure-bank.com.bd,25,2,0,0,0,1,0
http://secure-amazon.com.bd,27,2,0,0,1,1,1
http://secure-portal.edu.bd,27,2,0,0,0,1,0
http://verify-site.com.bd,25,2,0,0,0,1,0
http://online-bank.edu.bd,25,2,0,0,1,1,1
http://update-service.org.bd,28,2,0,1,0,1,0
http://secure-shop.com.bd,25,2,0,0,0,1,0
http://verify-bank.com.bd,25,2,0,0,0,1,0
http://verify-banglalink.edu.bd,31,2,0,0,1,1,1
http://www-login.com.bd,23,2,0,0,1,1,1
http://login-update.edu.bd,26,2,0,0,1,1,1
http://www-amazon.edu.bd,24,2,0,0,1,1,1
http://secure-bank.org.bd,25,2,0,0,0,1,0
http://online-update.edu.bd,27,2,0,0,1,1,1
http://secure-bank.edu.bd,25,2,0,1,0,1,0
http://www-portal.org.bd,24,2,0,1,0,1,0
http://verify-bank.edu.bd,25,2,0,1,0,1,0
http://login-site.com.bd,24,2,0,1,0,1,0
http://update-site.org.bd,25,2,0,0,0,1,0
http://www-portal.edu.bd,24,2,0,1,0,1,0
http://login-site.org.bd,24,2,0,0,0,1,0
http://update-update.org.bd,27,2,0,0,1,1,1
http://online-bank.edu.bd,25,2,0,0,1,1,1
http://login-update.edu.bd,26,2,0,0,1,1,1
http://update-banglalink.org.bd,31,2,0,0,1,1,1
http://online-portal.org.bd,27,2,0,0,0,1,0
http://update-bank.org.bd,25,2,0,1,0,1,0
http://online-amazon.com.bd,27,2,0,0,1,1,1
http://verify-bracbank.edu.bd,29,2,0,0,1,1,1
http://www-service.edu.bd,25,2,0,0,1,1,1
http://www-ebl.edu.bd,21,2,0,0,1,1,1
http://verify-service.org.bd,28,2,0,0,0,1,0
http://update-secure.com.bd,27,2,0,0,1,1,1
http://verify-portal.edu.bd,27,2,0,1,0,1,0
http://login-bracbank.org.bd,28,2,0,0,1,1,1
http://login-service.edu.bd,27,2,0,0,0,1,0
http://verify-shop.org.bd,25,2,0,1,0,1,0
http://www-bracbank.edu.bd,26,2,0,0,1,1,1
http://secure-shop.edu.bd,25,2,0,0,0,1,0
http://online-paypal.com.bd,27,2,0,0,1,1,1
http://online-secure.org.bd,27,2,0,0,1,1,1
http://update-service.org.bd,28,2,0,0,0,1,0
http://login-shop.org.bd,24,2,0,1,0,1,0
http://verify-secure.org.bd,27,2,0,0,1,1,1
http://update-shop.com.bd,25,2,0,1,0,1,0
http://online-login.com.bd,26,2,0,0,1,1,1
http://login-service.edu.bd,27,2,0,0,1,1,1
http://secure-shop.com.bd,25,2,0,0,0,1,0
http://update-service.edu.bd,28,2,0,1,0,1,0
http://login-bank.org.bd,24,2,0,1,0,1,0
http://verify-shop.edu.bd,25,2,0,0,0,1,0
http://www-update.com.bd,24,2,0,0,1,1,1
http://login-site.edu.bd,24,2,0,1,0,1,0
http://update-amazon.org.bd,27,2,0,0,1,1,1
http://secure-secure.com.bd,27,2,0,0,1,1,1
http://www-service.org.bd,25,2,0,1,0,1,0
http://secure-service.com.bd,28,2,0,1,0,1,0
http://online-login.edu.bd,26,2,0,0,1,1,1
http://verify-shop.com.bd,25,2,0,0,0,1,0
http://www-shop.com.bd,22,2,0,1,0,1,0
http://login-shop.com.bd,24,2,0,1,0,1,0
http://www-shop.edu.bd,22,2,0,0,0,1,0
http://update-banglalink.org.bd,31,2,0,0,1,1,1
http://login-service.org.bd,27,2,0,0,0,1,0
http://www-ebl.org.bd,21,2,0,0,1,1,1
http://www-site.com.bd,22,2,0,0,0,1,0
http://update-site.edu.bd,25,2,0,0,0,1,0
http://www-shop.edu.bd,22,2,0,0,0,1,0
http://secure-shop.edu.bd,25,2,0,0,0,1,0
http://update-service.org.bd,28,2,0,0,1,1,1
http://update-site.com.bd,25,2,0,1,0,1,0
http://update-portal.org.bd,27,2,0,0,0,1,0
http://online-site.edu.bd,25,2,0,1,0,1,0
http://online-portal.edu.bd,27,2,0,1,0,1,0
http://secure-service.edu.bd,28,2,0,0,0,1,0
http://www-site.edu.bd,22,2,0,0,0,1,0
http://update-service.org.bd,28,2,0,0,1,1,1
http://login-amazon.org.bd,26,2,0,0,1,1,1
http://secure-shop.com.bd,25,2,0,1,0,1,0
http://update-login.com.bd,26,2,0,0,1,1,1
http://secure-bank.com.bd,25,2,0,0,1,1,1
http://www-paypal.edu.bd,24,2,0,0,1,1,1
http://login-shop.edu.bd,24,2,0,0,0,1,0
http://online-bank.com.bd,25,2,0,1,0,1,0
http://secure-service.org.bd,28,2,0,1,0,1,0
http://update-update.org.bd,27,2,0,0,1,1,1
http://update-bracbank.com.bd,29,2,0,0,1,1,1
http://update-paypal.org.bd,27,2,0,0,1,1,1
http://login-service.org.bd,27,2,0,0,0,1,0
http://update-ebl.org.bd,24,2,0,0,1,1,1
http://update-bank.edu.bd,25,2,0,0,1,1,1
http://www-portal.org.bd,24,2,0,0,0,1,0
http://update-update.com.bd,27,2,0,0,1,1,1
http://update-secure.edu.bd,27,2,0,0,1,1,1
http://secure-shop.org.bd,25,2,0,1,0,1,0
http://secure-update.com.bd,27,2,0,0,1,1,1
http://login-update.edu.bd,26,2,0,0,1,1,1
http://verify-service.org.bd,28,2,0,0,1,1,1
http://www-bank.org.bd,22,2,0,0,1,1,1
http://online-portal.org.bd,27,2,0,1,0,1,0
http://secure-site.org.bd,25,2,0,0,0,1,0
http://verify-bracbank.org.bd,29,2,0,0,1,1,1
http://secure-secure.com.bd,27,2,0,0,1,1,1
http://secure-login.org.bd,26,2,0,0,1,1,1
http://online-bank.edu.bd,25,2,0,1,0,1,0
http://secure-banglalink.com.bd,31,2,0,0,1,1,1
http://login-portal.com.bd,26,2,0,1,0,1,0
http://update-service.org.bd,28,2,0,0,0,1,0
http://login-update.edu.bd,26,2,0,0,1,1,1
http://verify-login.edu.bd,26,2,0,0,1,1,1
http://login-site.com.bd,24,2,0,1,0,1,0
http://update-update.org.bd,27,2,0,0,1,1,1
http://update-amazon.com.bd,27,2,0,0,1,1,1
http://login-portal.edu.bd,26,2,0,0,0,1,0
http://www-site.com.bd,22,2,0,1,0,1,0
http://online-portal.edu.bd,27,2,0,1,0,1,0
http://login-service.edu.bd,27,2,0,0,0,1,0
http://secure-bank.org.bd,25,2,0,0,1,1,1
http://login-ebl.org.bd,23,2,0,0,1,1,1
http://www-service.edu.bd,25,2,0,1,0,1,0
http://www-paypal.org.bd,24,2,0,0,1,1,1
http://update-secure.edu.bd,27,2,0,0,1,1,1
http://online-bank.edu.bd,25,2,0,0,1,1,1
http://secure-site.com.bd,25,2,0,0,0,1,0
http://update-shop.org.bd,25,2,0,1,0,1,0
http://online-service.org.bd,28,2,0,1,0,1,0
http://update-bank.edu.bd,25,2,0,0,0,1,0
http://verify-bank.org.bd,25,2,0,1,0,1,0
http://secure-secure.edu.bd,27,2,0,0,1,1,1
http://online-bank.org.bd,25,2,0,0,0,1,0
http://www-amazon.edu.bd,24,2,0,0,1,1,1
http://update-ebl.org.bd,24,2,0,0,1,1,1
http://login-bracbank.org.bd,28,2,0,0,1,1,1
http://login-bracbank.edu.bd,28,2,0,0,1,1,1
http://www-shop.edu.bd,22,2,0,0,0,1,0
http://login-amazon.org.bd,26,2,0,0,1,1,1
http://verify-bank.org.bd,25,2,0,0,0,1,0
http://online-banglalink.edu.bd,31,2,0,0,1,1,1
http://verify-banglalink.org.bd,31,2,0,0,1,1,1
http://online-site.org.bd,25,2,0,1,0,1,0
http://secure-site.edu.bd,25,2,0,1,0,1,0
http://update-shop.edu.bd,25,2,0,0,0,1,0
http://update-bank.edu.bd,25,2,0,0,0,1,0
http://online-secure.org.bd,27,2,0,0,1,1,1
http://www-site.edu.bd,22,2,0,1,0,1,0
http://verify-bank.com.bd,25,2,0,0,0,1,0
http://secure-service.edu.bd,28,2,0,0,1,1,1
http://update-bracbank.org.bd,29,2,0,0,1,1,1
http://secure-secure.org.bd,27,2,0,0,1,1,1
http://secure-service.org.bd,28,2,0,0,0,1,0
http://update-portal.com.bd,27,2,0,1,0,1,0
http://verify-bank.com.bd,25,2,0,1,0,1,0
http://online-bank.com.bd,25,2,0,1,0,1,0
http://verify-service.com.bd,28,2,0,1,0,1,0
http://verify-paypal.edu.bd,27,2,0,0,1,1,1
http://online-amazon.org.bd,27,2,0,0,1,1,1
http://verify-shop.org.bd,25,2,0,1,0,1,0
http://secure-bank.org.bd,25,2,0,0,0,1,0
http://login-shop.edu.bd,24,2,0,1,0,1,0
http://secure-secure.com.bd,27,2,0,0,1,1,1
http://verify-portal.org.bd,27,2,0,1,0,1,0
http://verify-bank.com.bd,25,2,0,0,1,1,1
http://verify-amazon.com.bd,27,2,0,0,1,1,1
http://update-bank.com.bd,25,2,0,0,0,1,0
http://online-paypal.com.bd,27,2,0,0,1,1,1
http://verify-bank.org.bd,25,2,0,0,0,1,0
http://www-shop.edu.bd,22,2,0,0,0,1,0
http://secure-banglalink.edu.bd,31,2,0,0,1,1,1
http://login-service.org.bd,27,2,0,0,0,1,0
http://www-bank.org.bd,22,2,0,1,0,1,0
http://secure-service.com.bd,28,2,0,0,0,1,0
http://login-site.com.bd,24,2,0,0,0,1,0
http://verify-shop.edu.bd,25,2,0,0,0,1,0
http://update-site.com.bd,25,2,0,1,0,1,0
http://update-ebl.com.bd,24,2,0,0,1,1,1
http://verify-paypal.edu.bd,27,2,0,0,1,1,1
http://secure-login.org.bd,26,2,0,0,1,1,1
http://online-banglalink.com.bd,31,2,0,0,1,1,1
http://update-service.edu.bd,28,2,0,0,0,1,0
http://secure-service.edu.bd,28,2,0,0,0,1,0
http://secure-service.org.bd,28,2,0,0,1,1,1
http://verify-bank.com.bd,25,2,0,1,0,1,0
http://login-login.com.bd,25,2,0,0,1,1,1
http://login-shop.org.bd,24,2,0,1,0,1,0
http://login-secure.edu.bd,26,2,0,0,1,1,1
http://login-login.edu.bd,25,2,0,0,1,1,1
http://online-ebl.org.bd,24,2,0,0,1,1,1
http://online-ebl.edu.bd,24,2,0,0,1,1,1
http://update-paypal.com.bd,27,2,0,0,1,1,1
http://online-login.edu.bd,26,2,0,0,1,1,1
http://online-secure.com.bd,27,2,0,0,1,1,1
http://online-bracbank.org.bd,29,2,0,0,1,1,1
http://secure-bracbank.org.bd,29,2,0,0,1,1,1
http://secure-service.com.bd,28,2,0,0,0,1,0
http://verify-bank.com.bd,25,2,0,0,1,1,1
http://update-update.org.bd,27,2,0,0,1,1,1
http://login-update.org.bd,26,2,0,0,1,1,1
http://update-shop.com.bd,25,2,0,1,0,1,0
http://secure-update.org.bd,27,2,0,0,1,1,1
http://login-banglalink.com.bd,30,2,0,0,1,1,1
http://online-bracbank.edu.bd,29,2,0,0,1,1,1
http://login-service.edu.bd,27,2,0,0,0,1,0
http://www-bank.com.bd,22,2,0,0,1,1,1
http://verify-secure.org.bd,27,2,0,0,1,1,1
http://update-bank.org.bd,25,2,0,0,1,1,1
http://update-portal.org.bd,27,2,0,1,0,1,0
http://login-service.com.bd,27,2,0,0,1,1,1
http://www-ebl.org.bd,21,2,0,0,1,1,1
http://verify-bank.org.bd,25,2,0,1,0,1,0
http://verify-site.com.bd,25,2,0,1,0,1,0
http://verify-banglalink.edu.bd,31,2,0,0,1,1,1
http://verify-portal.org.bd,27,2,0,1,0,1,0
http://login-paypal.org.bd,26,2,0,0,1,1,1
http://login-bank.com.bd,24,2,0,0,0,1,0
http://online-shop.edu.bd,25,2,0,0,0,1,0
http://verify-shop.com.bd,25,2,0,1,0,1,0
http://update-banglalink.org.bd,31,2,0,0,1,1,1
http://secure-update.org.bd,27,2,0,0,1,1,1
http://secure-bank.com.bd,25,2,0,0,1,1,1
http://login-update.com.bd,26,2,0,0,1,1,1
http://www-service.com.bd,25,2,0,0,1,1,1
http://verify-service.com.bd,28,2,0,0,1,1,1
http://update-shop.org.bd,25,2,0,0,0,1,0
http://secure-bank.edu.bd,25,2,0,1,0,1,0
http://www-bank.org.bd,22,2,0,0,0,1,0
http://login-shop.com.bd,24,2,0,1,0,1,0
http://login-paypal.org.bd,26,2,0,0,1,1,1
http://verify-bank.com.bd,25,2,0,0,0,1,0
http://login-banglalink.edu.bd,30,2,0,0,1,1,1
http://www-service.edu.bd,25,2,0,1,0,1,0
http://verify-service.org.bd,28,2,0,0,1,1,1
http://www-site.com.bd,22,2,0,0,0,1,0
http://login-portal.com.bd,26,2,0,0,0,1,0
http://update-bank.org.bd,25,2,0,0,0,1,0
http://online-service.org.bd,28,2,0,0,1,1,1
http://secure-shop.com.bd,25,2,0,1,0,1,0
http://verify-portal.com.bd,27,2,0,1,0,1,0
http://verify-service.com.bd,28,2,0,1,0,1,0
http://verify-bracbank.org.bd,29,2,0,0,1,1,1
http://secure-service.edu.bd,28,2,0,1,0,1,0
http://update-site.edu.bd,25,2,0,1,0,1,0
http://secure-portal.org.bd,27,2,0,0,0,1,0
http://login-portal.edu.bd,26,2,0,1,0,1,0
http://verify-portal.org.bd,27,2,0,1,0,1,0
http://update-secure.edu.bd,27,2,0,0,1,1,1
http://online-shop.com.bd,25,2,0,1,0,1,0
http://login-portal.edu.bd,26,2,0,0,0,1,0
http://online-ebl.org.bd,24,2,0,0,1,1,1
http://verify-site.org.bd,25,2,0,0,0,1,0
http://login-amazon.edu.bd,26,2,0,0,1,1,1
http://login-amazon.com.bd,26,2,0,0,1,1,1
http://online-portal.com.bd,27,2,0,0,0,1,0
http://online-shop.edu.bd,25,2,0,0,0,1,0
http://www-shop.edu.bd,22,2,0,0,0,1,0
http://www-site.org.bd,22,2,0,0,0,1,0
http://update-bracbank.com.bd,29,2,0,0,1,1,1
http://login-bank.edu.bd,24,2,0,1,0,1,0
http://secure-shop.org.bd,25,2,0,1,0,1,0
http://update-service.com.bd,28,2,0,0,0,1,0
http://online-site.edu.bd,25,2,0,0,0,1,0
http://verify-update.edu.bd,27,2,0,0,1,1,1
http://secure-portal.edu.bd,27,2,0,0,0,1,0
http://login-service.com.bd,27,2,0,1,0,1,0
http://www-update.edu.bd,24,2,0,0,1,1,1
http://www-paypal.org.bd,24,2,0,0,1,1,1
http://www-bank.edu.bd,22,2,0,1,0,1,0
http://online-service.edu.bd,28,2,0,1,0,1,0
http://login-service.edu.bd,27,2,0,1,0,1,0
http://www-banglalink.edu.bd,28,2,0,0,1,1,1
http://verify-paypal.org.bd,27,2,0,0,1,1,1
http://secure-shop.com.bd,25,2,0,0,0,1,0
http://online-shop.com.bd,25,2,0,0,0,1,0
http://online-service.org.bd,28,2,0,0,1,1,1
http://secure-shop.com.bd,25,2,0,1,0,1,0
http://www-site.org.bd,22,2,0,0,0,1,0
http://www-login.org.bd,23,2,0,0,1,1,1
http://login-portal.edu.bd,26,2,0,0,0,1,0
http://online-secure.edu.bd,27,2,0,0,1,1,1
http://www-bracbank.edu.bd,26,2,0,0,1,1,1
http://verify-portal.org.bd,27,2,0,1,0,1,0
http://login-banglalink.edu.bd,30,2,0,0,1,1,1
http://www-bank.org.bd,22,2,0,0,1,1,1
http://login-shop.com.bd,24,2,0,0,0,1,0
http://update-site.com.bd,25,2,0,0,0,1,0
http://verify-amazon.com.bd,27,2,0,0,1,1,1
http://secure-site.edu.bd,25,2,0,0,0,1,0
http://verify-secure.edu.bd,27,2,0,0,1,1,1
http://login-paypal.com.bd,26,2,0,0,1,1,1
http://online-ebl.com.bd,24,2,0,0,1,1,1
http://verify-bank.edu.bd,25,2,0,0,0,1,0
http://www-secure.com.bd,24,2,0,0,1,1,1
http://update-bank.com.bd,25,2,0,0,0,1,0
http://secure-bank.com.bd,25,2,0,0,1,1,1
http://login-ebl.edu.bd,23,2,0,0,1,1,1
http://www-service.edu.bd,25,2,0,0,1,1,1
http://online-bank.com.bd,25,2,0,0,1,1,1
http://online-service.org.bd,28,2,0,0,1,1,1
http://update-login.edu.bd,26,2,0,0,1,1,1
http://online-bracbank.edu.bd,29,2,0,0,1,1,1
http://www-shop.edu.bd,22,2,0,1,0,1,0
http://online-bank.com.bd,25,2,0,0,1,1,1
http://verify-service.com.bd,28,2,0,1,0,1,0
http://login-login.com.bd,25,2,0,0,1,1,1
http://verify-bracbank.edu.bd,29,2,0,0,1,1,1
http://www-login.org.bd,23,2,0,0,1,1,1
http://verify-portal.com.bd,27,2,0,0,0,1,0
http://www-amazon.org.bd,24,2,0,0,1,1,1
http://login-bank.org.bd,24,2,0,1,0,1,0
http://secure-shop.edu.bd,25,2,0,1,0,1,0
http://verify-login.org.bd,26,2,0,0,1,1,1
http://online-shop.edu.bd,25,2,0,1,0,1,0
http://www-amazon.edu.bd,24,2,0,0,1,1,1
http://update-site.com.bd,25,2,0,1,0,1,0
http://secure-shop.edu.bd,25,2,0,0,0,1,0
http://verify-shop.edu.bd,25,2,0,0,0,1,0
http://secure-bank.org.bd,25,2,0,0,0,1,0
http://login-secure.org.bd,26,2,0,0,1,1,1
http://www-portal.com.bd,24,2,0,1,0,1,0
http://secure-shop.org.bd,25,2,0,1,0,1,0
http://login-bracbank.org.bd,28,2,0,0,1,1,1
http://update-service.edu.bd,28,2,0,1,0,1,0
http://secure-site.com.bd,25,2,0,1,0,1,0
http://secure-service.com.bd,28,2,0,1,0,1,0
http://update-bank.org.bd,25,2,0,1,0,1,0
http://verify-service.edu.bd,28,2,0,1,0,1,0
http://www-amazon.org.bd,24,2,0,0,1,1,1
http://www-shop.edu.bd,22,2,0,1,0,1,0
http://verify-paypal.org.bd,27,2,0,0,1,1,1
http://login-bank.edu.bd,24,2,0,1,0,1,0
http://online-secure.org.bd,27,2,0,0,1,1,1
http://online-service.edu.bd,28,2,0,1,0,1,0
http://update-login.org.bd,26,2,0,0,1,1,1
http://online-service.com.bd,28,2,0,0,0,1,0
http://update-portal.edu.bd,27,2,0,0,0,1,0
http://online-portal.org.bd,27,2,0,0,0,1,0
http://verify-service.com.bd,28,2,0,1,0,1,0
http://online-banglalink.org.bd,31,2,0,0,1,1,1
http://update-bank.edu.bd,25,2,0,0,1,1,1
http://update-service.org.bd,28,2,0,0,0,1,0
http://secure-paypal.com.bd,27,2,0,0,1,1,1
http://www-portal.org.bd,24,2,0,1,0,1,0
http://verify-ebl.org.bd,24,2,0,0,1,1,1
http://online-bank.org.bd,25,2,0,0,1,1,1
http://verify-update.edu.bd,27,2,0,0,1,1,1
http://login-portal.edu.bd,26,2,0,1,0,1,0
http://verify-update.com.bd,27,2,0,0,1,1,1
http://verify-shop.org.bd,25,2,0,0,0,1,0
http://www-portal.org.bd,24,2,0,1,0,1,0
http://www-portal.com.bd,24,2,0,1,0,1,0
http://secure-shop.com.bd,25,2,0,1,0,1,0
http://online-service.org.bd,28,2,0,0,0,1,0
http://www-amazon.com.bd,24,2,0,0,1,1,1
http://verify-portal.org.bd,27,2,0,1,0,1,0
http://login-amazon.edu.bd,26,2,0,0,1,1,1
http://online-ebl.edu.bd,24,2,0,0,1,1,1
http://update-paypal.org.bd,27,2,0,0,1,1,1
http://verify-bracbank.org.bd,29,2,0,0,1,1,1
http://www-update.edu.bd,24,2,0,0,1,1,1
http://login-bank.org.bd,24,2,0,1,0,1,0
http://verify-site.com.bd,25,2,0,1,0,1,0
http://update-bank.edu.bd,25,2,0,1,0,1,0
http://verify-service.org.bd,28,2,0,0,0,1,0
http://verify-site.com.bd,25,2,0,0,0,1,0
http://verify-shop.org.bd,25,2,0,0,0,1,0
http://online-portal.org.bd,27,2,0,1,0,1,0
http://update-bank.org.bd,25,2,0,0,0,1,0
http://secure-update.org.bd,27,2,0,0,1,1,1
http://update-shop.edu.bd,25,2,0,0,0,1,0
http://www-shop.org.bd,22,2,0,0,0,1,0
http://verify-banglalink.org.bd,31,2,0,0,1,1,1
http://update-service.com.bd,28,2,0,0,0,1,0
http://www-bracbank.edu.bd,26,2,0,0,1,1,1
http://verify-portal.org.bd,27,2,0,0,0,1,0
http://update-portal.edu.bd,27,2,0,1,0,1,0
http://online-service.edu.bd,28,2,0,0,0,1,0
http://login-ebl.edu.bd,23,2,0,0,1,1,1
http://secure-ebl.org.bd,24,2,0,0,1,1,1
http://online-portal.org.bd,27,2,0,1,0,1,0
http://www-bracbank.com.bd,26,2,0,0,1,1,1
http://secure-bank.org.bd,25,2,0,0,0,1,0
http://secure-service.edu.bd,28,2,0,0,0,1,0
http://update-bank.org.bd,25,2,0,0,1,1,1
http://online-portal.com.bd,27,2,0,0,0,1,0
http://update-site.org.bd,25,2,0,0,0,1,0
http://www-bank.edu.bd,22,2,0,0,1,1,1
http://online-site.com.bd,25,2,0,1,0,1,0
http://update-site.org.bd,25,2,0,1,0,1,0
http://verify-site.org.bd,25,2,0,1,0,1,0
http://update-shop.edu.bd,25,2,0,0,0,1,0
http://www-bank.edu.bd,22,2,0,1,0,1,0
http://secure-site.com.bd,25,2,0,1,0,1,0
http://verify-site.edu.bd,25,2,0,0,0,1,0
http://login-site.com.bd,24,2,0,1,0,1,0
http://secure-bank.org.bd,25,2,0,0,1,1,1
http://online-portal.edu.bd,27,2,0,0,0,1,0
http://update-banglalink.edu.bd,31,2,0,0,1,1,1
http://update-shop.com.bd,25,2,0,0,0,1,0
http://secure-shop.com.bd,25,2,0,0,0,1,0
http://verify-service.org.bd,28,2,0,0,0,1,0
http://secure-site.edu.bd,25,2,0,1,0,1,0
http://secure-secure.org.bd,27,2,0,0,1,1,1
http://secure-amazon.com.bd,27,2,0,0,1,1,1
http://update-site.com.bd,25,2,0,0,0,1,0
http://login-site.com.bd,24,2,0,0,0,1,0
http://update-bank.edu.bd,25,2,0,1,0,1,0
http://secure-portal.org.bd,27,2,0,0,0,1,0
http://www-shop.org.bd,22,2,0,0,0,1,0
http://www-shop.com.bd,22,2,0,1,0,1,0
http://login-login.edu.bd,25,2,0,0,1,1,1
http://login-paypal.com.bd,26,2,0,0,1,1,1
http://update-amazon.edu.bd,27,2,0,0,1,1,1
http://login-service.org.bd,27,2,0,1,0,1,0
http://verify-bank.edu.bd,25,2,0,0,1,1,1
http://update-shop.com.bd,25,2,0,1,0,1,0
http://login-site.org.bd,24,2,0,0,0,1,0
http://online-amazon.com.bd,27,2,0,0,1,1,1
http://verify-bank.edu.bd,25,2,0,1,0,1,0
http://login-secure.edu.bd,26,2,0,0,1,1,1
http://login-shop.edu.bd,24,2,0,1,0,1,0
http://update-service.org.bd,28,2,0,0,0,1,0
http://www-portal.com.bd,24,2,0,1,0,1,0
http://verify-bank.com.bd,25,2,0,0,0,1,0
http://update-portal.org.bd,27,2,0,1,0,1,0
http://secure-paypal.org.bd,27,2,0,0,1,1,1
http://secure-service.com.bd,28,2,0,0,1,1,1
http://www-portal.com.bd,24,2,0,1,0,1,0
http://update-ebl.com.bd,24,2,0,0,1,1,1
http://verify-secure.edu.bd,27,2,0,0,1,1,1
http://update-ebl.com.bd,24,2,0,0,1,1,1
http://verify-banglalink.com.bd,31,2,0,0,1,1,1
http://www-site.edu.bd,22,2,0,0,0,1,0
http://update-bracbank.edu.bd,29,2,0,0,1,1,1
http://online-amazon.com.bd,27,2,0,0,1,1,1
http://www-secure.com.bd,24,2,0,0,1,1,1
http://online-portal.org.bd,27,2,0,0,0,1,0
http://login-bank.edu.bd,24,2,0,1,0,1,0
http://online-shop.com.bd,25,2,0,1,0,1,0
http://verify-service.org.bd,28,2,0,0,0,1,0
http://secure-login.edu.bd,26,2,0,0,1,1,1
http://secure-site.com.bd,25,2,0,1,0,1,0
http://online-shop.edu.bd,25,2,0,0,0,1,0
http://login-update.com.bd,26,2,0,0,1,1,1
http://online-portal.org.bd,27,2,0,0,0,1,0
http://update-banglalink.edu.bd,31,2,0,0,1,1,1
http://update-amazon.org.bd,27,2,0,0,1,1,1
http://secure-service.org.bd,28,2,0,0,0,1,0
http://update-login.org.bd,26,2,0,0,1,1,1
http://secure-portal.com.bd,27,2,0,0,0,1,0
http://www-banglalink.org.bd,28,2,0,0,1,1,1
http://online-shop.edu.bd,25,2,0,0,0,1,0
http://update-update.edu.bd,27,2,0,0,1,1,1
http://online-portal.com.bd,27,2,0,1,0,1,0
http://login-bank.com.bd,24,2,0,0,1,1,1
http://www-shop.com.bd,22,2,0,0,0,1,0
http://secure-ebl.org.bd,24,2,0,0,1,1,1
http://login-update.edu.bd,26,2,0,0,1,1,1
http://secure-secure.org.bd,27,2,0,0,1,1,1
http://verify-bank.com.bd,25,2,0,1,0,1,0
http://secure-amazon.com.bd,27,2,0,0,1,1,1
http://secure-service.com.bd,28,2,0,0,1,1,1
http://login-service.com.bd,27,2,0,0,0,1,0
http://login-shop.edu.bd,24,2,0,0,0,1,0
http://secure-secure.com.bd,27,2,0,0,1,1,1
http://verify-shop.com.bd,25,2,0,0,0,1,0
http://www-login.com.bd,23,2,0,0,1,1,1
http://update-service.edu.bd,28,2,0,0,1,1,1
http://update-amazon.org.bd,27,2,0,0,1,1,1
http://online-shop.com.bd,25,2,0,1,0,1,0
http://www-amazon.edu.bd,24,2,0,0,1,1,1
http://login-paypal.com.bd,26,2,0,0,1,1,1
http://www-secure.edu.bd,24,2,0,0,1,1,1
http://www-shop.org.bd,22,2,0,1,0,1,0
http://verify-login.edu.bd,26,2,0,0,1,1,1
http://online-banglalink.edu.bd,31,2,0,0,1,1,1
http://www-bank.com.bd,22,2,0,0,0,1,0
http://secure-service.org.bd,28,2,0,0,1,1,1
http://www-bracbank.edu.bd,26,2,0,0,1,1,1
http://online-amazon.com.bd,27,2,0,0,1,1,1
http://verify-portal.com.bd,27,2,0,0,0,1,0
http://online-portal.edu.bd,27,2,0,1,0,1,0
http://online-shop.edu.bd,25,2,0,0,0,1,0
http://login-bank.edu.bd,24,2,0,1,0,1,0
http://verify-bank.org.bd,25,2,0,1,0,1,0
http://update-secure.com.bd,27,2,0,0,1,1,1
http://verify-ebl.edu.bd,24,2,0,0,1,1,1
http://update-bank.com.bd,25,2,0,1,0,1,0
http://online-service.edu.bd,28,2,0,0,0,1,0
http://verify-service.com.bd,28,2,0,1,0,1,0
http://secure-portal.com.bd,27,2,0,0,0,1,0
http://login-secure.com.bd,26,2,0,0,1,1,1
http://verify-service.com.bd,28,2,0,1,0,1,0
http://update-secure.com.bd,27,2,0,0,1,1,1
http://verify-service.com.bd,28,2,0,1,0,1,0
http://secure-service.org.bd,28,2,0,1,0,1,0
http://update-bracbank.edu.bd,29,2,0,0,1,1,1
http://update-amazon.edu.bd,27,2,0,0,1,1,1
http://update-service.com.bd,28,2,0,1,0,1,0
http://verify-service.com.bd,28,2,0,0,1,1,1
http://www-site.org.bd,22,2,0,0,0,1,0
http://online-shop.org.bd,25,2,0,0,0,1,0
http://online-banglalink.com.bd,31,2,0,0,1,1,1
http://www-shop.org.bd,22,2,0,1,0,1,0
http://login-bank.edu.bd,24,2,0,1,0,1,0
http://secure-site.org.bd,25,2,0,1,0,1,0
http://online-portal.org.bd,27,2,0,0,0,1,0
http://secure-update.com.bd,27,2,0,0,1,1,1
http://update-bracbank.edu.bd,29,2,0,0,1,1,1
http://online-bank.org.bd,25,2,0,1,0,1,0
http://www-login.edu.bd,23,2,0,0,1,1,1
http://www-paypal.org.bd,24,2,0,0,1,1,1
http://update-bank.com.bd,25,2,0,1,0,1,0
http://secure-service.edu.bd,28,2,0,0,0,1,0
http://login-portal.org.bd,26,2,0,0,0,1,0
http://secure-site.com.bd,25,2,0,0,0,1,0
http://verify-update.edu.bd,27,2,0,0,1,1,1
http://update-site.org.bd,25,2,0,0,0,1,0
http://update-service.org.bd,28,2,0,1,0,1,0
http://secure-service.org.bd,28,2,0,1,0,1,0
http://verify-portal.org.bd,27,2,0,1,0,1,0
http://login-site.com.bd,24,2,0,1,0,1,0
http://online-shop.com.bd,25,2,0,1,0,1,0
http://login-service.edu.bd,27,2,0,0,0,1,0
http://www-login.org.bd,23,2,0,0,1,1,1
http://www-portal.org.bd,24,2,0,0,0,1,0
http://update-ebl.org.bd,24,2,0,0,1,1,1
http://verify-bank.com.bd,25,2,0,0,0,1,0
http://update-bracbank.com.bd,29,2,0,0,1,1,1
http://online-paypal.org.bd,27,2,0,0,1,1,1
http://update-login.com.bd,26,2,0,0,1,1,1
http://verify-secure.com.bd,27,2,0,0,1,1,1
http://verify-bracbank.com.bd,29,2,0,0,1,1,1
http://verify-login.edu.bd,26,2,0,0,1,1,1
http://www-bracbank.com.bd,26,2,0,0,1,1,1
http://www-service.org.bd,25,2,0,0,1,1,1
http://online-banglalink.org.bd,31,2,0,0,1,1,1
http://secure-shop.org.bd,25,2,0,1,0,1,0
http://login-site.org.bd,24,2,0,1,0,1,0
http://secure-service.com.bd,28,2,0,1,0,1,0
http://online-portal.com.bd,27,2,0,1,0,1,0
http://www-banglalink.com.bd,28,2,0,0,1,1,1
http://login-paypal.com.bd,26,2,0,0,1,1,1
http://online-shop.org.bd,25,2,0,1,0,1,0
http://online-secure.edu.bd,27,2,0,0,1,1,1
http://update-banglalink.org.bd,31,2,0,0,1,1,1
http://login-secure.edu.bd,26,2,0,0,1,1,1
http://online-ebl.com.bd,24,2,0,0,1,1,1
http://login-service.com.bd,27,2,0,1,0,1,0
http://secure-banglalink.org.bd,31,2,0,0,1,1,1
http://update-site.org.bd,25,2,0,1,0,1,0
http://www-portal.org.bd,24,2,0,0,0,1,0
http://secure-amazon.com.bd,27,2,0,0,1,1,1
http://online-login.edu.bd,26,2,0,0,1,1,1
http://verify-bank.edu.bd,25,2,0,1,0,1,0
http://update-service.edu.bd,28,2,0,0,0,1,0
http://verify-banglalink.edu.bd,31,2,0,0,1,1,1
http://login-portal.com.bd,26,2,0,1,0,1,0
http://login-service.com.bd,27,2,0,1,0,1,0
http://update-portal.edu.bd,27,2,0,0,0,1,0
http://update-site.org.bd,25,2,0,1,0,1,0
http://verify-site.edu.bd,25,2,0,1,0,1,0
http://online-site.com.bd,25,2,0,1,0,1,0
http://login-bank.com.bd,24,2,0,1,0,1,0
http://www-portal.com.bd,24,2,0,1,0,1,0
http://update-shop.com.bd,25,2,0,0,0,1,0
http://update-bracbank.org.bd,29,2,0,0,1,1,1
http://update-portal.org.bd,27,2,0,0,0,1,0
http://update-portal.com.bd,27,2,0,0,0,1,0
http://secure-bank.edu.bd,25,2,0,0,0,1,0
http://verify-amazon.edu.bd,27,2,0,0,1,1,1
http://secure-paypal.org.bd,27,2,0,0,1,1,1
http://login-portal.org.bd,26,2,0,1,0,1,0
http://online-service.org.bd,28,2,0,1,0,1,0
http://verify-bank.com.bd,25,2,0,0,1,1,1
http://secure-paypal.org.bd,27,2,0,0,1,1,1
http://secure-shop.org.bd,25,2,0,0,0,1,0
http://www-bank.com.bd,22,2,0,1,0,1,0
http://online-site.edu.bd,25,2,0,1,0,1,0
http://login-update.edu.bd,26,2,0,0,1,1,1
http://verify-secure.com.bd,27,2,0,0,1,1,1
http://login-paypal.com.bd,26,2,0,0,1,1,1
http://update-bracbank.org.bd,29,2,0,0,1,1,1
http://verify-bank.edu.bd,25,2,0,0,0,1,0
http://verify-service.org.bd,28,2,0,0,1,1,1
http://secure-portal.com.bd,27,2,0,1,0,1,0
http://verify-portal.com.bd,27,2,0,0,0,1,0
http://www-portal.org.bd,24,2,0,1,0,1,0
http://verify-site.edu.bd,25,2,0,0,0,1,0
http://www-secure.com.bd,24,2,0,0,1,1,1
http://online-paypal.com.bd,27,2,0,0,1,1,1
http://login-bank.org.bd,24,2,0,1,0,1,0
http://login-service.edu.bd,27,2,0,1,0,1,0
http://secure-service.org.bd,28,2,0,1,0,1,0
http://secure-site.edu.bd,25,2,0,0,0,1,0
http://verify-banglalink.org.bd,31,2,0,0,1,1,1
http://login-login.org.bd,25,2,0,0,1,1,1
http://login-bank.edu.bd,24,2,0,1,0,1,0
http://www-ebl.com.bd,21,2,0,0,1,1,1
http://secure-portal.edu.bd,27,2,0,1,0,1,0
http://update-bank.com.bd,25,2,0,1,0,1,0
http://secure-portal.edu.bd,27,2,0,1,0,1,0
http://update-shop.com.bd,25,2,0,0,0,1,0
http://update-amazon.org.bd,27,2,0,0,1,1,1
http://secure-site.edu.bd,25,2,0,1,0,1,0
http://secure-shop.org.bd,25,2,0,0,0,1,0
http://www-bank.edu.bd,22,2,0,0,1,1,1
http://www-bank.edu.bd,22,2,0,0,0,1,0
http://update-site.edu.bd,25,2,0,0,0,1,0
http://update-portal.org.bd,27,2,0,0,0,1,0
http://update-service.com.bd,28,2,0,0,0,1,0
http://secure-site.org.bd,25,2,0,1,0,1,0
http://secure-bank.org.bd,25,2,0,0,1,1,1
http://verify-service.edu.bd,28,2,0,0,1,1,1
http://login-banglalink.edu.bd,30,2,0,0,1,1,1
http://secure-bank.com.bd,25,2,0,1,0,1,0
http://login-shop.edu.bd,24,2,0,0,0,1,0
http://login-site.edu.bd,24,2,0,1,0,1,0
http://verify-ebl.edu.bd,24,2,0,0,1,1,1
http://login-amazon.edu.bd,26,2,0,0,1,1,1
http://update-service.org.bd,28,2,0,0,1,1,1
http://secure-service.org.bd,28,2,0,0,1,1,1
http://www-bank.org.bd,22,2,0,0,0,1,0
http://verify-portal.com.bd,27,2,0,0,0,1,0
http://login-secure.org.bd,26,2,0,0,1,1,1
http://update-ebl.org.bd,24,2,0,0,1,1,1
http://verify-bank.edu.bd,25,2,0,0,1,1,1
http://verify-service.com.bd,28,2,0,1,0,1,0
http://online-bracbank.com.bd,29,2,0,0,1,1,1
http://secure-paypal.com.bd,27,2,0,0,1,1,1
http://www-bank.com.bd,22,2,0,1,0,1,0
http://login-ebl.com.bd,23,2,0,0,1,1,1
http://verify-shop.org.bd,25,2,0,0,0,1,0
http://online-site.edu.bd,25,2,0,1,0,1,0
http://www-service.com.bd,25,2,0,1,0,1,0
http://update-service.org.bd,28,2,0,0,1,1,1
http://secure-secure.org.bd,27,2,0,0,1,1,1
http://online-ebl.com.bd,24,2,0,0,1,1,1
http://verify-shop.edu.bd,25,2,0,1,0,1,0
http://www-service.org.bd,25,2,0,0,0,1,0
http://verify-service.edu.bd,28,2,0,0,0,1,0
http://online-bank.edu.bd,25,2,0,0,1,1,1
http://login-bank.com.bd,24,2,0,1,0,1,0
http://www-secure.edu.bd,24,2,0,0,1,1,1
http://verify-shop.edu.bd,25,2,0,0,0,1,0
http://verify-bracbank.com.bd,29,2,0,0,1,1,1
http://update-banglalink.org.bd,31,2,0,0,1,1,1
http://www-site.org.bd,22,2,0,1,0,1,0
http://www-ebl.edu.bd,21,2,0,0,1,1,1
http://secure-portal.edu.bd,27,2,0,0,0,1,0
http://update-bracbank.org.bd,29,2,0,0,1,1,1
http://online-service.com.bd,28,2,0,0,0,1,0
http://online-bank.com.bd,25,2,0,0,1,1,1
http://update-login.edu.bd,26,2,0,0,1,1,1
http://verify-login.com.bd,26,2,0,0,1,1,1
http://online-secure.com.bd,27,2,0,0,1,1,1
http://secure-secure.edu.bd,27,2,0,0,1,1,1
http://www-service.edu.bd,25,2,0,1,0,1,0
http://verify-paypal.com.bd,27,2,0,0,1,1,1
http://www-update.org.bd,24,2,0,0,1,1,1
http://online-secure.org.bd,27,2,0,0,1,1,1
http://online-ebl.org.bd,24,2,0,0,1,1,1
http://update-shop.com.bd,25,2,0,0,0,1,0
http://www-bank.edu.bd,22,2,0,0,0,1,0
http://online-secure.com.bd,27,2,0,0,1,1,1
http://login-login.org.bd,25,2,0,0,1,1,1
http://www-shop.edu.bd,22,2,0,0,0,1,0
http://update-service.com.bd,28,2,0,0,0,1,0
http://online-banglalink.com.bd,31,2,0,0,1,1,1
http://verify-bank.org.bd,25,2,0,0,1,1,1
http://online-shop.org.bd,25,2,0,1,0,1,0
http://login-portal.com.bd,26,2,0,0,0,1,0
http://www-portal.edu.bd,24,2,0,1,0,1,0
http://www-service.com.bd,25,2,0,0,0,1,0
http://online-paypal.edu.bd,27,2,0,0,1,1,1
http://login-site.com.bd,24,2,0,1,0,1,0
http://www-bank.org.bd,22,2,0,0,0,1,0
http://www-site.edu.bd,22,2,0,1,0,1,0
http://login-update.com.bd,26,2,0,0,1,1,1
http://update-bank.edu.bd,25,2,0,0,0,1,0
http://login-site.org.bd,24,2,0,0,0,1,0
http://verify-ebl.org.bd,24,2,0,0,1,1,1
http://login-portal.org.bd,26,2,0,0,0,1,0
http://update-service.org.bd,28,2,0,0,1,1,1
http://update-portal.org.bd,27,2,0,0,0,1,0
http://online-service.com.bd,28,2,0,0,0,1,0
http://secure-service.edu.bd,28,2,0,1,0,1,0
http://www-banglalink.org.bd,28,2,0,0,1,1,1
http://online-banglalink.org.bd,31,2,0,0,1,1,1
http://update-paypal.com.bd,27,2,0,0,1,1,1
http://verify-update.com.bd,27,2,0,0,1,1,1
http://secure-login.edu.bd,26,2,0,0,1,1,1
http://www-site.com.bd,22,2,0,1,0,1,0
http://verify-update.org.bd,27,2,0,0,1,1,1
http://secure-update.edu.bd,27,2,0,0,1,1,1
http://update-login.org.bd,26,2,0,0,1,1,1
http://login-bank.org.bd,24,2,0,0,1,1,1
http://online-amazon.com.bd,27,2,0,0,1,1,1
http://secure-shop.com.bd,25,2,0,0,0,1,0
http://update-portal.edu.bd,27,2,0,0,0,1,0
http://online-portal.com.bd,27,2,0,1,0,1,0
http://login-paypal.edu.bd,26,2,0,0,1,1,1
http://www-ebl.com.bd,21,2,0,0,1,1,1
http://online-secure.org.bd,27,2,0,0,1,1,1
http://login-shop.com.bd,24,2,0,1,0,1,0
http://online-site.org.bd,25,2,0,0,0,1,0
http://www-amazon.edu.bd,24,2,0,0,1,1,1
http://login-bank.org.bd,24,2,0,0,0,1,0
http://online-portal.edu.bd,27,2,0,0,0,1,0
http://online-secure.org.bd,27,2,0,0,1,1,1
http://login-ebl.edu.bd,23,2,0,0,1,1,1
http://login-service.edu.bd,27,2,0,0,1,1,1
http://update-banglalink.com.bd,31,2,0,0,1,1,1
http://update-ebl.edu.bd,24,2,0,0,1,1,1
http://www-ebl.edu.bd,21,2,0,0,1,1,1
http://update-bank.org.bd,25,2,0,0,0,1,0
http://www-site.org.bd,22,2,0,1,0,1,0
http://login-amazon.com.bd,26,2,0,0,1,1,1
http://online-bank.com.bd,25,2,0,0,0,1,0
http://online-login.com.bd,26,2,0,0,1,1,1
http://secure-bank.com.bd,25,2,0,0,0,1,0
http://verify-banglalink.edu.bd,31,2,0,0,1,1,1
http://verify-service.edu.bd,28,2,0,1,0,1,0
http://verify-secure.com.bd,27,2,0,0,1,1,1
http://online-shop.com.bd,25,2,0,0,0,1,0
http://online-service.org.bd,28,2,0,0,1,1,1
http://secure-bank.org.bd,25,2,0,0,0,1,0
http://www-paypal.edu.bd,24,2,0,0,1,1,1
http://login-bank.com.bd,24,2,0,0,1,1,1
http://www-bank.edu.bd,22,2,0,0,1,1,1
http://online-secure.com.bd,27,2,0,0,1,1,1
http://update-portal.org.bd,27,2,0,0,0,1,0
http://secure-site.edu.bd,25,2,0,1,0,1,0
http://online-shop.org.bd,25,2,0,0,0,1,0
http://online-ebl.org.bd,24,2,0,0,1,1,1
http://login-amazon.edu.bd,26,2,0,0,1,1,1
http://www-service.org.bd,25,2,0,1,0,1,0
http://login-service.edu.bd,27,2,0,0,1,1,1
http://update-shop.com.bd,25,2,0,0,0,1,0
http://secure-service.edu.bd,28,2,0,0,0,1,0
http://update-secure.com.bd,27,2,0,0,1,1,1
http://login-paypal.org.bd,26,2,0,0,1,1,1
http://secure-site.org.bd,25,2,0,0,0,1,0
http://online-bank.com.bd,25,2,0,0,0,1,0
http://www-shop.org.bd,22,2,0,1,0,1,0
http://secure-shop.org.bd,25,2,0,1,0,1,0
http://update-site.org.bd,25,2,0,1,0,1,0
http://verify-bracbank.org.bd,29,2,0,0,1,1,1
http://secure-shop.com.bd,25,2,0,0,0,1,0
http://www-site.org.bd,22,2,0,1,0,1,0
http://secure-bank.com.bd,25,2,0,0,0,1,0
http://secure-portal.org.bd,27,2,0,0,0,1,0
http://www-paypal.org.bd,24,2,0,0,1,1,1
http://online-ebl.com.bd,24,2,0,0,1,1,1
http://verify-bank.org.bd,25,2,0,0,1,1,1
http://secure-bank.com.bd,25,2,0,1,0,1,0
http://online-shop.edu.bd,25,2,0,0,0,1,0
http://www-bank.org.bd,22,2,0,0,0,1,0
http://secure-bracbank.edu.bd,29,2,0,0,1,1,1
http://update-bank.com.bd,25,2,0,0,1,1,1
http://online-service.org.bd,28,2,0,0,1,1,1
http://verify-service.edu.bd,28,2,0,0,1,1,1
http://online-service.edu.bd,28,2,0,0,1,1,1
http://secure-update.org.bd,27,2,0,0,1,1,1
http://secure-amazon.com.bd,27,2,0,0,1,1,1
http://verify-bracbank.edu.bd,29,2,0,0,1,1,1
http://www-shop.edu.bd,22,2,0,0,0,1,0
http://www-amazon.edu.bd,24,2,0,0,1,1,1
http://login-login.org.bd,25,2,0,0,1,1,1
http://online-ebl.org.bd,24,2,0,0,1,1,1
http://update-service.com.bd,28,2,0,0,0,1,0
http://online-banglalink.edu.bd,31,2,0,0,1,1,1
http://online-service.com.bd,28,2,0,1,0,1,0
http://verify-bracbank.com.bd,29,2,0,0,1,1,1
http://secure-shop.org.bd,25,2,0,0,0,1,0
http://www-shop.edu.bd,22,2,0,0,0,1,0
http://verify-bracbank.org.bd,29,2,0,0,1,1,1
http://verify-amazon.com.bd,27,2,0,0,1,1,1
http://verify-service.com.bd,28,2,0,0,0,1,0
http://www-banglalink.org.bd,28,2,0,0,1,1,1
http://verify-shop.org.bd,25,2,0,0,0,1,0
http://www-service.edu.bd,25,2,0,0,1,1,1
http://verify-bank.com.bd,25,2,0,1,0,1,0
http://online-ebl.edu.bd,24,2,0,0,1,1,1
http://update-login.org.bd,26,2,0,0,1,1,1
http://www-service.edu.bd,25,2,0,0,0,1,0
http://www-banglalink.org.bd,28,2,0,0,1,1,1
http://www-shop.com.bd,22,2,0,1,0,1,0
http://verify-login.org.bd,26,2,0,0,1,1,1
http://update-banglalink.edu.bd,31,2,0,0,1,1,1
http://login-shop.edu.bd,24,2,0,1,0,1,0
http://www-service.org.bd,25,2,0,0,0,1,0
http://login-ebl.org.bd,23,2,0,0,1,1,1
http://update-ebl.org.bd,24,2,0,0,1,1,1
http://verify-site.edu.bd,25,2,0,1,0,1,0
http://verify-site.org.bd,25,2,0,0,0,1,0
http://secure-amazon.com.bd,27,2,0,0,1,1,1
http://www-ebl.com.bd,21,2,0,0,1,1,1
http://verify-bank.com.bd,25,2,0,0,1,1,1
http://login-ebl.edu.bd,23,2,0,0,1,1,1
http://login-paypal.edu.bd,26,2,0,0,1,1,1
http://www-bank.com.bd,22,2,0,0,1,1,1
http://login-paypal.com.bd,26,2,0,0,1,1,1
http://update-bank.edu.bd,25,2,0,0,1,1,1
http://www-portal.edu.bd,24,2,0,0,0,1,0
http://update-bank.org.bd,25,2,0,0,0,1,0
http://online-portal.edu.bd,27,2,0,0,0,1,0
http://online-paypal.org.bd,27,2,0,0,1,1,1
http://login-bank.org.bd,24,2,0,0,1,1,1
http://secure-paypal.com.bd,27,2,0,0,1,1,1
http://www-site.com.bd,22,2,0,1,0,1,0
http://verify-service.edu.bd,28,2,0,1,0,1,0
http://update-site.org.bd,25,2,0,1,0,1,0
http://login-update.com.bd,26,2,0,0,1,1,1
http://update-site.com.bd,25,2,0,0,0,1,0
http://verify-site.org.bd,25,2,0,0,0,1,0
http://secure-site.edu.bd,25,2,0,0,0,1,0
http://login-service.org.bd,27,2,0,0,0,1,0
http://login-ebl.edu.bd,23,2,0,0,1,1,1
http://www-update.org.bd,24,2,0,0,1,1,1
http://update-site.org.bd,25,2,0,0,0,1,0
http://online-secure.edu.bd,27,2,0,0,1,1,1
http://verify-banglalink.edu.bd,31,2,0,0,1,1,1
http://online-shop.org.bd,25,2,0,0,0,1,0
http://login-banglalink.com.bd,30,2,0,0,1,1,1
http://secure-service.com.bd,28,2,0,0,1,1,1
http://secure-site.com.bd,25,2,0,0,0,1,0
http://login-service.org.bd,27,2,0,0,0,1,0
http://www-site.edu.bd,22,2,0,1,0,1,0
http://online-site.com.bd,25,2,0,1,0,1,0
http://www-service.org.bd,25,2,0,0,0,1,0
http://login-ebl.org.bd,23,2,0,0,1,1,1
http://verify-ebl.edu.bd,24,2,0,0,1,1,1
http://secure-bank.edu.bd,25,2,0,1,0,1,0
http://login-secure.org.bd,26,2,0,0,1,1,1
http://online-portal.org.bd,27,2,0,1,0,1,0
http://verify-bracbank.org.bd,29,2,0,0,1,1,1
http://verify-service.com.bd,28,2,0,0,0,1,0
http://verify-bracbank.edu.bd,29,2,0,0,1,1,1
http://online-bank.org.bd,25,2,0,0,1,1,1
http://secure-bank.com.bd,25,2,0,1,0,1,0
http://secure-bank.edu.bd,25,2,0,1,0,1,0
http://login-service.org.bd,27,2,0,0,0,1,0
http://www-shop.com.bd,22,2,0,0,0,1,0
http://online-secure.com.bd,27,2,0,0,1,1,1
http://update-portal.org.bd,27,2,0,1,0,1,0
http://update-bank.edu.bd,25,2,0,0,0,1,0
http://verify-bank.edu.bd,25,2,0,0,1,1,1
http://www-update.edu.bd,24,2,0,0,1,1,1
http://login-service.com.bd,27,2,0,0,1,1,1
http://login-service.com.bd,27,2,0,0,1,1,1
http://update-amazon.com.bd,27,2,0,0,1,1,1
http://verify-portal.org.bd,27,2,0,0,0,1,0
http://www-update.com.bd,24,2,0,0,1,1,1
http://login-bank.org.bd,24,2,0,0,0,1,0
http://www-site.org.bd,22,2,0,0,0,1,0
http://secure-service.org.bd,28,2,0,1,0,1,0
http://update-bank.edu.bd,25,2,0,0,1,1,1
http://update-site.edu.bd,25,2,0,0,0,1,0
http://login-update.com.bd,26,2,0,0,1,1,1
http://www-site.edu.bd,22,2,0,0,0,1,0
http://www-bank.com.bd,22,2,0,0,0,1,0
http://login-shop.com.bd,24,2,0,0,0,1,0
http://login-portal.org.bd,26,2,0,1,0,1,0
http://update-ebl.com.bd,24,2,0,0,1,1,1
http://online-service.com.bd,28,2,0,0,1,1,1
http://secure-service.edu.bd,28,2,0,0,1,1,1
http://verify-site.edu.bd,25,2,0,0,0,1,0
http://login-site.com.bd,24,2,0,1,0,1,0
http://www-portal.org.bd,24,2,0,0,0,1,0
http://login-paypal.org.bd,26,2,0,0,1,1,1
http://login-update.com.bd,26,2,0,0,1,1,1
http://verify-service.com.bd,28,2,0,0,1,1,1
http://update-service.org.bd,28,2,0,0,0,1,0
http://login-service.edu.bd,27,2,0,0,1,1,1
http://secure-service.com.bd,28,2,0,0,0,1,0
http://www-service.org.bd,25,2,0,0,0,1,0
http://secure-service.edu.bd,28,2,0,1,0,1,0
http://update-service.org.bd,28,2,0,0,1,1,1
http://update-ebl.org.bd,24,2,0,0,1,1,1
http://update-site.org.bd,25,2,0,1,0,1,0
http://online-banglalink.edu.bd,31,2,0,0,1,1,1
http://secure-service.com.bd,28,2,0,0,0,1,0
http://login-portal.com.bd,26,2,0,0,0,1,0
http://www-bank.com.bd,22,2,0,1,0,1,0
http://secure-service.com.bd,28,2,0,0,1,1,1
http://www-bank.org.bd,22,2,0,0,1,1,1
http://login-bank.org.bd,24,2,0,1,0,1,0
http://www-amazon.com.bd,24,2,0,0,1,1,1
http://online-paypal.edu.bd,27,2,0,0,1,1,1
http://secure-shop.com.bd,25,2,0,0,0,1,0
http://verify-service.edu.bd,28,2,0,0,0,1,0
http://www-portal.com.bd,24,2,0,1,0,1,0
http://online-service.org.bd,28,2,0,0,1,1,1
http://www-bank.edu.bd,22,2,0,0,1,1,1
http://www-paypal.com.bd,24,2,0,0,1,1,1
http://login-update.edu.bd,26,2,0,0,1,1,1
http://www-service.edu.bd,25,2,0,0,0,1,0
http://login-shop.org.bd,24,2,0,1,0,1,0
http://login-secure.edu.bd,26,2,0,0,1,1,1
http://secure-amazon.com.bd,27,2,0,0,1,1,1
http://verify-site.edu.bd,25,2,0,0,0,1,0
http://online-service.org.bd,28,2,0,0,0,1,0
http://online-bank.com.bd,25,2,0,0,1,1,1
http://login-amazon.edu.bd,26,2,0,0,1,1,1
http://secure-banglalink.edu.bd,31,2,0,0,1,1,1
http://online-bank.edu.bd,25,2,0,0,0,1,0
http://online-site.org.bd,25,2,0,0,0,1,0
http://online-bank.edu.bd,25,2,0,0,1,1,1
http://update-login.org.bd,26,2,0,0,1,1,1
http://online-service.edu.bd,28,2,0,1,0,1,0
http://www-secure.org.bd,24,2,0,0,1,1,1
http://update-secure.com.bd,27,2,0,0,1,1,1
http://verify-service.com.bd,28,2,0,0,1,1,1
http://verify-bracbank.org.bd,29,2,0,0,1,1,1
http://secure-banglalink.edu.bd,31,2,0,0,1,1,1
http://secure-service.org.bd,28,2,0,1,0,1,0
http://www-service.edu.bd,25,2,0,0,1,1,1
http://online-bank.edu.bd,25,2,0,0,1,1,1
http://www-amazon.com.bd,24,2,0,0,1,1,1
http://online-shop.edu.bd,25,2,0,1,0,1,0
http://secure-update.com.bd,27,2,0,0,1,1,1
http://update-bank.edu.bd,25,2,0,1,0,1,0
http://online-bank.org.bd,25,2,0,0,1,1,1
http://www-amazon.edu.bd,24,2,0,0,1,1,1
http://secure-portal.edu.bd,27,2,0,1,0,1,0
http://update-paypal.edu.bd,27,2,0,0,1,1,1
http://login-service.com.bd,27,2,0,1,0,1,0
http://secure-site.org.bd,25,2,0,0,0,1,0
http://online-secure.org.bd,27,2,0,0,1,1,1
http://online-amazon.edu.bd,27,2,0,0,1,1,1
http://verify-bank.edu.bd,25,2,0,0,1,1,1
http://verify-amazon.org.bd,27,2,0,0,1,1,1
http://online-bank.edu.bd,25,2,0,1,0,1,0
http://online-bank.org.bd,25,2,0,0,1,1,1
http://secure-service.com.bd,28,2,0,0,0,1,0
http://verify-secure.edu.bd,27,2,0,0,1,1,1
http://update-secure.com.bd,27,2,0,0,1,1,1
http://update-site.com.bd,25,2,0,0,0,1,0
http://secure-service.edu.bd,28,2,0,0,1,1,1
http://online-update.edu.bd,27,2,0,0,1,1,1
http://secure-portal.org.bd,27,2,0,0,0,1,0
http://secure-site.org.bd,25,2,0,1,0,1,0
http://online-bracbank.org.bd,29,2,0,0,1,1,1
http://www-shop.org.bd,22,2,0,1,0,1,0
http://login-service.edu.bd,27,2,0,1,0,1,0
http://update-portal.edu.bd,27,2,0,1,0,1,0
http://update-paypal.edu.bd,27,2,0,0,1,1,1
http://verify-shop.com.bd,25,2,0,1,0,1,0
http://www-paypal.edu.bd,24,2,0,0,1,1,1
http://update-portal.com.bd,27,2,0,1,0,1,0
http://update-amazon.org.bd,27,2,0,0,1,1,1
http://login-site.edu.bd,24,2,0,1,0,1,0
http://update-site.com.bd,25,2,0,0,0,1,0
http://www-portal.org.bd,24,2,0,1,0,1,0
http://secure-service.com.bd,28,2,0,1,0,1,0
http://online-portal.com.bd,27,2,0,0,0,1,0
http://online-login.edu.bd,26,2,0,0,1,1,1
http://update-site.edu.bd,25,2,0,0,0,1,0
http://www-service.com.bd,25,2,0,0,1,1,1
http://secure-portal.com.bd,27,2,0,0,0,1,0
http://online-bracbank.edu.bd,29,2,0,0,1,1,1
http://online-banglalink.com.bd,31,2,0,0,1,1,1
http://update-bracbank.com.bd,29,2,0,0,1,1,1
http://login-site.org.bd,24,2,0,1,0,1,0
http://login-portal.com.bd,26,2,0,1,0,1,0
http://www-site.edu.bd,22,2,0,0,0,1,0
http://update-bank.org.bd,25,2,0,1,0,1,0
http://online-service.org.bd,28,2,0,0,1,1,1
http://secure-site.com.bd,25,2,0,1,0,1,0
http://verify-login.org.bd,26,2,0,0,1,1,1
http://online-shop.org.bd,25,2,0,0,0,1,0
http://login-banglalink.com.bd,30,2,0,0,1,1,1
http://update-update.edu.bd,27,2,0,0,1,1,1
http://login-bank.org.bd,24,2,0,0,1,1,1
http://www-secure.org.bd,24,2,0,0,1,1,1
http://online-site.edu.bd,25,2,0,1,0,1,0
http://online-banglalink.edu.bd,31,2,0,0,1,1,1
http://verify-banglalink.org.bd,31,2,0,0,1,1,1
http://secure-shop.edu.bd,25,2,0,0,0,1,0
http://secure-service.com.bd,28,2,0,0,1,1,1
http://online-secure.com.bd,27,2,0,0,1,1,1
http://login-banglalink.edu.bd,30,2,0,0,1,1,1
http://online-bank.org.bd,25,2,0,0,0,1,0
http://www-bank.edu.bd,22,2,0,0,1,1,1
http://secure-bank.org.bd,25,2,0,0,1,1,1
http://www-site.edu.bd,22,2,0,0,0,1,0
http://www-bank.com.bd,22,2,0,1,0,1,0
http://login-update.com.bd,26,2,0,0,1,1,1
http://login-service.com.bd,27,2,0,0,1,1,1
http://www-bank.com.bd,22,2,0,0,1,1,1
http://verify-service.com.bd,28,2,0,0,1,1,1
http://online-portal.com.bd,27,2,0,1,0,1,0
http://www-portal.com.bd,24,2,0,1,0,1,0
http://update-secure.edu.bd,27,2,0,0,1,1,1
http://secure-site.edu.bd,25,2,0,1,0,1,0
http://www-bank.edu.bd,22,2,0,1,0,1,0
http://login-paypal.org.bd,26,2,0,0,1,1,1
http://online-bank.com.bd,25,2,0,1,0,1,0
http://www-site.org.bd,22,2,0,1,0,1,0
http://login-shop.edu.bd,24,2,0,0,0,1,0
http://online-paypal.com.bd,27,2,0,0,1,1,1
http://online-update.com.bd,27,2,0,0,1,1,1
http://online-service.org.bd,28,2,0,0,0,1,0
http://www-shop.edu.bd,22,2,0,1,0,1,0
http://secure-site.com.bd,25,2,0,1,0,1,0
http://www-portal.com.bd,24,2,0,1,0,1,0
http://online-paypal.edu.bd,27,2,0,0,1,1,1
http://secure-banglalink.org.bd,31,2,0,0,1,1,1
http://www-portal.com.bd,24,2,0,0,0,1,0
http://online-login.com.bd,26,2,0,0,1,1,1
http://www-bank.com.bd,22,2,0,0,1,1,1
http://update-site.com.bd,25,2,0,1,0,1,0
http://secure-bracbank.org.bd,29,2,0,0,1,1,1
http://update-paypal.edu.bd,27,2,0,0,1,1,1
http://login-service.com.bd,27,2,0,1,0,1,0
http://secure-portal.edu.bd,27,2,0,1,0,1,0
http://www-update.edu.bd,24,2,0,0,1,1,1
http://secure-ebl.com.bd,24,2,0,0,1,1,1
http://verify-ebl.com.bd,24,2,0,0,1,1,1
http://update-bracbank.edu.bd,29,2,0,0,1,1,1
http://login-bank.edu.bd,24,2,0,1,0,1,0
http://verify-site.com.bd,25,2,0,0,0,1,0
http://login-bank.org.bd,24,2,0,1,0,1,0
http://verify-bracbank.com.bd,29,2,0,0,1,1,1
http://verify-paypal.com.bd,27,2,0,0,1,1,1
http://online-service.com.bd,28,2,0,1,0,1,0
http://www-service.edu.bd,25,2,0,0,0,1,0
http://update-service.edu.bd,28,2,0,1,0,1,0
http://update-bank.edu.bd,25,2,0,0,0,1,0
http://secure-bank.edu.bd,25,2,0,0,1,1,1
http://www-bank.edu.bd,22,2,0,1,0,1,0
http://secure-portal.org.bd,27,2,0,1,0,1,0
http://www-bank.edu.bd,22,2,0,0,0,1,0
http://www-banglalink.org.bd,28,2,0,0,1,1,1
http://secure-ebl.com.bd,24,2,0,0,1,1,1
http://update-bank.com.bd,25,2,0,0,0,1,0
http://verify-bank.edu.bd,25,2,0,0,0,1,0
http://www-service.com.bd,25,2,0,0,0,1,0
http://www-amazon.org.bd,24,2,0,0,1,1,1
http://verify-service.com.bd,28,2,0,0,1,1,1
http://online-amazon.com.bd,27,2,0,0,1,1,1
http://update-bank.com.bd,25,2,0,1,0,1,0
http://www-site.edu.bd,22,2,0,0,0,1,0
http://secure-secure.edu.bd,27,2,0,0,1,1,1
http://update-amazon.edu.bd,27,2,0,0,1,1,1
http://update-site.com.bd,25,2,0,0,0,1,0
http://update-site.org.bd,25,2,0,1,0,1,0
http://update-amazon.org.bd,27,2,0,0,1,1,1
http://verify-login.com.bd,26,2,0,0,1,1,1
http://online-service.org.bd,28,2,0,0,1,1,1
http://verify-site.edu.bd,25,2,0,1,0,1,0
http://online-bank.edu.bd,25,2,0,0,1,1,1
http://online-service.com.bd,28,2,0,0,1,1,1
http://secure-ebl.edu.bd,24,2,0,0,1,1,1
http://login-bracbank.org.bd,28,2,0,0,1,1,1
http://www-portal.edu.bd,24,2,0,1,0,1,0
http://verify-portal.com.bd,27,2,0,0,0,1,0
http://login-bank.org.bd,24,2,0,0,0,1,0
http://secure-service.com.bd,28,2,0,0,0,1,0
http://online-shop.com.bd,25,2,0,1,0,1,0
http://update-service.org.bd,28,2,0,0,1,1,1
http://verify-service.org.bd,28,2,0,1,0,1,0
http://update-shop.org.bd,25,2,0,1,0,1,0
http://secure-bank.org.bd,25,2,0,1,0,1,0
http://online-paypal.org.bd,27,2,0,0,1,1,1
http://verify-bank.edu.bd,25,2,0,1,0,1,0
http://update-site.org.bd,25,2,0,1,0,1,0
http://secure-bank.com.bd,25,2,0,0,0,1,0
http://login-ebl.com.bd,23,2,0,0,1,1,1
http://update-login.org.bd,26,2,0,0,1,1,1
http://update-paypal.org.bd,27,2,0,0,1,1,1
http://secure-portal.org.bd,27,2,0,1,0,1,0
http://online-portal.com.bd,27,2,0,0,0,1,0
http://www-update.com.bd,24,2,0,0,1,1,1
http://update-shop.edu.bd,25,2,0,1,0,1,0
http://secure-portal.com.bd,27,2,0,0,0,1,0
http://online-portal.com.bd,27,2,0,1,0,1,0
http://www-portal.com.bd,24,2,0,0,0,1,0
http://online-service.org.bd,28,2,0,1,0,1,0
http://online-service.org.bd,28,2,0,0,0,1,0
http://secure-shop.org.bd,25,2,0,0,0,1,0
http://verify-site.com.bd,25,2,0,1,0,1,0
http://secure-banglalink.com.bd,31,2,0,0,1,1,1
http://secure-service.org.bd,28,2,0,0,0,1,0
http://secure-secure.edu.bd,27,2,0,0,1,1,1
http://login-banglalink.com.bd,30,2,0,0,1,1,1
http://verify-portal.org.bd,27,2,0,1,0,1,0
http://verify-bank.com.bd,25,2,0,0,0,1,0
http://secure-ebl.org.bd,24,2,0,0,1,1,1
http://www-bank.com.bd,22,2,0,0,1,1,1
http://verify-bank.org.bd,25,2,0,1,0,1,0
http://verify-bracbank.org.bd,29,2,0,0,1,1,1
http://login-bank.com.bd,24,2,0,1,0,1,0
http://online-amazon.edu.bd,27,2,0,0,1,1,1
http://secure-shop.com.bd,25,2,0,0,0,1,0
http://verify-site.org.bd,25,2,0,0,0,1,0
http://login-bank.edu.bd,24,2,0,0,0,1,0
http://online-service.org.bd,28,2,0,1,0,1,0
http://update-update.edu.bd,27,2,0,0,1,1,1
http://verify-secure.edu.bd,27,2,0,0,1,1,1
http://secure-site.edu.bd,25,2,0,0,0,1,0
http://verify-service.edu.bd,28,2,0,0,1,1,1
http://update-bank.edu.bd,25,2,0,0,1,1,1
http://secure-bank.org.bd,25,2,0,0,0,1,0
http://www-site.org.bd,22,2,0,1,0,1,0
http://login-bank.edu.bd,24,2,0,1,0,1,0
http://update-service.com.bd,28,2,0,1,0,1,0
http://login-amazon.com.bd,26,2,0,0,1,1,1
http://login-portal.edu.bd,26,2,0,0,0,1,0
http://www-secure.org.bd,24,2,0,0,1,1,1
http://verify-site.org.bd,25,2,0,1,0,1,0
http://login-service.org.bd,27,2,0,0,0,1,0
http://verify-shop.com.bd,25,2,0,0,0,1,0
http://secure-service.org.bd,28,2,0,1,0,1,0
http://login-shop.org.bd,24,2,0,1,0,1,0
http://login-site.com.bd,24,2,0,1,0,1,0
http://verify-login.com.bd,26,2,0,0,1,1,1
http://update-site.edu.bd,25,2,0,0,0,1,0
http://www-paypal.com.bd,24,2,0,0,1,1,1
http://login-amazon.com.bd,26,2,0,0,1,1,1
http://update-site.com.bd,25,2,0,0,0,1,0
http://www-bank.edu.bd,22,2,0,0,1,1,1
http://update-shop.org.bd,25,2,0,1,0,1,0
http://update-bracbank.edu.bd,29,2,0,0,1,1,1
http://login-service.org.bd,27,2,0,0,0,1,0
http://online-amazon.org.bd,27,2,0,0,1,1,1
http://www-paypal.edu.bd,24,2,0,0,1,1,1
http://login-bank.org.bd,24,2,0,0,0,1,0
http://secure-update.edu.bd,27,2,0,0,1,1,1
http://update-amazon.edu.bd,27,2,0,0,1,1,1
http://online-login.edu.bd,26,2,0,0,1,1,1
http://www-site.org.bd,22,2,0,1,0,1,0
http://login-portal.com.bd,26,2,0,1,0,1,0
http://verify-secure.edu.bd,27,2,0,0,1,1,1
http://secure-bracbank.com.bd,29,2,0,0,1,1,1
http://verify-bank.edu.bd,25,2,0,1,0,1,0
http://secure-service.com.bd,28,2,0,0,0,1,0
http://verify-secure.edu.bd,27,2,0,0,1,1,1
http://verify-bank.com.bd,25,2,0,0,0,1,0
http://online-ebl.org.bd,24,2,0,0,1,1,1
http://login-secure.edu.bd,26,2,0,0,1,1,1
http://www-bank.org.bd,22,2,0,1,0,1,0
http://secure-update.com.bd,27,2,0,0,1,1,1
http://verify-banglalink.edu.bd,31,2,0,0,1,1,1
http://update-update.com.bd,27,2,0,0,1,1,1
http://verify-secure.org.bd,27,2,0,0,1,1,1
http://secure-site.edu.bd,25,2,0,1,0,1,0
http://www-paypal.edu.bd,24,2,0,0,1,1,1
http://secure-shop.com.bd,25,2,0,0,0,1,0
http://login-ebl.com.bd,23,2,0,0,1,1,1
http://verify-bank.com.bd,25,2,0,1,0,1,0
http://verify-site.com.bd,25,2,0,0,0,1,0
http://www-service.org.bd,25,2,0,0,0,1,0
http://online-secure.com.bd,27,2,0,0,1,1,1
http://online-portal.edu.bd,27,2,0,1,0,1,0
http://www-service.org.bd,25,2,0,1,0,1,0
http://secure-portal.com.bd,27,2,0,1,0,1,0
http://online-ebl.edu.bd,24,2,0,0,1,1,1
http://update-service.edu.bd,28,2,0,0,1,1,1
http://online-bracbank.edu.bd,29,2,0,0,1,1,1
http://www-bracbank.org.bd,26,2,0,0,1,1,1
http://login-bank.com.bd,24,2,0,1,0,1,0
http://www-site.org.bd,22,2,0,0,0,1,0
http://online-paypal.org.bd,27,2,0,0,1,1,1
http://update-service.org.bd,28,2,0,0,0,1,0
http://www-service.com.bd,25,2,0,1,0,1,0
http://verify-bank.com.bd,25,2,0,0,0,1,0
http://verify-secure.org.bd,27,2,0,0,1,1,1
http://update-amazon.edu.bd,27,2,0,0,1,1,1
http://online-ebl.org.bd,24,2,0,0,1,1,1
http://www-service.edu.bd,25,2,0,1,0,1,0
http://secure-login.org.bd,26,2,0,0,1,1,1
http://verify-service.com.bd,28,2,0,0,0,1,0
http://secure-paypal.com.bd,27,2,0,0,1,1,1
http://update-service.edu.bd,28,2,0,0,1,1,1
http://verify-service.com.bd,28,2,0,1,0,1,0
http://online-site.edu.bd,25,2,0,1,0,1,0
http://verify-bank.org.bd,25,2,0,1,0,1,0
http://online-portal.org.bd,27,2,0,1,0,1,0
http://update-shop.edu.bd,25,2,0,1,0,1,0
http://verify-banglalink.com.bd,31,2,0,0,1,1,1
http://login-amazon.com.bd,26,2,0,0,1,1,1
http://www-bracbank.org.bd,26,2,0,0,1,1,1
http://login-secure.edu.bd,26,2,0,0,1,1,1
http://verify-service.org.bd,28,2,0,1,0,1,0
http://secure-service.edu.bd,28,2,0,0,1,1,1
http://secure-login.org.bd,26,2,0,0,1,1,1
http://secure-update.edu.bd,27,2,0,0,1,1,1
http://verify-login.edu.bd,26,2,0,0,1,1,1
http://online-login.org.bd,26,2,0,0,1,1,1
http://login-bank.org.bd,24,2,0,0,1,1,1
http://update-service.com.bd,28,2,0,0,1,1,1
http://secure-login.edu.bd,26,2,0,0,1,1,1
http://online-ebl.org.bd,24,2,0,0,1,1,1
http://login-update.org.bd,26,2,0,0,1,1,1
http://update-site.edu.bd,25,2,0,0,0,1,0
http://login-portal.edu.bd,26,2,0,0,0,1,0
http://update-update.com.bd,27,2,0,0,1,1,1
http://online-portal.org.bd,27,2,0,1,0,1,0
http://verify-shop.org.bd,25,2,0,1,0,1,0
http://verify-portal.org.bd,27,2,0,0,0,1,0
http://verify-site.edu.bd,25,2,0,0,0,1,0
http://login-service.edu.bd,27,2,0,0,1,1,1
http://login-shop.org.bd,24,2,0,0,0,1,0
http://secure-secure.com.bd,27,2,0,0,1,1,1
http://update-ebl.edu.bd,24,2,0,0,1,1,1
http://update-service.org.bd,28,2,0,0,0,1,0
http://www-service.org.bd,25,2,0,1,0,1,0
http://verify-bank.edu.bd,25,2,0,0,1,1,1
http://secure-amazon.com.bd,27,2,0,0,1,1,1
http://verify-secure.org.bd,27,2,0,0,1,1,1
http://login-banglalink.org.bd,30,2,0,0,1,1,1
http://update-bracbank.edu.bd,29,2,0,0,1,1,1
http://login-bracbank.org.bd,28,2,0,0,1,1,1
http://www-service.com.bd,25,2,0,0,1,1,1
http://online-secure.com.bd,27,2,0,0,1,1,1
http://online-banglalink.com.bd,31,2,0,0,1,1,1
http://verify-banglalink.edu.bd,31,2,0,0,1,1,1
http://verify-bracbank.edu.bd,29,2,0,0,1,1,1
http://verify-banglalink.com.bd,31,2,0,0,1,1,1
http://update-ebl.org.bd,24,2,0,0,1,1,1
http://www-bank.edu.bd,22,2,0,0,1,1,1
http://login-banglalink.edu.bd,30,2,0,0,1,1,1
http://verify-service.org.bd,28,2,0,0,1,1,1
http://update-shop.com.bd,25,2,0,0,0,1,0
http://online-banglalink.com.bd,31,2,0,0,1,1,1
http://secure-secure.edu.bd,27,2,0,0,1,1,1
http://verify-site.org.bd,25,2,0,0,0,1,0
http://update-bank.com.bd,25,2,0,1,0,1,0
http://www-banglalink.org.bd,28,2,0,0,1,1,1
http://verify-service.com.bd,28,2,0,0,1,1,1
http://update-portal.org.bd,27,2,0,0,0,1,0
http://online-site.com.bd,25,2,0,0,0,1,0
http://verify-paypal.org.bd,27,2,0,0,1,1,1
http://online-portal.edu.bd,27,2,0,1,0,1,0
http://verify-shop.com.bd,25,2,0,1,0,1,0
http://verify-amazon.org.bd,27,2,0,0,1,1,1
http://online-paypal.org.bd,27,2,0,0,1,1,1
http://secure-banglalink.com.bd,31,2,0,0,1,1,1
http://secure-ebl.edu.bd,24,2,0,0,1,1,1
http://secure-bank.com.bd,25,2,0,0,0,1,0
http://verify-paypal.edu.bd,27,2,0,0,1,1,1
http://update-portal.org.bd,27,2,0,1,0,1,0
http://login-portal.edu.bd,26,2,0,1,0,1,0
http://login-portal.org.bd,26,2,0,1,0,1,0
http://verify-shop.org.bd,25,2,0,1,0,1,0
http://secure-login.org.bd,26,2,0,0,1,1,1
http://secure-bracbank.com.bd,29,2,0,0,1,1,1
http://online-update.org.bd,27,2,0,0,1,1,1
http://www-login.org.bd,23,2,0,0,1,1,1
http://online-secure.com.bd,27,2,0,0,1,1,1
http://verify-service.com.bd,28,2,0,0,1,1,1
http://verify-site.com.bd,25,2,0,0,0,1,0
http://verify-paypal.edu.bd,27,2,0,0,1,1,1
http://update-bank.edu.bd,25,2,0,0,1,1,1
http://login-service.org.bd,27,2,0,0,0,1,0
http://secure-site.org.bd,25,2,0,1,0,1,0
http://secure-service.org.bd,28,2,0,0,1,1,1
http://www-service.com.bd,25,2,0,1,0,1,0
http://secure-paypal.com.bd,27,2,0,0,1,1,1
http://login-site.edu.bd,24,2,0,1,0,1,0
http://secure-bank.org.bd,25,2,0,0,1,1,1
http://www-service.com.bd,25,2,0,1,0,1,0
http://secure-service.org.bd,28,2,0,1,0,1,0
http://secure-login.edu.bd,26,2,0,0,1,1,1
http://secure-portal.org.bd,27,2,0,1,0,1,0
http://update-login.edu.bd,26,2,0,0,1,1,1
http://login-bank.edu.bd,24,2,0,0,1,1,1
http://login-ebl.org.bd,23,2,0,0,1,1,1
http://update-amazon.com.bd,27,2,0,0,1,1,1
http://verify-service.com.bd,28,2,0,1,0,1,0
http://www-site.org.bd,22,2,0,0,0,1,0
http://secure-shop.com.bd,25,2,0,1,0,1,0
http://update-bank.edu.bd,25,2,0,0,1,1,1
http://update-portal.com.bd,27,2,0,1,0,1,0
http://online-amazon.org.bd,27,2,0,0,1,1,1
http://login-service.com.bd,27,2,0,0,0,1,0
http://secure-bank.org.bd,25,2,0,0,1,1,1
http://update-banglalink.org.bd,31,2,0,0,1,1,1
http://update-login.org.bd,26,2,0,0,1,1,1
http://secure-shop.com.bd,25,2,0,0,0,1,0
http://verify-update.com.bd,27,2,0,0,1,1,1
http://update-service.edu.bd,28,2,0,0,0,1,0
http://login-shop.edu.bd,24,2,0,0,0,1,0
http://login-shop.edu.bd,24,2,0,1,0,1,0
http://update-paypal.edu.bd,27,2,0,0,1,1,1
http://online-banglalink.edu.bd,31,2,0,0,1,1,1
http://www-paypal.edu.bd,24,2,0,0,1,1,1
http://secure-bank.com.bd,25,2,0,0,0,1,0
http://secure-portal.edu.bd,27,2,0,1,0,1,0
http://online-service.com.bd,28,2,0,0,0,1,0
http://update-paypal.com.bd,27,2,0,0,1,1,1
http://secure-banglalink.edu.bd,31,2,0,0,1,1,1
http://verify-paypal.edu.bd,27,2,0,0,1,1,1
http://login-shop.org.bd,24,2,0,0,0,1,0
http://login-portal.org.bd,26,2,0,1,0,1,0
http://www-secure.com.bd,24,2,0,0,1,1,1
http://www-portal.org.bd,24,2,0,1,0,1,0
http://verify-update.com.bd,27,2,0,0,1,1,1
http://verify-service.org.bd,28,2,0,1,0,1,0
http://online-service.edu.bd,28,2,0,1,0,1,0
http://online-bracbank.com.bd,29,2,0,0,1,1,1
http://www-service.edu.bd,25,2,0,1,0,1,0
http://online-bank.com.bd,25,2,0,0,1,1,1
http://secure-service.edu.bd,28,2,0,1,0,1,0
http://update-ebl.com.bd,24,2,0,0,1,1,1
http://online-shop.com.bd,25,2,0,0,0,1,0
http://login-service.com.bd,27,2,0,1,0,1,0
http://www-portal.org.bd,24,2,0,1,0,1,0
http://update-amazon.edu.bd,27,2,0,0,1,1,1
http://update-bank.edu.bd,25,2,0,0,0,1,0
http://login-update.edu.bd,26,2,0,0,1,1,1
http://verify-bank.edu.bd,25,2,0,1,0,1,0
http://online-portal.edu.bd,27,2,0,0,0,1,0
http://login-amazon.com.bd,26,2,0,0,1,1,1
http://login-secure.com.bd,26,2,0,0,1,1,1
http://secure-bank.com.bd,25,2,0,0,0,1,0
http://login-bank.com.bd,24,2,0,0,0,1,0
http://verify-secure.edu.bd,27,2,0,0,1,1,1
http://update-bank.com.bd,25,2,0,0,1,1,1
http://verify-ebl.org.bd,24,2,0,0,1,1,1
http://www-site.com.bd,22,2,0,1,0,1,0
http://www-shop.edu.bd,22,2,0,0,0,1,0
http://login-service.org.bd,27,2,0,1,0,1,0
http://verify-portal.edu.bd,27,2,0,0,0,1,0
http://login-portal.org.bd,26,2,0,1,0,1,0
http://www-secure.edu.bd,24,2,0,0,1,1,1
http://verify-portal.org.bd,27,2,0,1,0,1,0
http://secure-bracbank.com.bd,29,2,0,0,1,1,1
http://update-site.org.bd,25,2,0,0,0,1,0
http://secure-amazon.com.bd,27,2,0,0,1,1,1
http://www-shop.edu.bd,22,2,0,0,0,1,0
http://online-secure.com.bd,27,2,0,0,1,1,1
http://verify-shop.com.bd,25,2,0,1,0,1,0
http://www-portal.org.bd,24,2,0,0,0,1,0
http://secure-banglalink.edu.bd,31,2,0,0,1,1,1
http://www-shop.org.bd,22,2,0,0,0,1,0
http://secure-portal.org.bd,27,2,0,0,0,1,0
http://secure-amazon.edu.bd,27,2,0,0,1,1,1
http://www-update.com.bd,24,2,0,0,1,1,1
http://login-service.edu.bd,27,2,0,0,0,1,0
http://online-ebl.org.bd,24,2,0,0,1,1,1
http://update-login.com.bd,26,2,0,0,1,1,1
http://verify-login.org.bd,26,2,0,0,1,1,1
http://login-secure.com.bd,26,2,0,0,1,1,1
http://update-bank.org.bd,25,2,0,1,0,1,0
http://www-service.com.bd,25,2,0,0,1,1,1
http://login-service.org.bd,27,2,0,1,0,1,0
http://verify-login.com.bd,26,2,0,0,1,1,1
http://update-amazon.edu.bd,27,2,0,0,1,1,1
http://verify-login.org.bd,26,2,0,0,1,1,1
http://secure-shop.edu.bd,25,2,0,1,0,1,0
http://secure-bracbank.com.bd,29,2,0,0,1,1,1
http://www-service.org.bd,25,2,0,0,1,1,1
http://login-portal.com.bd,26,2,0,1,0,1,0
http://login-amazon.edu.bd,26,2,0,0,1,1,1
http://update-bank.org.bd,25,2,0,0,0,1,0
http://login-site.edu.bd,24,2,0,0,0,1,0
http://login-banglalink.edu.bd,30,2,0,0,1,1,1
http://update-login.edu.bd,26,2,0,0,1,1,1
http://login-bank.org.bd,24,2,0,1,0,1,0
http://update-shop.edu.bd,25,2,0,1,0,1,0
http://login-shop.org.bd,24,2,0,0,0,1,0
http://secure-bank.edu.bd,25,2,0,0,1,1,1
http://online-service.com.bd,28,2,0,0,0,1,0
http://verify-bank.org.bd,25,2,0,0,1,1,1
http://login-bracbank.edu.bd,28,2,0,0,1,1,1
http://secure-shop.com.bd,25,2,0,0,0,1,0
http://verify-service.com.bd,28,2,0,0,0,1,0
http://www-login.org.bd,23,2,0,0,1,1,1
http://online-portal.org.bd,27,2,0,1,0,1,0
http://verify-login.edu.bd,26,2,0,0,1,1,1
http://login-portal.com.bd,26,2,0,1,0,1,0
http://update-update.org.bd,27,2,0,0,1,1,1
http://update-shop.com.bd,25,2,0,1,0,1,0
http://secure-shop.com.bd,25,2,0,1,0,1,0
http://secure-site.org.bd,25,2,0,1,0,1,0
http://online-bank.org.bd,25,2,0,1,0,1,0
http://login-portal.edu.bd,26,2,0,1,0,1,0
http://www-login.org.bd,23,2,0,0,1,1,1
http://online-bank.org.bd,25,2,0,0,0,1,0
http://update-amazon.org.bd,27,2,0,0,1,1,1
http://online-paypal.edu.bd,27,2,0,0,1,1,1
http://update-banglalink.edu.bd,31,2,0,0,1,1,1
http://login-banglalink.edu.bd,30,2,0,0,1,1,1
http://secure-service.com.bd,28,2,0,1,0,1,0
http://login-banglalink.edu.bd,30,2,0,0,1,1,1
http://login-login.edu.bd,25,2,0,0,1,1,1
http://www-service.org.bd,25,2,0,1,0,1,0
http://update-bank.org.bd,25,2,0,0,0,1,0
http://secure-login.com.bd,26,2,0,0,1,1,1
http://secure-portal.com.bd,27,2,0,0,0,1,0
http://login-site.org.bd,24,2,0,1,0,1,0
http://secure-login.edu.bd,26,2,0,0,1,1,1
http://verify-bracbank.com.bd,29,2,0,0,1,1,1
http://online-service.com.bd,28,2,0,0,1,1,1
http://login-bracbank.org.bd,28,2,0,0,1,1,1
http://www-service.com.bd,25,2,0,0,1,1,1
http://login-service.org.bd,27,2,0,0,0,1,0
http://www-shop.com.bd,22,2,0,0,0,1,0
http://online-site.org.bd,25,2,0,1,0,1,0
http://secure-secure.edu.bd,27,2,0,0,1,1,1
http://verify-site.edu.bd,25,2,0,1,0,1,0
http://verify-bracbank.com.bd,29,2,0,0,1,1,1
http://online-paypal.edu.bd,27,2,0,0,1,1,1
http://online-shop.org.bd,25,2,0,0,0,1,0
http://online-site.com.bd,25,2,0,1,0,1,0
http://login-service.org.bd,27,2,0,0,1,1,1
http://online-service.com.bd,28,2,0,0,0,1,0
http://update-bank.edu.bd,25,2,0,0,0,1,0
http://secure-service.org.bd,28,2,0,0,0,1,0
http://secure-site.edu.bd,25,2,0,0,0,1,0
http://login-bank.com.bd,24,2,0,0,1,1,1
http://verify-amazon.org.bd,27,2,0,0,1,1,1
http://update-service.edu.bd,28,2,0,0,0,1,0
http://verify-bracbank.com.bd,29,2,0,0,1,1,1
http://update-site.com.bd,25,2,0,0,0,1,0
http://verify-paypal.edu.bd,27,2,0,0,1,1,1
http://login-paypal.edu.bd,26,2,0,0,1,1,1
http://update-paypal.edu.bd,27,2,0,0,1,1,1
http://update-service.org.bd,28,2,0,0,1,1,1
http://www-bank.edu.bd,22,2,0,0,0,1,0
http://login-login.com.bd,25,2,0,0,1,1,1
http://login-bracbank.edu.bd,28,2,0,0,1,1,1
http://www-amazon.org.bd,24,2,0,0,1,1,1
http://update-service.com.bd,28,2,0,1,0,1,0
http://update-bank.com.bd,25,2,0,0,0,1,0
http://verify-bank.com.bd,25,2,0,0,0,1,0
http://verify-update.com.bd,27,2,0,0,1,1,1
http://www-bracbank.org.bd,26,2,0,0,1,1,1
http://update-bracbank.com.bd,29,2,0,0,1,1,1
http://secure-service.com.bd,28,2,0,1,0,1,0
http://login-banglalink.com.bd,30,2,0,0,1,1,1
http://update-bank.com.bd,25,2,0,0,0,1,0
http://update-login.org.bd,26,2,0,0,1,1,1
http://secure-amazon.com.bd,27,2,0,0,1,1,1
http://verify-portal.org.bd,27,2,0,0,0,1,0
http://update-service.org.bd,28,2,0,0,1,1,1
http://online-portal.edu.bd,27,2,0,1,0,1,0
http://verify-site.org.bd,25,2,0,0,0,1,0
http://secure-bank.org.bd,25,2,0,0,1,1,1
http://online-amazon.org.bd,27,2,0,0,1,1,1
http://online-portal.edu.bd,27,2,0,0,0,1,0
http://secure-ebl.org.bd,24,2,0,0,1,1,1
http://secure-paypal.edu.bd,27,2,0,0,1,1,1
http://update-login.edu.bd,26,2,0,0,1,1,1
http://verify-shop.com.bd,25,2,0,1,0,1,0
http://verify-service.com.bd,28,2,0,0,0,1,0
http://secure-update.edu.bd,27,2,0,0,1,1,1
http://login-service.com.bd,27,2,0,0,0,1,0
http://login-secure.com.bd,26,2,0,0,1,1,1
http://www-site.com.bd,22,2,0,0,0,1,0
http://update-amazon.org.bd,27,2,0,0,1,1,1
http://login-shop.org.bd,24,2,0,1,0,1,0
http://secure-update.org.bd,27,2,0,0,1,1,1
http://update-bank.org.bd,25,2,0,1,0,1,0
http://verify-update.edu.bd,27,2,0,0,1,1,1
http://www-ebl.com.bd,21,2,0,0,1,1,1
http://secure-paypal.org.bd,27,2,0,0,1,1,1
http://update-update.com.bd,27,2,0,0,1,1,1
http://www-site.com.bd,22,2,0,1,0,1,0
http://www-service.org.bd,25,2,0,0,0,1,0
http://verify-service.com.bd,28,2,0,0,0,1,0
http://update-shop.com.bd,25,2,0,1,0,1,0
http://update-service.com.bd,28,2,0,0,0,1,0
http://secure-bank.edu.bd,25,2,0,0,1,1,1
http://update-service.org.bd,28,2,0,0,0,1,0
http://update-secure.edu.bd,27,2,0,0,1,1,1
http://www-portal.com.bd,24,2,0,1,0,1,0
http://secure-bracbank.com.bd,29,2,0,0,1,1,1
http://www-portal.edu.bd,24,2,0,0,0,1,0
http://update-site.com.bd,25,2,0,0,0,1,0
http://secure-bank.edu.bd,25,2,0,0,0,1,0
http://www-shop.org.bd,22,2,0,0,0,1,0
http://online-site.com.bd,25,2,0,1,0,1,0
http://secure-service.org.bd,28,2,0,0,1,1,1
http://secure-shop.edu.bd,25,2,0,1,0,1,0
http://login-banglalink.com.bd,30,2,0,0,1,1,1
http://update-shop.edu.bd,25,2,0,0,0,1,0
http://secure-bank.com.bd,25,2,0,0,1,1,1
http://verify-update.com.bd,27,2,0,0,1,1,1
http://online-login.com.bd,26,2,0,0,1,1,1
http://www-bank.edu.bd,22,2,0,1,0,1,0
http://online-bracbank.com.bd,29,2,0,0,1,1,1
http://secure-portal.edu.bd,27,2,0,0,0,1,0
http://online-site.com.bd,25,2,0,1,0,1,0
http://online-bank.edu.bd,25,2,0,0,0,1,0
http://login-service.org.bd,27,2,0,1,0,1,0
http://update-amazon.org.bd,27,2,0,0,1,1,1
http://verify-bank.com.bd,25,2,0,0,1,1,1
http://login-bank.com.bd,24,2,0,1,0,1,0
http://secure-shop.edu.bd,25,2,0,1,0,1,0
http://login-service.org.bd,27,2,0,0,1,1,1
http://secure-banglalink.org.bd,31,2,0,0,1,1,1
http://update-ebl.com.bd,24,2,0,0,1,1,1
http://www-bracbank.com.bd,26,2,0,0,1,1,1
http://secure-amazon.com.bd,27,2,0,0,1,1,1
http://online-portal.org.bd,27,2,0,1,0,1,0
http://update-bank.com.bd,25,2,0,1,0,1,0
http://www-bank.edu.bd,22,2,0,1,0,1,0
http://login-shop.edu.bd,24,2,0,0,0,1,0
http://www-service.edu.bd,25,2,0,0,1,1,1
http://update-login.edu.bd,26,2,0,0,1,1,1
http://www-portal.com.bd,24,2,0,1,0,1,0
http://login-portal.com.bd,26,2,0,1,0,1,0
http://secure-bracbank.com.bd,29,2,0,0,1,1,1
http://www-amazon.com.bd,24,2,0,0,1,1,1
http://online-service.com.bd,28,2,0,0,1,1,1
http://update-shop.edu.bd,25,2,0,1,0,1,0
http://secure-ebl.com.bd,24,2,0,0,1,1,1
http://www-site.edu.bd,22,2,0,1,0,1,0
http://online-paypal.com.bd,27,2,0,0,1,1,1
http://verify-portal.org.bd,27,2,0,1,0,1,0
http://verify-update.edu.bd,27,2,0,0,1,1,1
http://online-paypal.org.bd,27,2,0,0,1,1,1
http://online-portal.com.bd,27,2,0,0,0,1,0
http://verify-service.org.bd,28,2,0,0,1,1,1
http://online-amazon.edu.bd,27,2,0,0,1,1,1
http://verify-portal.com.bd,27,2,0,0,0,1,0
http://www-amazon.edu.bd,24,2,0,0,1,1,1
http://login-banglalink.com.bd,30,2,0,0,1,1,1
http://verify-ebl.edu.bd,24,2,0,0,1,1,1
http://login-paypal.edu.bd,26,2,0,0,1,1,1
http://update-shop.com.bd,25,2,0,1,0,1,0
http://online-portal.com.bd,27,2,0,0,0,1,0
http://online-bracbank.edu.bd,29,2,0,0,1,1,1
http://online-ebl.edu.bd,24,2,0,0,1,1,1
http://update-portal.org.bd,27,2,0,1,0,1,0
http://verify-bank.org.bd,25,2,0,0,0,1,0
http://www-service.com.bd,25,2,0,0,0,1,0
http://update-site.com.bd,25,2,0,0,0,1,0
http://verify-service.com.bd,28,2,0,1,0,1,0
http://verify-bracbank.com.bd,29,2,0,0,1,1,1
http://verify-portal.edu.bd,27,2,0,1,0,1,0
http://login-bracbank.org.bd,28,2,0,0,1,1,1
http://secure-shop.com.bd,25,2,0,1,0,1,0
http://online-service.edu.bd,28,2,0,0,1,1,1
http://secure-amazon.org.bd,27,2,0,0,1,1,1
http://www-amazon.com.bd,24,2,0,0,1,1,1
http://online-site.com.bd,25,2,0,1,0,1,0
http://www-service.com.bd,25,2,0,0,0,1,0
http://verify-portal.com.bd,27,2,0,1,0,1,0
http://verify-bank.com.bd,25,2,0,0,0,1,0
http://online-bank.com.bd,25,2,0,1,0,1,0
http://verify-bank.edu.bd,25,2,0,0,1,1,1
http://online-shop.com.bd,25,2,0,1,0,1,0
http://online-bank.com.bd,25,2,0,0,1,1,1
http://online-secure.org.bd,27,2,0,0,1,1,1
http://secure-portal.com.bd,27,2,0,1,0,1,0
http://update-service.org.bd,28,2,0,1,0,1,0
http://online-site.com.bd,25,2,0,0,0,1,0
http://online-portal.edu.bd,27,2,0,1,0,1,0
http://login-bank.org.bd,24,2,0,0,1,1,1
http://verify-login.com.bd,26,2,0,0,1,1,1
http://www-bank.com.bd,22,2,0,0,1,1,1
http://www-secure.org.bd,24,2,0,0,1,1,1
http://online-portal.org.bd,27,2,0,1,0,1,0
http://login-site.edu.bd,24,2,0,1,0,1,0
http://www-update.org.bd,24,2,0,0,1,1,1
http://online-update.edu.bd,27,2,0,0,1,1,1
http://login-secure.edu.bd,26,2,0,0,1,1,1
http://online-secure.org.bd,27,2,0,0,1,1,1
http://verify-paypal.edu.bd,27,2,0,0,1,1,1
http://www-shop.edu.bd,22,2,0,0,0,1,0
http://login-login.org.bd,25,2,0,0,1,1,1
http://update-secure.edu.bd,27,2,0,0,1,1,1
http://online-bank.edu.bd,25,2,0,1,0,1,0
http://verify-banglalink.com.bd,31,2,0,0,1,1,1
http://update-service.com.bd,28,2,0,0,1,1,1
http://www-bracbank.edu.bd,26,2,0,0,1,1,1
http://verify-site.com.bd,25,2,0,0,0,1,0
http://online-update.com.bd,27,2,0,0,1,1,1
http://secure-secure.edu.bd,27,2,0,0,1,1,1
http://verify-update.edu.bd,27,2,0,0,1,1,1
http://secure-login.com.bd,26,2,0,0,1,1,1
http://login-banglalink.org.bd,30,2,0,0,1,1,1
http://verify-shop.com.bd,25,2,0,0,0,1,0
http://secure-service.com.bd,28,2,0,0,1,1,1
http://secure-secure.org.bd,27,2,0,0,1,1,1
http://login-bracbank.org.bd,28,2,0,0,1,1,1
http://login-bank.org.bd,24,2,0,0,1,1,1
http://www-bracbank.edu.bd,26,2,0,0,1,1,1
http://www-ebl.org.bd,21,2,0,0,1,1,1
http://login-amazon.org.bd,26,2,0,0,1,1,1
http://update-service.edu.bd,28,2,0,0,0,1,0
http://online-shop.edu.bd,25,2,0,1,0,1,0
http://secure-amazon.org.bd,27,2,0,0,1,1,1
http://online-shop.edu.bd,25,2,0,0,0,1,0
http://secure-bank.com.bd,25,2,0,1,0,1,0
http://update-banglalink.com.bd,31,2,0,0,1,1,1
http://verify-ebl.org.bd,24,2,0,0,1,1,1
http://www-secure.com.bd,24,2,0,0,1,1,1
http://update-shop.com.bd,25,2,0,1,0,1,0
http://secure-shop.org.bd,25,2,0,1,0,1,0
http://secure-site.com.bd,25,2,0,1,0,1,0
http://www-service.edu.bd,25,2,0,0,0,1,0
http://secure-service.org.bd,28,2,0,1,0,1,0
http://login-bank.edu.bd,24,2,0,0,0,1,0
http://online-bank.org.bd,25,2,0,0,0,1,0
http://online-secure.edu.bd,27,2,0,0,1,1,1
http://login-site.com.bd,24,2,0,0,0,1,0
http://login-amazon.edu.bd,26,2,0,0,1,1,1
http://www-portal.edu.bd,24,2,0,1,0,1,0
http://www-bracbank.com.bd,26,2,0,0,1,1,1
http://secure-banglalink.org.bd,31,2,0,0,1,1,1
http://www-bank.org.bd,22,2,0,1,0,1,0
http://secure-portal.org.bd,27,2,0,0,0,1,0
http://update-shop.org.bd,25,2,0,1,0,1,0
http://verify-portal.edu.bd,27,2,0,1,0,1,0
http://online-ebl.org.bd,24,2,0,0,1,1,1
http://login-shop.edu.bd,24,2,0,0,0,1,0
http://secure-shop.com.bd,25,2,0,1,0,1,0
http://secure-shop.org.bd,25,2,0,1,0,1,0
http://update-amazon.edu.bd,27,2,0,0,1,1,1
http://update-bank.edu.bd,25,2,0,0,0,1,0
http://update-service.com.bd,28,2,0,0,0,1,0
http://verify-paypal.org.bd,27,2,0,0,1,1,1
http://update-site.edu.bd,25,2,0,0,0,1,0
http://login-service.edu.bd,27,2,0,0,0,1,0
http://login-ebl.com.bd,23,2,0,0,1,1,1
http://update-bank.com.bd,25,2,0,1,0,1,0
http://verify-amazon.org.bd,27,2,0,0,1,1,1
http://update-service.com.bd,28,2,0,1,0,1,0
http://secure-paypal.com.bd,27,2,0,0,1,1,1
http://secure-bank.edu.bd,25,2,0,0,1,1,1
http://update-shop.edu.bd,25,2,0,0,0,1,0
http://secure-service.com.bd,28,2,0,0,0,1,0
http://login-shop.edu.bd,24,2,0,0,0,1,0
http://login-amazon.edu.bd,26,2,0,0,1,1,1
http://login-amazon.edu.bd,26,2,0,0,1,1,1
http://online-paypal.org.bd,27,2,0,0,1,1,1
http://update-bank.org.bd,25,2,0,1,0,1,0
http://secure-site.edu.bd,25,2,0,1,0,1,0
http://verify-shop.com.bd,25,2,0,1,0,1,0
http://www-service.org.bd,25,2,0,1,0,1,0
http://online-shop.org.bd,25,2,0,0,0,1,0
http://online-site.org.bd,25,2,0,0,0,1,0
http://secure-bank.org.bd,25,2,0,1,0,1,0
http://secure-shop.com.bd,25,2,0,0,0,1,0
http://www-ebl.org.bd,21,2,0,0,1,1,1
http://update-portal.org.bd,27,2,0,0,0,1,0
http://update-shop.com.bd,25,2,0,1,0,1,0
http://online-amazon.com.bd,27,2,0,0,1,1,1
http://secure-bank.edu.bd,25,2,0,0,0,1,0
http://update-bank.org.bd,25,2,0,1,0,1,0
http://verify-bank.com.bd,25,2,0,0,0,1,0
http://login-service.com.bd,27,2,0,1,0,1,0
http://login-portal.org.bd,26,2,0,0,0,1,0
http://www-shop.org.bd,22,2,0,0,0,1,0
http://online-login.edu.bd,26,2,0,0,1,1,1
http://online-ebl.edu.bd,24,2,0,0,1,1,1
http://secure-bank.com.bd,25,2,0,0,1,1,1
http://secure-service.org.bd,28,2,0,0,1,1,1
http://verify-service.com.bd,28,2,0,0,0,1,0
http://online-shop.edu.bd,25,2,0,0,0,1,0
http://login-shop.edu.bd,24,2,0,1,0,1,0
http://online-banglalink.edu.bd,31,2,0,0,1,1,1
http://www-bank.org.bd,22,2,0,0,0,1,0
http://www-service.edu.bd,25,2,0,0,0,1,0
http://update-ebl.com.bd,24,2,0,0,1,1,1
http://www-bank.com.bd,22,2,0,0,1,1,1
http://www-paypal.com.bd,24,2,0,0,1,1,1
http://secure-site.org.bd,25,2,0,0,0,1,0
http://verify-portal.com.bd,27,2,0,1,0,1,0
http://update-portal.org.bd,27,2,0,1,0,1,0
http://online-site.org.bd,25,2,0,1,0,1,0
http://login-site.com.bd,24,2,0,0,0,1,0
http://secure-paypal.edu.bd,27,2,0,0,1,1,1
http://www-banglalink.edu.bd,28,2,0,0,1,1,1
http://login-ebl.edu.bd,23,2,0,0,1,1,1
http://secure-site.com.bd,25,2,0,0,0,1,0
http://www-shop.org.bd,22,2,0,0,0,1,0
http://verify-service.com.bd,28,2,0,0,0,1,0
http://login-login.edu.bd,25,2,0,0,1,1,1
http://verify-ebl.org.bd,24,2,0,0,1,1,1
http://login-site.org.bd,24,2,0,0,0,1,0
http://www-ebl.org.bd,21,2,0,0,1,1,1
http://online-bank.org.bd,25,2,0,1,0,1,0
http://verify-service.edu.bd,28,2,0,0,0,1,0
http://login-banglalink.org.bd,30,2,0,0,1,1,1
http://online-paypal.com.bd,27,2,0,0,1,1,1
http://online-shop.edu.bd,25,2,0,0,0,1,0
http://online-login.org.bd,26,2,0,0,1,1,1
http://verify-bracbank.edu.bd,29,2,0,0,1,1,1
http://www-ebl.org.bd,21,2,0,0,1,1,1
http://login-paypal.org.bd,26,2,0,0,1,1,1
http://update-amazon.org.bd,27,2,0,0,1,1,1
http://online-bracbank.com.bd,29,2,0,0,1,1,1
http://online-bank.edu.bd,25,2,0,0,1,1,1
http://login-login.edu.bd,25,2,0,0,1,1,1
http://verify-portal.edu.bd,27,2,0,0,0,1,0
http://online-portal.org.bd,27,2,0,0,0,1,0
http://online-service.edu.bd,28,2,0,0,1,1,1
http://verify-site.com.bd,25,2,0,1,0,1,0
http://www-bank.org.bd,22,2,0,0,0,1,0
http://www-bracbank.org.bd,26,2,0,0,1,1,1
http://update-update.org.bd,27,2,0,0,1,1,1
http://update-login.edu.bd,26,2,0,0,1,1,1
http://www-portal.org.bd,24,2,0,0,0,1,0
http://secure-bracbank.org.bd,29,2,0,0,1,1,1
http://secure-portal.org.bd,27,2,0,0,0,1,0
http://verify-amazon.org.bd,27,2,0,0,1,1,1
http://login-service.edu.bd,27,2,0,1,0,1,0
http://update-service.com.bd,28,2,0,1,0,1,0
http://www-secure.edu.bd,24,2,0,0,1,1,1
http://login-update.edu.bd,26,2,0,0,1,1,1
http://verify-service.edu.bd,28,2,0,0,0,1,0
http://update-paypal.edu.bd,27,2,0,0,1,1,1
http://online-site.org.bd,25,2,0,0,0,1,0
http://update-banglalink.org.bd,31,2,0,0,1,1,1
http://login-bank.org.bd,24,2,0,1,0,1,0
http://secure-service.org.bd,28,2,0,1,0,1,0
http://login-service.edu.bd,27,2,0,0,1,1,1
http://update-shop.edu.bd,25,2,0,1,0,1,0
http://secure-bank.com.bd,25,2,0,0,0,1,0
http://online-bank.edu.bd,25,2,0,0,0,1,0
http://online-bank.edu.bd,25,2,0,0,1,1,1
http://verify-shop.com.bd,25,2,0,0,0,1,0
http://verify-shop.edu.bd,25,2,0,1,0,1,0
http://www-service.org.bd,25,2,0,1,0,1,0
http://www-bank.edu.bd,22,2,0,1,0,1,0
http://verify-shop.com.bd,25,2,0,0,0,1,0
http://secure-service.org.bd,28,2,0,0,1,1,1
http://www-site.edu.bd,22,2,0,1,0,1,0
http://secure-service.com.bd,28,2,0,0,1,1,1
http://online-bracbank.edu.bd,29,2,0,0,1,1,1
http://www-banglalink.com.bd,28,2,0,0,1,1,1
http://verify-secure.org.bd,27,2,0,0,1,1,1
http://online-portal.edu.bd,27,2,0,1,0,1,0
http://www-service.org.bd,25,2,0,1,0,1,0
http://secure-shop.org.bd,25,2,0,0,0,1,0
http://secure-service.com.bd,28,2,0,0,1,1,1
http://online-shop.edu.bd,25,2,0,1,0,1,0
http://login-service.edu.bd,27,2,0,1,0,1,0
http://online-amazon.edu.bd,27,2,0,0,1,1,1
http://update-service.edu.bd,28,2,0,1,0,1,0
http://login-shop.org.bd,24,2,0,0,0,1,0
http://secure-shop.org.bd,25,2,0,1,0,1,0
http://www-bank.com.bd,22,2,0,1,0,1,0
http://verify-bracbank.edu.bd,29,2,0,0,1,1,1
http://secure-banglalink.org.bd,31,2,0,0,1,1,1
http://online-bank.org.bd,25,2,0,0,1,1,1
http://update-site.com.bd,25,2,0,0,0,1,0
http://update-service.edu.bd,28,2,0,0,1,1,1
http://login-ebl.org.bd,23,2,0,0,1,1,1
http://update-shop.com.bd,25,2,0,1,0,1,0
http://update-shop.com.bd,25,2,0,1,0,1,0
http://secure-update.com.bd,27,2,0,0,1,1,1
http://verify-ebl.edu.bd,24,2,0,0,1,1,1
http://online-service.edu.bd,28,2,0,0,0,1,0
http://www-ebl.org.bd,21,2,0,0,1,1,1
http://login-service.edu.bd,27,2,0,0,0,1,0
http://update-amazon.com.bd,27,2,0,0,1,1,1
http://login-bracbank.edu.bd,28,2,0,0,1,1,1
http://login-portal.edu.bd,26,2,0,0,0,1,0
http://online-ebl.org.bd,24,2,0,0,1,1,1
http://secure-update.org.bd,27,2,0,0,1,1,1
http://online-ebl.org.bd,24,2,0,0,1,1,1
http://verify-site.com.bd,25,2,0,1,0,1,0
http://update-service.edu.bd,28,2,0,0,0,1,0
http://secure-shop.edu.bd,25,2,0,0,0,1,0
http://login-update.edu.bd,26,2,0,0,1,1,1
http://secure-amazon.edu.bd,27,2,0,0,1,1,1
http://www-banglalink.com.bd,28,2,0,0,1,1,1
http://www-bank.edu.bd,22,2,0,0,0,1,0
http://secure-bracbank.com.bd,29,2,0,0,1,1,1
http://verify-login.org.bd,26,2,0,0,1,1,1
http://secure-login.edu.bd,26,2,0,0,1,1,1
http://verify-bank.edu.bd,25,2,0,0,0,1,0
http://online-shop.com.bd,25,2,0,0,0,1,0
http://verify-secure.com.bd,27,2,0,0,1,1,1
http://online-bank.com.bd,25,2,0,0,0,1,0
http://verify-bank.org.bd,25,2,0,0,0,1,0
http://secure-login.edu.bd,26,2,0,0,1,1,1
http://update-bank.edu.bd,25,2,0,0,0,1,0
http://login-bank.org.bd,24,2,0,1,0,1,0
http://www-bracbank.org.bd,26,2,0,0,1,1,1
http://login-portal.edu.bd,26,2,0,1,0,1,0
http://login-site.org.bd,24,2,0,1,0,1,0
http://secure-ebl.org.bd,24,2,0,0,1,1,1
http://update-shop.com.bd,25,2,0,1,0,1,0
http://login-service.edu.bd,27,2,0,0,0,1,0
http://verify-bracbank.org.bd,29,2,0,0,1,1,1
http://www-bank.com.bd,22,2,0,0,1,1,1
http://secure-paypal.edu.bd,27,2,0,0,1,1,1
http://login-banglalink.com.bd,30,2,0,0,1,1,1
http://secure-login.org.bd,26,2,0,0,1,1,1
http://www-bank.com.bd,22,2,0,1,0,1,0
http://update-portal.org.bd,27,2,0,1,0,1,0
http://www-ebl.edu.bd,21,2,0,0,1,1,1
http://update-shop.edu.bd,25,2,0,0,0,1,0
http://secure-portal.com.bd,27,2,0,1,0,1,0
http://www-portal.edu.bd,24,2,0,1,0,1,0
http://www-ebl.org.bd,21,2,0,0,1,1,1
http://verify-site.com.bd,25,2,0,0,0,1,0
http://www-update.edu.bd,24,2,0,0,1,1,1
http://login-secure.com.bd,26,2,0,0,1,1,1
http://update-service.edu.bd,28,2,0,0,1,1,1
http://online-amazon.org.bd,27,2,0,0,1,1,1
http://login-bank.org.bd,24,2,0,1,0,1,0
http://verify-portal.com.bd,27,2,0,0,0,1,0
http://www-bank.com.bd,22,2,0,0,1,1,1
http://online-service.com.bd,28,2,0,1,0,1,0
http://login-site.org.bd,24,2,0,1,0,1,0
http://login-ebl.edu.bd,23,2,0,0,1,1,1
http://secure-amazon.com.bd,27,2,0,0,1,1,1
http://login-bank.org.bd,24,2,0,0,1,1,1
http://online-shop.edu.bd,25,2,0,1,0,1,0
http://www-banglalink.com.bd,28,2,0,0,1,1,1
http://update-site.com.bd,25,2,0,1,0,1,0
http://verify-shop.org.bd,25,2,0,0,0,1,0
http://verify-service.org.bd,28,2,0,0,1,1,1
http://secure-bracbank.com.bd,29,2,0,0,1,1,1
http://update-bank.com.bd,25,2,0,0,1,1,1
http://update-bracbank.edu.bd,29,2,0,0,1,1,1
http://update-secure.com.bd,27,2,0,0,1,1,1
http://update-update.edu.bd,27,2,0,0,1,1,1
http://login-banglalink.com.bd,30,2,0,0,1,1,1
http://login-bank.edu.bd,24,2,0,1,0,1,0
http://login-site.edu.bd,24,2,0,1,0,1,0
http://login-bracbank.edu.bd,28,2,0,0,1,1,1
http://www-bank.edu.bd,22,2,0,0,0,1,0
http://update-shop.com.bd,25,2,0,1,0,1,0
http://www-secure.edu.bd,24,2,0,0,1,1,1
http://verify-ebl.org.bd,24,2,0,0,1,1,1
http://update-service.edu.bd,28,2,0,0,0,1,0
http://online-service.com.bd,28,2,0,0,0,1,0
http://www-site.com.bd,22,2,0,0,0,1,0
http://secure-secure.com.bd,27,2,0,0,1,1,1
http://online-site.org.bd,25,2,0,1,0,1,0
http://update-shop.org.bd,25,2,0,1,0,1,0
http://update-service.org.bd,28,2,0,0,1,1,1
http://online-site.com.bd,25,2,0,1,0,1,0
http://login-amazon.org.bd,26,2,0,0,1,1,1
http://online-secure.edu.bd,27,2,0,0,1,1,1
http://verify-amazon.com.bd,27,2,0,0,1,1,1
http://online-shop.org.bd,25,2,0,0,0,1,0
http://online-shop.edu.bd,25,2,0,0,0,1,0
http://www-bracbank.org.bd,26,2,0,0,1,1,1
http://online-login.com.bd,26,2,0,0,1,1,1
http://secure-site.com.bd,25,2,0,1,0,1,0
http://update-login.org.bd,26,2,0,0,1,1,1
http://www-service.edu.bd,25,2,0,0,0,1,0
http://login-service.com.bd,27,2,0,0,1,1,1
http://update-shop.edu.bd,25,2,0,1,0,1,0
http://online-paypal.edu.bd,27,2,0,0,1,1,1
http://update-amazon.com.bd,27,2,0,0,1,1,1
http://secure-shop.org.bd,25,2,0,1,0,1,0
http://secure-shop.org.bd,25,2,0,1,0,1,0
http://update-shop.org.bd,25,2,0,1,0,1,0
http://secure-bank.org.bd,25,2,0,0,1,1,1
http://secure-shop.org.bd,25,2,0,0,0,1,0
http://login-amazon.edu.bd,26,2,0,0,1,1,1
http://online-portal.com.bd,27,2,0,0,0,1,0
http://login-portal.com.bd,26,2,0,0,0,1,0
http://www-shop.com.bd,22,2,0,1,0,1,0
http://online-portal.org.bd,27,2,0,0,0,1,0
http://online-update.com.bd,27,2,0,0,1,1,1
http://secure-bank.edu.bd,25,2,0,0,1,1,1
http://www-site.com.bd,22,2,0,1,0,1,0
http://www-bank.edu.bd,22,2,0,0,1,1,1
http://login-login.com.bd,25,2,0,0,1,1,1
http://secure-site.edu.bd,25,2,0,1,0,1,0
http://verify-service.com.bd,28,2,0,0,1,1,1
http://verify-shop.edu.bd,25,2,0,1,0,1,0
http://secure-site.org.bd,25,2,0,1,0,1,0
http://secure-service.org.bd,28,2,0,0,1,1,1
http://verify-bank.org.bd,25,2,0,0,0,1,0
http://login-bank.com.bd,24,2,0,1,0,1,0
http://update-shop.org.bd,25,2,0,0,0,1,0
http://verify-portal.org.bd,27,2,0,0,0,1,0
http://www-paypal.edu.bd,24,2,0,0,1,1,1
http://www-secure.org.bd,24,2,0,0,1,1,1
http://secure-banglalink.edu.bd,31,2,0,0,1,1,1
http://verify-update.edu.bd,27,2,0,0,1,1,1
http://secure-banglalink.org.bd,31,2,0,0,1,1,1
http://update-portal.com.bd,27,2,0,1,0,1,0
http://secure-update.com.bd,27,2,0,0,1,1,1
http://www-update.edu.bd,24,2,0,0,1,1,1
http://verify-site.edu.bd,25,2,0,0,0,1,0
http://update-paypal.edu.bd,27,2,0,0,1,1,1
http://update-banglalink.org.bd,31,2,0,0,1,1,1
http://online-portal.edu.bd,27,2,0,0,0,1,0
http://www-bank.edu.bd,22,2,0,0,0,1,0
http://www-update.edu.bd,24,2,0,0,1,1,1
http://update-bracbank.org.bd,29,2,0,0,1,1,1
http://online-portal.org.bd,27,2,0,1,0,1,0
http://online-banglalink.com.bd,31,2,0,0,1,1,1
http://login-ebl.edu.bd,23,2,0,0,1,1,1
http://online-bank.edu.bd,25,2,0,0,0,1,0
http://verify-secure.edu.bd,27,2,0,0,1,1,1
http://secure-amazon.com.bd,27,2,0,0,1,1,1
http://secure-site.org.bd,25,2,0,1,0,1,0
http://secure-banglalink.edu.bd,31,2,0,0,1,1,1
http://update-secure.com.bd,27,2,0,0,1,1,1
http://verify-site.edu.bd,25,2,0,1,0,1,0
http://update-bank.com.bd,25,2,0,0,0,1,0
http://secure-shop.edu.bd,25,2,0,0,0,1,0
http://online-login.org.bd,26,2,0,0,1,1,1
http://online-site.edu.bd,25,2,0,1,0,1,0
http://online-shop.org.bd,25,2,0,0,0,1,0
http://verify-login.com.bd,26,2,0,0,1,1,1
http://update-portal.com.bd,27,2,0,1,0,1,0
http://verify-shop.edu.bd,25,2,0,1,0,1,0
http://login-bank.org.bd,24,2,0,1,0,1,0
http://www-service.com.bd,25,2,0,0,1,1,1
http://secure-secure.com.bd,27,2,0,0,1,1,1
http://update-ebl.com.bd,24,2,0,0,1,1,1
http://www-portal.com.bd,24,2,0,0,0,1,0
http://update-amazon.org.bd,27,2,0,0,1,1,1
http://login-secure.edu.bd,26,2,0,0,1,1,1
http://secure-shop.org.bd,25,2,0,0,0,1,0
http://online-amazon.com.bd,27,2,0,0,1,1,1
http://online-login.edu.bd,26,2,0,0,1,1,1
http://www-service.org.bd,25,2,0,0,1,1,1
http://verify-bank.edu.bd,25,2,0,0,1,1,1
http://login-bracbank.org.bd,28,2,0,0,1,1,1
http://update-amazon.com.bd,27,2,0,0,1,1,1
http://update-bank.org.bd,25,2,0,0,1,1,1
http://secure-secure.org.bd,27,2,0,0,1,1,1
http://online-update.com.bd,27,2,0,0,1,1,1
http://update-portal.com.bd,27,2,0,0,0,1,0
http://verify-paypal.edu.bd,27,2,0,0,1,1,1
http://verify-bank.com.bd,25,2,0,1,0,1,0
http://secure-portal.org.bd,27,2,0,1,0,1,0
http://secure-site.edu.bd,25,2,0,0,0,1,0
http://secure-bank.com.bd,25,2,0,1,0,1,0
http://verify-site.org.bd,25,2,0,0,0,1,0
http://update-shop.org.bd,25,2,0,0,0,1,0
http://update-secure.org.bd,27,2,0,0,1,1,1
http://update-bank.com.bd,25,2,0,0,0,1,0
http://online-login.edu.bd,26,2,0,0,1,1,1
http://update-amazon.org.bd,27,2,0,0,1,1,1
http://online-service.org.bd,28,2,0,0,1,1,1
http://login-portal.org.bd,26,2,0,0,0,1,0
http://www-service.edu.bd,25,2,0,0,1,1,1
http://verify-login.edu.bd,26,2,0,0,1,1,1
http://www-bank.org.bd,22,2,0,1,0,1,0
http://update-bracbank.org.bd,29,2,0,0,1,1,1
http://update-bracbank.com.bd,29,2,0,0,1,1,1
http://verify-service.com.bd,28,2,0,0,0,1,0
http://online-shop.org.bd,25,2,0,1,0,1,0
http://login-service.edu.bd,27,2,0,0,0,1,0
http://www-bank.edu.bd,22,2,0,1,0,1,0
http://update-site.org.bd,25,2,0,0,0,1,0
http://www-site.edu.bd,22,2,0,0,0,1,0
http://update-bracbank.edu.bd,29,2,0,0,1,1,1
http://www-amazon.org.bd,24,2,0,0,1,1,1
http://update-ebl.org.bd,24,2,0,0,1,1,1
http://login-service.org.bd,27,2,0,1,0,1,0
http://verify-ebl.com.bd,24,2,0,0,1,1,1
http://update-amazon.com.bd,27,2,0,0,1,1,1
http://verify-bracbank.com.bd,29,2,0,0,1,1,1
http://secure-shop.com.bd,25,2,0,0,0,1,0
http://online-portal.org.bd,27,2,0,1,0,1,0
http://update-portal.org.bd,27,2,0,0,0,1,0
http://www-bracbank.org.bd,26,2,0,0,1,1,1
http://www-service.edu.bd,25,2,0,0,0,1,0
http://secure-service.org.bd,28,2,0,0,0,1,0
http://verify-shop.edu.bd,25,2,0,0,0,1,0
http://www-site.com.bd,22,2,0,0,0,1,0
http://login-login.org.bd,25,2,0,0,1,1,1
http://online-update.edu.bd,27,2,0,0,1,1,1
http://secure-service.edu.bd,28,2,0,0,0,1,0
http://www-portal.org.bd,24,2,0,1,0,1,0
http://secure-bank.edu.bd,25,2,0,0,0,1,0
http://login-service.edu.bd,27,2,0,0,0,1,0
http://update-site.org.bd,25,2,0,0,0,1,0
http://online-site.edu.bd,25,2,0,0,0,1,0
http://verify-service.org.bd,28,2,0,0,1,1,1
http://secure-site.edu.bd,25,2,0,1,0,1,0
http://login-service.edu.bd,27,2,0,0,1,1,1
http://secure-shop.com.bd,25,2,0,0,0,1,0
http://verify-ebl.edu.bd,24,2,0,0,1,1,1
http://www-site.org.bd,22,2,0,1,0,1,0
http://www-shop.org.bd,22,2,0,0,0,1,0
http://online-bank.org.bd,25,2,0,1,0,1,0
http://login-service.org.bd,27,2,0,0,1,1,1
http://update-bank.com.bd,25,2,0,1,0,1,0
http://secure-portal.edu.bd,27,2,0,0,0,1,0
http://www-amazon.com.bd,24,2,0,0,1,1,1
http://update-shop.org.bd,25,2,0,0,0,1,0
http://secure-service.org.bd,28,2,0,0,0,1,0
http://update-bank.com.bd,25,2,0,0,0,1,0
http://verify-login.edu.bd,26,2,0,0,1,1,1
http://update-site.com.bd,25,2,0,0,0,1,0
http://verify-bank.edu.bd,25,2,0,1,0,1,0
http://verify-shop.edu.bd,25,2,0,0,0,1,0
http://update-bracbank.edu.bd,29,2,0,0,1,1,1
http://online-portal.edu.bd,27,2,0,1,0,1,0
http://login-portal.edu.bd,26,2,0,0,0,1,0
http://www-service.org.bd,25,2,0,1,0,1,0
http://login-paypal.com.bd,26,2,0,0,1,1,1
http://login-bank.edu.bd,24,2,0,1,0,1,0
http://update-site.com.bd,25,2,0,1,0,1,0
http://login-banglalink.com.bd,30,2,0,0,1,1,1
http://online-paypal.org.bd,27,2,0,0,1,1,1
http://update-ebl.edu.bd,24,2,0,0,1,1,1
http://www-bank.com.bd,22,2,0,0,1,1,1
http://login-paypal.com.bd,26,2,0,0,1,1,1
http://update-secure.com.bd,27,2,0,0,1,1,1
http://online-secure.org.bd,27,2,0,0,1,1,1
http://verify-secure.com.bd,27,2,0,0,1,1,1
http://login-banglalink.com.bd,30,2,0,0,1,1,1
http://login-secure.org.bd,26,2,0,0,1,1,1
http://online-service.com.bd,28,2,0,0,1,1,1
http://www-service.edu.bd,25,2,0,0,0,1,0
http://login-portal.com.bd,26,2,0,1,0,1,0
http://secure-banglalink.edu.bd,31,2,0,0,1,1,1
http://www-service.com.bd,25,2,0,0,1,1,1
http://update-paypal.edu.bd,27,2,0,0,1,1,1
http://secure-shop.org.bd,25,2,0,1,0,1,0
http://secure-bank.org.bd,25,2,0,1,0,1,0
http://secure-login.edu.bd,26,2,0,0,1,1,1
http://update-bank.org.bd,25,2,0,1,0,1,0
http://www-ebl.org.bd,21,2,0,0,1,1,1
http://update-login.edu.bd,26,2,0,0,1,1,1
http://www-site.com.bd,22,2,0,0,0,1,0
http://update-amazon.com.bd,27,2,0,0,1,1,1
http://update-service.org.bd,28,2,0,0,0,1,0
http://update-bank.com.bd,25,2,0,0,1,1,1
http://www-service.edu.bd,25,2,0,0,1,1,1
http://secure-paypal.com.bd,27,2,0,0,1,1,1
http://verify-shop.com.bd,25,2,0,1,0,1,0
http://online-bank.edu.bd,25,2,0,0,0,1,0
http://secure-amazon.edu.bd,27,2,0,0,1,1,1
http://login-service.edu.bd,27,2,0,0,0,1,0
http://login-portal.edu.bd,26,2,0,1,0,1,0
http://secure-bank.org.bd,25,2,0,0,0,1,0
http://www-secure.org.bd,24,2,0,0,1,1,1
http://secure-bracbank.edu.bd,29,2,0,0,1,1,1
http://online-shop.edu.bd,25,2,0,0,0,1,0
http://www-site.edu.bd,22,2,0,0,0,1,0
http://login-site.org.bd,24,2,0,0,0,1,0
http://online-login.org.bd,26,2,0,0,1,1,1
http://verify-ebl.org.bd,24,2,0,0,1,1,1
http://secure-bank.org.bd,25,2,0,1,0,1,0
http://secure-banglalink.org.bd,31,2,0,0,1,1,1
http://www-bank.edu.bd,22,2,0,0,1,1,1
http://secure-login.org.bd,26,2,0,0,1,1,1
http://update-update.com.bd,27,2,0,0,1,1,1
http://verify-portal.org.bd,27,2,0,1,0,1,0
http://verify-bracbank.com.bd,29,2,0,0,1,1,1
http://secure-portal.org.bd,27,2,0,1,0,1,0
http://www-paypal.com.bd,24,2,0,0,1,1,1
http://www-bracbank.edu.bd,26,2,0,0,1,1,1
http://online-service.com.bd,28,2,0,0,0,1,0
http://secure-bracbank.com.bd,29,2,0,0,1,1,1
http://online-site.org.bd,25,2,0,0,0,1,0
http://login-site.org.bd,24,2,0,1,0,1,0
http://www-banglalink.edu.bd,28,2,0,0,1,1,1
http://update-service.com.bd,28,2,0,1,0,1,0
http://www-bank.com.bd,22,2,0,1,0,1,0
http://update-bank.com.bd,25,2,0,1,0,1,0
http://online-service.edu.bd,28,2,0,0,1,1,1
http://online-site.org.bd,25,2,0,1,0,1,0
http://online-service.com.bd,28,2,0,0,0,1,0
http://secure-bracbank.edu.bd,29,2,0,0,1,1,1
http://www-bracbank.org.bd,26,2,0,0,1,1,1
http://www-portal.org.bd,24,2,0,1,0,1,0
http://login-bank.org.bd,24,2,0,0,0,1,0
http://verify-login.com.bd,26,2,0,0,1,1,1
http://secure-service.org.bd,28,2,0,0,1,1,1
http://verify-paypal.edu.bd,27,2,0,0,1,1,1
http://www-banglalink.com.bd,28,2,0,0,1,1,1
http://www-update.com.bd,24,2,0,0,1,1,1
http://verify-bracbank.edu.bd,29,2,0,0,1,1,1
http://login-site.edu.bd,24,2,0,0,0,1,0
http://verify-shop.com.bd,25,2,0,1,0,1,0
http://login-service.edu.bd,27,2,0,0,0,1,0
http://login-site.com.bd,24,2,0,1,0,1,0
http://secure-service.com.bd,28,2,0,0,1,1,1
http://online-ebl.org.bd,24,2,0,0,1,1,1
http://update-site.com.bd,25,2,0,1,0,1,0
http://secure-bracbank.com.bd,29,2,0,0,1,1,1
http://update-paypal.org.bd,27,2,0,0,1,1,1
http://secure-service.edu.bd,28,2,0,0,0,1,0
http://verify-bank.edu.bd,25,2,0,0,0,1,0
http://login-update.com.bd,26,2,0,0,1,1,1
http://update-amazon.com.bd,27,2,0,0,1,1,1
http://verify-paypal.com.bd,27,2,0,0,1,1,1
http://online-shop.edu.bd,25,2,0,1,0,1,0
http://login-login.org.bd,25,2,0,0,1,1,1
http://online-bank.com.bd,25,2,0,1,0,1,0
http://verify-bracbank.edu.bd,29,2,0,0,1,1,1
http://secure-bank.org.bd,25,2,0,1,0,1,0
http://online-shop.org.bd,25,2,0,0,0,1,0
http://login-portal.com.bd,26,2,0,1,0,1,0
http://online-service.com.bd,28,2,0,0,1,1,1
http://update-login.org.bd,26,2,0,0,1,1,1
http://login-update.edu.bd,26,2,0,0,1,1,1
http://www-update.com.bd,24,2,0,0,1,1,1
http://update-ebl.org.bd,24,2,0,0,1,1,1
http://www-secure.edu.bd,24,2,0,0,1,1,1
http://update-service.edu.bd,28,2,0,1,0,1,0
http://login-portal.edu.bd,26,2,0,0,0,1,0
http://update-bank.edu.bd,25,2,0,1,0,1,0
http://login-ebl.edu.bd,23,2,0,0,1,1,1
http://login-portal.org.bd,26,2,0,0,0,1,0
http://verify-login.com.bd,26,2,0,0,1,1,1
http://secure-site.com.bd,25,2,0,0,0,1,0
http://verify-banglalink.org.bd,31,2,0,0,1,1,1
http://verify-secure.edu.bd,27,2,0,0,1,1,1
http://online-bank.com.bd,25,2,0,0,0,1,0
http://www-banglalink.com.bd,28,2,0,0,1,1,1
http://www-login.org.bd,23,2,0,0,1,1,1
http://secure-amazon.com.bd,27,2,0,0,1,1,1
http://verify-banglalink.com.bd,31,2,0,0,1,1,1
http://verify-paypal.com.bd,27,2,0,0,1,1,1
http://www-shop.org.bd,22,2,0,1,0,1,0
http://verify-login.org.bd,26,2,0,0,1,1,1
http://login-bank.com.bd,24,2,0,0,0,1,0
http://www-bank.com.bd,22,2,0,0,0,1,0
http://login-service.edu.bd,27,2,0,0,1,1,1
http://verify-service.edu.bd,28,2,0,0,0,1,0
http://update-service.com.bd,28,2,0,0,1,1,1
http://login-service.edu.bd,27,2,0,0,0,1,0
http://login-service.com.bd,27,2,0,1,0,1,0
http://online-shop.com.bd,25,2,0,1,0,1,0
http://verify-bank.com.bd,25,2,0,1,0,1,0
http://secure-paypal.com.bd,27,2,0,0,1,1,1
http://update-bank.com.bd,25,2,0,0,0,1,0
http://update-site.org.bd,25,2,0,1,0,1,0
http://www-service.edu.bd,25,2,0,0,1,1,1
http://verify-portal.com.bd,27,2,0,0,0,1,0
http://login-secure.edu.bd,26,2,0,0,1,1,1
http://online-service.com.bd,28,2,0,0,1,1,1
http://online-bank.org.bd,25,2,0,1,0,1,0
http://verify-paypal.com.bd,27,2,0,0,1,1,1
http://secure-service.com.bd,28,2,0,1,0,1,0
http://verify-paypal.com.bd,27,2,0,0,1,1,1
http://online-bank.edu.bd,25,2,0,0,1,1,1
http://www-shop.edu.bd,22,2,0,1,0,1,0
http://secure-update.com.bd,27,2,0,0,1,1,1
http://online-portal.com.bd,27,2,0,0,0,1,0
http://secure-login.com.bd,26,2,0,0,1,1,1
http://login-update.edu.bd,26,2,0,0,1,1,1
http://www-update.org.bd,24,2,0,0,1,1,1
http://www-bank.com.bd,22,2,0,0,0,1,0
http://www-paypal.com.bd,24,2,0,0,1,1,1
http://www-service.com.bd,25,2,0,0,1,1,1
http://secure-amazon.org.bd,27,2,0,0,1,1,1
http://www-paypal.edu.bd,24,2,0,0,1,1,1
http://login-bank.edu.bd,24,2,0,0,0,1,0
http://login-banglalink.org.bd,30,2,0,0,1,1,1
http://secure-shop.edu.bd,25,2,0,0,0,1,0
http://secure-bank.org.bd,25,2,0,0,1,1,1
http://login-paypal.com.bd,26,2,0,0,1,1,1
http://online-bank.org.bd,25,2,0,0,1,1,1
http://login-shop.com.bd,24,2,0,1,0,1,0
http://update-bank.com.bd,25,2,0,0,0,1,0
http://update-site.com.bd,25,2,0,0,0,1,0
http://login-service.com.bd,27,2,0,1,0,1,0
http://verify-paypal.org.bd,27,2,0,0,1,1,1
http://secure-service.org.bd,28,2,0,1,0,1,0
http://update-bank.edu.bd,25,2,0,1,0,1,0
http://verify-site.org.bd,25,2,0,1,0,1,0
http://www-service.com.bd,25,2,0,0,1,1,1
http://update-bank.edu.bd,25,2,0,1,0,1,0
http://verify-amazon.com.bd,27,2,0,0,1,1,1
http://secure-service.edu.bd,28,2,0,0,1,1,1
http://update-bank.org.bd,25,2,0,1,0,1,0
http://secure-login.org.bd,26,2,0,0,1,1,1
http://verify-service.com.bd,28,2,0,1,0,1,0
http://login-ebl.org.bd,23,2,0,0,1,1,1
http://secure-portal.org.bd,27,2,0,1,0,1,0
http://login-shop.com.bd,24,2,0,0,0,1,0
http://login-site.edu.bd,24,2,0,0,0,1,0
http://login-bracbank.com.bd,28,2,0,0,1,1,1
http://login-bank.com.bd,24,2,0,0,1,1,1
http://update-secure.org.bd,27,2,0,0,1,1,1
http://secure-banglalink.com.bd,31,2,0,0,1,1,1
http://www-amazon.edu.bd,24,2,0,0,1,1,1
http://verify-bank.org.bd,25,2,0,0,0,1,0
http://verify-update.com.bd,27,2,0,0,1,1,1
http://login-portal.edu.bd,26,2,0,0,0,1,0
http://login-portal.com.bd,26,2,0,0,0,1,0
http://login-bracbank.org.bd,28,2,0,0,1,1,1
http://www-shop.com.bd,22,2,0,0,0,1,0
http://update-service.edu.bd,28,2,0,0,1,1,1
http://online-secure.edu.bd,27,2,0,0,1,1,1
http://login-paypal.org.bd,26,2,0,0,1,1,1
http://verify-service.edu.bd,28,2,0,0,0,1,0
http://update-site.edu.bd,25,2,0,0,0,1,0
http://verify-service.edu.bd,28,2,0,1,0,1,0
http://login-update.com.bd,26,2,0,0,1,1,1
http://www-bank.org.bd,22,2,0,0,1,1,1
http://www-shop.edu.bd,22,2,0,0,0,1,0
http://online-shop.edu.bd,25,2,0,1,0,1,0
http://update-paypal.org.bd,27,2,0,0,1,1,1
http://verify-shop.com.bd,25,2,0,1,0,1,0
http://secure-bracbank.edu.bd,29,2,0,0,1,1,1
http://secure-banglalink.org.bd,31,2,0,0,1,1,1
http://www-site.com.bd,22,2,0,1,0,1,0
http://www-login.edu.bd,23,2,0,0,1,1,1
http://online-service.edu.bd,28,2,0,1,0,1,0
http://update-bank.com.bd,25,2,0,0,1,1,1
http://verify-service.edu.bd,28,2,0,0,1,1,1
http://verify-service.org.bd,28,2,0,0,0,1,0
http://verify-amazon.com.bd,27,2,0,0,1,1,1
http://secure-bank.edu.bd,25,2,0,1,0,1,0
http://verify-banglalink.com.bd,31,2,0,0,1,1,1
http://www-site.edu.bd,22,2,0,1,0,1,0
http://online-shop.org.bd,25,2,0,1,0,1,0
http://login-portal.org.bd,26,2,0,1,0,1,0
http://www-bank.com.bd,22,2,0,1,0,1,0
http://www-bank.org.bd,22,2,0,0,1,1,1
http://secure-portal.org.bd,27,2,0,0,0,1,0
http://update-update.org.bd,27,2,0,0,1,1,1
http://secure-portal.com.bd,27,2,0,0,0,1,0
http://verify-service.com.bd,28,2,0,0,0,1,0
http://www-secure.org.bd,24,2,0,0,1,1,1
http://online-amazon.edu.bd,27,2,0,0,1,1,1
http://www-service.org.bd,25,2,0,0,1,1,1
http://verify-shop.org.bd,25,2,0,0,0,1,0
http://update-amazon.org.bd,27,2,0,0,1,1,1
http://secure-site.edu.bd,25,2,0,0,0,1,0
http://www-shop.com.bd,22,2,0,0,0,1,0
http://secure-shop.edu.bd,25,2,0,0,0,1,0
http://verify-shop.edu.bd,25,2,0,0,0,1,0
http://login-shop.org.bd,24,2,0,1,0,1,0
http://www-site.com.bd,22,2,0,0,0,1,0
http://verify-shop.com.bd,25,2,0,1,0,1,0
http://www-service.edu.bd,25,2,0,1,0,1,0
http://login-portal.org.bd,26,2,0,1,0,1,0
http://online-shop.org.bd,25,2,0,1,0,1,0
http://login-amazon.org.bd,26,2,0,0,1,1,1
http://secure-site.org.bd,25,2,0,0,0,1,0
http://www-secure.com.bd,24,2,0,0,1,1,1
http://update-update.org.bd,27,2,0,0,1,1,1
http://verify-amazon.com.bd,27,2,0,0,1,1,1
http://login-banglalink.org.bd,30,2,0,0,1,1,1
http://login-shop.org.bd,24,2,0,0,0,1,0
http://online-service.com.bd,28,2,0,0,0,1,0
http://secure-bank.com.bd,25,2,0,0,0,1,0
http://update-bank.edu.bd,25,2,0,0,0,1,0
http://www-site.com.bd,22,2,0,0,0,1,0
http://verify-amazon.org.bd,27,2,0,0,1,1,1
http://online-login.org.bd,26,2,0,0,1,1,1
http://secure-secure.edu.bd,27,2,0,0,1,1,1
http://www-amazon.edu.bd,24,2,0,0,1,1,1
http://update-portal.edu.bd,27,2,0,0,0,1,0
http://online-portal.com.bd,27,2,0,1,0,1,0
http://www-bracbank.com.bd,26,2,0,0,1,1,1
http://update-bank.com.bd,25,2,0,0,1,1,1
http://login-banglalink.com.bd,30,2,0,0,1,1,1
http://www-site.org.bd,22,2,0,1,0,1,0
http://www-login.com.bd,23,2,0,0,1,1,1
http://www-service.org.bd,25,2,0,1,0,1,0
http://secure-shop.org.bd,25,2,0,0,0,1,0
http://www-amazon.edu.bd,24,2,0,0,1,1,1
http://login-service.com.bd,27,2,0,1,0,1,0
http://online-shop.org.bd,25,2,0,0,0,1,0
http://online-shop.org.bd,25,2,0,1,0,1,0
http://login-login.edu.bd,25,2,0,0,1,1,1
http://secure-service.org.bd,28,2,0,0,0,1,0
http://online-bank.org.bd,25,2,0,0,1,1,1
http://update-banglalink.org.bd,31,2,0,0,1,1,1
http://secure-portal.com.bd,27,2,0,0,0,1,0
http://www-banglalink.edu.bd,28,2,0,0,1,1,1
http://login-bracbank.edu.bd,28,2,0,0,1,1,1
http://online-site.org.bd,25,2,0,0,0,1,0
http://secure-login.edu.bd,26,2,0,0,1,1,1
http://www-amazon.edu.bd,24,2,0,0,1,1,1
http://update-secure.edu.bd,27,2,0,0,1,1,1
http://secure-update.com.bd,27,2,0,0,1,1,1
http://login-amazon.com.bd,26,2,0,0,1,1,1
http://update-bank.org.bd,25,2,0,0,1,1,1
http://login-service.edu.bd,27,2,0,0,0,1,0
http://secure-portal.org.bd,27,2,0,0,0,1,0
http://verify-bracbank.org.bd,29,2,0,0,1,1,1
http://online-update.com.bd,27,2,0,0,1,1,1
http://secure-secure.org.bd,27,2,0,0,1,1,1
http://online-service.org.bd,28,2,0,1,0,1,0
http://update-shop.com.bd,25,2,0,1,0,1,0
http://verify-login.edu.bd,26,2,0,0,1,1,1
http://secure-portal.com.bd,27,2,0,0,0,1,0
http://update-paypal.org.bd,27,2,0,0,1,1,1
http://verify-banglalink.com.bd,31,2,0,0,1,1,1
http://login-amazon.edu.bd,26,2,0,0,1,1,1
http://online-login.edu.bd,26,2,0,0,1,1,1
http://verify-paypal.edu.bd,27,2,0,0,1,1,1
http://www-shop.edu.bd,22,2,0,1,0,1,0
http://verify-site.com.bd,25,2,0,0,0,1,0
http://online-site.edu.bd,25,2,0,1,0,1,0
http://update-paypal.com.bd,27,2,0,0,1,1,1
http://verify-login.com.bd,26,2,0,0,1,1,1
http://secure-site.com.bd,25,2,0,0,0,1,0
http://verify-ebl.com.bd,24,2,0,0,1,1,1
http://verify-update.com.bd,27,2,0,0,1,1,1
http://verify-bank.edu.bd,25,2,0,0,0,1,0
http://online-update.org.bd,27,2,0,0,1,1,1
http://online-secure.org.bd,27,2,0,0,1,1,1
http://www-portal.org.bd,24,2,0,0,0,1,0
http://online-portal.org.bd,27,2,0,1,0,1,0
http://login-ebl.org.bd,23,2,0,0,1,1,1
http://secure-site.com.bd,25,2,0,0,0,1,0
http://login-portal.edu.bd,26,2,0,1,0,1,0
http://online-login.org.bd,26,2,0,0,1,1,1
http://online-service.org.bd,28,2,0,1,0,1,0
http://secure-bank.edu.bd,25,2,0,0,0,1,0
http://update-bank.org.bd,25,2,0,0,0,1,0
http://secure-banglalink.com.bd,31,2,0,0,1,1,1
http://www-bank.com.bd,22,2,0,0,0,1,0
http://online-update.org.bd,27,2,0,0,1,1,1
http://login-bank.edu.bd,24,2,0,1,0,1,0
http://login-service.edu.bd,27,2,0,1,0,1,0
http://update-service.edu.bd,28,2,0,0,1,1,1
http://www-shop.com.bd,22,2,0,1,0,1,0
http://login-paypal.org.bd,26,2,0,0,1,1,1
http://login-shop.edu.bd,24,2,0,0,0,1,0
http://update-shop.org.bd,25,2,0,1,0,1,0
http://verify-portal.edu.bd,27,2,0,1,0,1,0
http://online-service.edu.bd,28,2,0,1,0,1,0
http://update-portal.com.bd,27,2,0,1,0,1,0
http://www-service.edu.bd,25,2,0,0,1,1,1
http://update-shop.org.bd,25,2,0,1,0,1,0
http://update-portal.org.bd,27,2,0,1,0,1,0
http://secure-ebl.org.bd,24,2,0,0,1,1,1
http://verify-site.org.bd,25,2,0,0,0,1,0
http://online-login.com.bd,26,2,0,0,1,1,1
http://login-service.com.bd,27,2,0,1,0,1,0
http://www-site.org.bd,22,2,0,1,0,1,0
http://online-service.com.bd,28,2,0,0,0,1,0
http://login-bank.org.bd,24,2,0,0,0,1,0
http://update-shop.org.bd,25,2,0,0,0,1,0
http://login-bank.edu.bd,24,2,0,0,0,1,0
http://secure-bank.edu.bd,25,2,0,1,0,1,0
http://update-paypal.org.bd,27,2,0,0,1,1,1
http://login-service.edu.bd,27,2,0,1,0,1,0
http://secure-service.com.bd,28,2,0,0,0,1,0
http://update-bracbank.org.bd,29,2,0,0,1,1,1
http://www-service.com.bd,25,2,0,0,1,1,1
http://www-update.org.bd,24,2,0,0,1,1,1
http://online-banglalink.edu.bd,31,2,0,0,1,1,1
http://online-login.com.bd,26,2,0,0,1,1,1
http://update-site.org.bd,25,2,0,0,0,1,0
http://www-bank.org.bd,22,2,0,1,0,1,0
http://www-login.org.bd,23,2,0,0,1,1,1
http://update-portal.org.bd,27,2,0,0,0,1,0
http://www-ebl.edu.bd,21,2,0,0,1,1,1
http://secure-service.com.bd,28,2,0,1,0,1,0
http://update-site.com.bd,25,2,0,1,0,1,0
http://verify-paypal.edu.bd,27,2,0,0,1,1,1
http://update-portal.edu.bd,27,2,0,0,0,1,0
http://www-bank.edu.bd,22,2,0,0,1,1,1
http://secure-service.com.bd,28,2,0,0,1,1,1
http://verify-paypal.edu.bd,27,2,0,0,1,1,1
http://secure-banglalink.com.bd,31,2,0,0,1,1,1
http://www-service.org.bd,25,2,0,1,0,1,0
http://verify-site.edu.bd,25,2,0,0,0,1,0
http://update-ebl.org.bd,24,2,0,0,1,1,1
http://secure-service.edu.bd,28,2,0,1,0,1,0
http://secure-site.org.bd,25,2,0,1,0,1,0
http://online-site.com.bd,25,2,0,0,0,1,0
http://update-bank.org.bd,25,2,0,0,0,1,0
http://www-bracbank.edu.bd,26,2,0,0,1,1,1
http://login-shop.org.bd,24,2,0,0,0,1,0
http://online-paypal.edu.bd,27,2,0,0,1,1,1
http://secure-site.com.bd,25,2,0,0,0,1,0
http://verify-update.org.bd,27,2,0,0,1,1,1
http://secure-portal.com.bd,27,2,0,0,0,1,0
http://update-paypal.com.bd,27,2,0,0,1,1,1
http://update-amazon.com.bd,27,2,0,0,1,1,1
http://login-update.edu.bd,26,2,0,0,1,1,1
http://online-service.edu.bd,28,2,0,0,0,1,0
http://www-bracbank.edu.bd,26,2,0,0,1,1,1
http://verify-bracbank.com.bd,29,2,0,0,1,1,1
http://www-paypal.edu.bd,24,2,0,0,1,1,1
http://verify-paypal.com.bd,27,2,0,0,1,1,1
http://online-paypal.edu.bd,27,2,0,0,1,1,1
http://secure-shop.org.bd,25,2,0,0,0,1,0
http://online-banglalink.org.bd,31,2,0,0,1,1,1
http://update-shop.edu.bd,25,2,0,1,0,1,0
http://secure-bank.org.bd,25,2,0,0,1,1,1
http://login-secure.edu.bd,26,2,0,0,1,1,1
http://secure-site.edu.bd,25,2,0,0,0,1,0
http://verify-portal.org.bd,27,2,0,1,0,1,0
http://update-site.com.bd,25,2,0,0,0,1,0
http://www-portal.com.bd,24,2,0,0,0,1,0
http://verify-bank.edu.bd,25,2,0,1,0,1,0
http://www-portal.com.bd,24,2,0,0,0,1,0
http://update-service.org.bd,28,2,0,0,0,1,0
http://online-shop.org.bd,25,2,0,0,0,1,0
http://secure-site.edu.bd,25,2,0,1,0,1,0
http://login-portal.org.bd,26,2,0,0,0,1,0
http://update-portal.org.bd,27,2,0,1,0,1,0
http://online-ebl.org.bd,24,2,0,0,1,1,1
http://update-secure.edu.bd,27,2,0,0,1,1,1
http://online-login.com.bd,26,2,0,0,1,1,1
http://login-portal.edu.bd,26,2,0,1,0,1,0
http://online-banglalink.org.bd,31,2,0,0,1,1,1
http://online-update.edu.bd,27,2,0,0,1,1,1
http://login-ebl.com.bd,23,2,0,0,1,1,1
http://secure-paypal.edu.bd,27,2,0,0,1,1,1
http://online-paypal.org.bd,27,2,0,0,1,1,1
http://www-banglalink.com.bd,28,2,0,0,1,1,1
http://verify-service.com.bd,28,2,0,1,0,1,0
http://www-banglalink.org.bd,28,2,0,0,1,1,1
http://online-bank.com.bd,25,2,0,0,1,1,1
http://login-bank.com.bd,24,2,0,0,0,1,0
http://online-paypal.org.bd,27,2,0,0,1,1,1
http://secure-shop.org.bd,25,2,0,1,0,1,0
http://secure-portal.org.bd,27,2,0,0,0,1,0
http://www-shop.org.bd,22,2,0,0,0,1,0
http://secure-ebl.edu.bd,24,2,0,0,1,1,1
http://update-service.com.bd,28,2,0,0,1,1,1
http://online-site.org.bd,25,2,0,1,0,1,0
http://verify-login.org.bd,26,2,0,0,1,1,1
http://login-bank.edu.bd,24,2,0,0,0,1,0
http://www-site.com.bd,22,2,0,1,0,1,0
http://update-portal.org.bd,27,2,0,1,0,1,0
http://online-bracbank.com.bd,29,2,0,0,1,1,1
http://online-service.org.bd,28,2,0,1,0,1,0
http://login-update.org.bd,26,2,0,0,1,1,1
http://update-site.edu.bd,25,2,0,0,0,1,0
http://verify-portal.edu.bd,27,2,0,1,0,1,0
http://online-site.org.bd,25,2,0,1,0,1,0
http://verify-site.edu.bd,25,2,0,1,0,1,0
http://update-bank.com.bd,25,2,0,0,1,1,1
http://verify-bank.com.bd,25,2,0,1,0,1,0
http://update-service.com.bd,28,2,0,0,1,1,1
http://online-service.edu.bd,28,2,0,0,1,1,1
http://online-bank.org.bd,25,2,0,1,0,1,0
http://update-bank.com.bd,25,2,0,0,1,1,1
http://login-paypal.edu.bd,26,2,0,0,1,1,1
http://update-bank.edu.bd,25,2,0,0,1,1,1
http://online-banglalink.com.bd,31,2,0,0,1,1,1
http://secure-login.org.bd,26,2,0,0,1,1,1
http://update-portal.org.bd,27,2,0,1,0,1,0
http://verify-bank.com.bd,25,2,0,0,1,1,1
http://online-paypal.com.bd,27,2,0,0,1,1,1
http://online-bracbank.org.bd,29,2,0,0,1,1,1
http://verify-bracbank.edu.bd,29,2,0,0,1,1,1
http://login-secure.com.bd,26,2,0,0,1,1,1
http://online-bank.edu.bd,25,2,0,0,1,1,1
http://update-bracbank.edu.bd,29,2,0,0,1,1,1
http://www-amazon.org.bd,24,2,0,0,1,1,1
http://online-site.edu.bd,25,2,0,0,0,1,0
http://update-bracbank.com.bd,29,2,0,0,1,1,1
http://verify-bank.org.bd,25,2,0,1,0,1,0
http://login-bank.org.bd,24,2,0,0,1,1,1
http://update-amazon.edu.bd,27,2,0,0,1,1,1
http://update-shop.edu.bd,25,2,0,1,0,1,0
http://secure-service.com.bd,28,2,0,1,0,1,0
http://verify-portal.com.bd,27,2,0,1,0,1,0
http://online-ebl.org.bd,24,2,0,0,1,1,1
http://www-ebl.com.bd,21,2,0,0,1,1,1
http://verify-service.edu.bd,28,2,0,0,0,1,0
http://update-paypal.org.bd,27,2,0,0,1,1,1
http://online-shop.com.bd,25,2,0,1,0,1,0
http://online-bracbank.com.bd,29,2,0,0,1,1,1
http://login-ebl.com.bd,23,2,0,0,1,1,1
http://update-update.edu.bd,27,2,0,0,1,1,1
http://update-paypal.com.bd,27,2,0,0,1,1,1
http://login-secure.org.bd,26,2,0,0,1,1,1
http://secure-service.edu.bd,28,2,0,0,1,1,1
http://login-shop.edu.bd,24,2,0,0,0,1,0
http://verify-portal.org.bd,27,2,0,1,0,1,0
http://secure-site.edu.bd,25,2,0,0,0,1,0
http://update-login.edu.bd,26,2,0,0,1,1,1
http://login-paypal.com.bd,26,2,0,0,1,1,1
http://verify-shop.org.bd,25,2,0,1,0,1,0
http://secure-bank.com.bd,25,2,0,1,0,1,0
http://www-banglalink.edu.bd,28,2,0,0,1,1,1
http://online-ebl.edu.bd,24,2,0,0,1,1,1
http://www-portal.com.bd,24,2,0,0,0,1,0
http://secure-portal.org.bd,27,2,0,0,0,1,0
http://online-bank.com.bd,25,2,0,0,1,1,1
http://login-update.com.bd,26,2,0,0,1,1,1
http://www-portal.com.bd,24,2,0,0,0,1,0
http://www-portal.edu.bd,24,2,0,1,0,1,0
http://secure-bank.org.bd,25,2,0,0,1,1,1
http://login-bank.com.bd,24,2,0,0,0,1,0
http://update-portal.org.bd,27,2,0,0,0,1,0
http://login-portal.org.bd,26,2,0,1,0,1,0
http://login-secure.org.bd,26,2,0,0,1,1,1
http://update-update.org.bd,27,2,0,0,1,1,1
http://login-update.edu.bd,26,2,0,0,1,1,1
http://online-paypal.edu.bd,27,2,0,0,1,1,1
http://secure-banglalink.com.bd,31,2,0,0,1,1,1
http://secure-bank.org.bd,25,2,0,0,1,1,1
http://update-login.org.bd,26,2,0,0,1,1,1
http://verify-shop.com.bd,25,2,0,1,0,1,0
http://login-bracbank.org.bd,28,2,0,0,1,1,1
http://online-amazon.com.bd,27,2,0,0,1,1,1
http://verify-shop.com.bd,25,2,0,0,0,1,0
http://login-service.edu.bd,27,2,0,0,1,1,1
http://login-site.edu.bd,24,2,0,1,0,1,0
http://verify-bank.org.bd,25,2,0,1,0,1,0
http://update-site.org.bd,25,2,0,0,0,1,0
http://verify-banglalink.com.bd,31,2,0,0,1,1,1
http://secure-bracbank.org.bd,29,2,0,0,1,1,1
http://online-bank.edu.bd,25,2,0,0,0,1,0
http://update-ebl.edu.bd,24,2,0,0,1,1,1
http://update-bracbank.org.bd,29,2,0,0,1,1,1
http://online-portal.org.bd,27,2,0,1,0,1,0
http://login-paypal.edu.bd,26,2,0,0,1,1,1
http://update-site.edu.bd,25,2,0,0,0,1,0
http://login-bank.org.bd,24,2,0,0,1,1,1
http://verify-ebl.org.bd,24,2,0,0,1,1,1
http://online-shop.com.bd,25,2,0,0,0,1,0
http://login-bank.org.bd,24,2,0,1,0,1,0
http://online-banglalink.com.bd,31,2,0,0,1,1,1
http://update-portal.org.bd,27,2,0,1,0,1,0
http://verify-secure.org.bd,27,2,0,0,1,1,1
http://update-paypal.org.bd,27,2,0,0,1,1,1
http://login-banglalink.edu.bd,30,2,0,0,1,1,1
http://update-bracbank.org.bd,29,2,0,0,1,1,1
http://online-portal.org.bd,27,2,0,1,0,1,0
http://www-service.com.bd,25,2,0,0,1,1,1
http://secure-site.edu.bd,25,2,0,1,0,1,0
http://www-ebl.com.bd,21,2,0,0,1,1,1
http://verify-update.com.bd,27,2,0,0,1,1,1
http://update-bank.edu.bd,25,2,0,1,0,1,0
http://www-shop.edu.bd,22,2,0,1,0,1,0
http://update-bank.edu.bd,25,2,0,0,0,1,0
http://secure-banglalink.org.bd,31,2,0,0,1,1,1
http://online-amazon.com.bd,27,2,0,0,1,1,1
http://login-bank.org.bd,24,2,0,0,0,1,0
http://verify-shop.edu.bd,25,2,0,1,0,1,0
http://secure-login.org.bd,26,2,0,0,1,1,1
http://login-banglalink.edu.bd,30,2,0,0,1,1,1
http://login-banglalink.org.bd,30,2,0,0,1,1,1
http://verify-banglalink.edu.bd,31,2,0,0,1,1,1
http://update-shop.org.bd,25,2,0,1,0,1,0
http://online-service.org.bd,28,2,0,0,1,1,1
http://login-banglalink.com.bd,30,2,0,0,1,1,1
http://verify-bank.edu.bd,25,2,0,0,0,1,0
http://secure-secure.com.bd,27,2,0,0,1,1,1
http://www-bracbank.com.bd,26,2,0,0,1,1,1
http://online-shop.org.bd,25,2,0,0,0,1,0
http://login-shop.com.bd,24,2,0,0,0,1,0
http://secure-shop.edu.bd,25,2,0,1,0,1,0
http://www-portal.com.bd,24,2,0,0,0,1,0
http://login-site.edu.bd,24,2,0,0,0,1,0
http://login-ebl.com.bd,23,2,0,0,1,1,1
http://online-banglalink.com.bd,31,2,0,0,1,1,1
http://secure-banglalink.org.bd,31,2,0,0,1,1,1
http://secure-site.edu.bd,25,2,0,0,0,1,0
http://secure-site.com.bd,25,2,0,1,0,1,0
http://online-bank.org.bd,25,2,0,0,0,1,0
http://verify-service.edu.bd,28,2,0,0,1,1,1
http://secure-bank.edu.bd,25,2,0,1,0,1,0
http://update-bank.edu.bd,25,2,0,0,1,1,1
http://login-ebl.org.bd,23,2,0,0,1,1,1
http://online-service.org.bd,28,2,0,0,1,1,1
http://login-bracbank.com.bd,28,2,0,0,1,1,1
http://www-site.com.bd,22,2,0,0,0,1,0
http://verify-amazon.org.bd,27,2,0,0,1,1,1
http://update-site.org.bd,25,2,0,0,0,1,0
http://login-secure.org.bd,26,2,0,0,1,1,1
http://online-site.org.bd,25,2,0,1,0,1,0
http://www-bank.edu.bd,22,2,0,0,0,1,0
http://online-secure.edu.bd,27,2,0,0,1,1,1
http://verify-shop.org.bd,25,2,0,1,0,1,0
http://www-shop.org.bd,22,2,0,0,0,1,0
http://verify-update.org.bd,27,2,0,0,1,1,1
http://www-paypal.org.bd,24,2,0,0,1,1,1
http://update-bank.edu.bd,25,2,0,1,0,1,0
http://verify-shop.com.bd,25,2,0,1,0,1,0
http://update-bracbank.com.bd,29,2,0,0,1,1,1
http://login-bracbank.com.bd,28,2,0,0,1,1,1
http://secure-ebl.com.bd,24,2,0,0,1,1,1
http://www-service.com.bd,25,2,0,1,0,1,0
http://secure-service.com.bd,28,2,0,0,0,1,0
http://secure-portal.edu.bd,27,2,0,0,0,1,0
http://www-bank.edu.bd,22,2,0,1,0,1,0
http://update-banglalink.org.bd,31,2,0,0,1,1,1
http://verify-update.org.bd,27,2,0,0,1,1,1
http://secure-bank.com.bd,25,2,0,0,0,1,0
http://login-bank.com.bd,24,2,0,0,1,1,1
http://secure-login.org.bd,26,2,0,0,1,1,1
http://update-service.com.bd,28,2,0,1,0,1,0
http://online-shop.org.bd,25,2,0,0,0,1,0
http://online-login.edu.bd,26,2,0,0,1,1,1
http://verify-paypal.edu.bd,27,2,0,0,1,1,1
http://update-bank.org.bd,25,2,0,0,1,1,1
http://www-login.com.bd,23,2,0,0,1,1,1
http://login-banglalink.com.bd,30,2,0,0,1,1,1
http://secure-bank.edu.bd,25,2,0,0,0,1,0
http://online-bank.edu.bd,25,2,0,0,0,1,0
http://update-service.org.bd,28,2,0,0,0,1,0
http://online-bank.edu.bd,25,2,0,1,0,1,0
http://online-service.edu.bd,28,2,0,0,0,1,0
http://www-portal.edu.bd,24,2,0,0,0,1,0
http://update-login.org.bd,26,2,0,0,1,1,1
http://secure-bank.edu.bd,25,2,0,0,1,1,1
http://online-site.org.bd,25,2,0,0,0,1,0
http://www-bank.org.bd,22,2,0,0,1,1,1
http://update-ebl.com.bd,24,2,0,0,1,1,1
http://online-update.org.bd,27,2,0,0,1,1,1
http://login-shop.org.bd,24,2,0,1,0,1,0
http://verify-bank.org.bd,25,2,0,0,0,1,0
http://verify-ebl.edu.bd,24,2,0,0,1,1,1
http://verify-portal.com.bd,27,2,0,1,0,1,0
http://login-banglalink.org.bd,30,2,0,0,1,1,1
http://login-service.edu.bd,27,2,0,0,0,1,0
http://login-bracbank.edu.bd,28,2,0,0,1,1,1
http://online-portal.com.bd,27,2,0,0,0,1,0
http://secure-shop.com.bd,25,2,0,1,0,1,0
http://update-service.edu.bd,28,2,0,1,0,1,0
http://update-service.org.bd,28,2,0,1,0,1,0
http://www-service.edu.bd,25,2,0,1,0,1,0
http://verify-shop.edu.bd,25,2,0,0,0,1,0
http://secure-portal.org.bd,27,2,0,0,0,1,0
http://secure-bank.edu.bd,25,2,0,1,0,1,0
http://login-portal.edu.bd,26,2,0,0,0,1,0
http://login-service.edu.bd,27,2,0,1,0,1,0
http://update-amazon.com.bd,27,2,0,0,1,1,1
http://login-portal.edu.bd,26,2,0,1,0,1,0
http://secure-banglalink.com.bd,31,2,0,0,1,1,1
http://www-bank.org.bd,22,2,0,0,0,1,0
http://verify-banglalink.com.bd,31,2,0,0,1,1,1
http://verify-bank.edu.bd,25,2,0,0,1,1,1
http://login-paypal.edu.bd,26,2,0,0,1,1,1
http://update-amazon.org.bd,27,2,0,0,1,1,1
http://online-shop.edu.bd,25,2,0,1,0,1,0
http://verify-portal.edu.bd,27,2,0,0,0,1,0
http://online-ebl.edu.bd,24,2,0,0,1,1,1
http://update-bank.com.bd,25,2,0,1,0,1,0
http://secure-ebl.org.bd,24,2,0,0,1,1,1
http://secure-banglalink.org.bd,31,2,0,0,1,1,1
http://www-secure.edu.bd,24,2,0,0,1,1,1
http://secure-ebl.edu.bd,24,2,0,0,1,1,1
http://www-update.edu.bd,24,2,0,0,1,1,1
http://update-bank.org.bd,25,2,0,0,1,1,1
http://update-service.org.bd,28,2,0,0,1,1,1
http://verify-service.com.bd,28,2,0,0,1,1,1
http://update-paypal.edu.bd,27,2,0,0,1,1,1
http://update-portal.org.bd,27,2,0,1,0,1,0
http://update-amazon.com.bd,27,2,0,0,1,1,1
http://login-service.edu.bd,27,2,0,0,1,1,1
http://login-update.org.bd,26,2,0,0,1,1,1
http://login-amazon.edu.bd,26,2,0,0,1,1,1
http://update-service.com.bd,28,2,0,0,0,1,0
http://login-service.com.bd,27,2,0,0,1,1,1
http://online-banglalink.org.bd,31,2,0,0,1,1,1
http://login-login.com.bd,25,2,0,0,1,1,1
http://online-secure.edu.bd,27,2,0,0,1,1,1
http://login-banglalink.com.bd,30,2,0,0,1,1,1
http://update-bracbank.edu.bd,29,2,0,0,1,1,1
http://login-login.org.bd,25,2,0,0,1,1,1
http://secure-portal.edu.bd,27,2,0,0,0,1,0
http://update-login.com.bd,26,2,0,0,1,1,1
http://update-bank.com.bd,25,2,0,0,0,1,0
http://www-bank.com.bd,22,2,0,0,1,1,1
http://login-bracbank.edu.bd,28,2,0,0,1,1,1
http://verify-site.com.bd,25,2,0,1,0,1,0
http://online-bracbank.edu.bd,29,2,0,0,1,1,1
http://online-bank.com.bd,25,2,0,1,0,1,0
http://login-secure.com.bd,26,2,0,0,1,1,1
http://verify-site.edu.bd,25,2,0,0,0,1,0
http://online-login.com.bd,26,2,0,0,1,1,1
http://www-bracbank.com.bd,26,2,0,0,1,1,1
http://www-service.edu.bd,25,2,0,0,0,1,0
http://update-service.org.bd,28,2,0,1,0,1,0
http://secure-service.com.bd,28,2,0,0,0,1,0
http://login-site.org.bd,24,2,0,1,0,1,0
http://online-service.com.bd,28,2,0,0,0,1,0
http://www-service.com.bd,25,2,0,1,0,1,0
http://online-portal.org.bd,27,2,0,0,0,1,0
http://secure-paypal.org.bd,27,2,0,0,1,1,1
http://verify-service.com.bd,28,2,0,1,0,1,0
http://verify-secure.org.bd,27,2,0,0,1,1,1
http://online-paypal.org.bd,27,2,0,0,1,1,1
http://update-update.edu.bd,27,2,0,0,1,1,1
http://update-bracbank.com.bd,29,2,0,0,1,1,1
http://verify-service.org.bd,28,2,0,0,0,1,0
http://login-update.com.bd,26,2,0,0,1,1,1
http://online-banglalink.org.bd,31,2,0,0,1,1,1
http://login-secure.com.bd,26,2,0,0,1,1,1
http://login-shop.org.bd,24,2,0,0,0,1,0
http://online-secure.com.bd,27,2,0,0,1,1,1
http://verify-shop.edu.bd,25,2,0,0,0,1,0
http://www-portal.edu.bd,24,2,0,1,0,1,0
http://update-shop.com.bd,25,2,0,0,0,1,0
http://online-service.edu.bd,28,2,0,1,0,1,0
http://online-paypal.edu.bd,27,2,0,0,1,1,1
http://update-shop.org.bd,25,2,0,1,0,1,0
http://verify-service.edu.bd,28,2,0,0,1,1,1
http://secure-secure.org.bd,27,2,0,0,1,1,1
http://www-bank.org.bd,22,2,0,0,0,1,0
http://secure-portal.org.bd,27,2,0,1,0,1,0
http://verify-portal.org.bd,27,2,0,0,0,1,0
http://secure-shop.com.bd,25,2,0,1,0,1,0
http://update-shop.edu.bd,25,2,0,0,0,1,0
http://verify-service.com.bd,28,2,0,0,1,1,1
http://login-amazon.edu.bd,26,2,0,0,1,1,1
http://login-ebl.edu.bd,23,2,0,0,1,1,1
http://online-bank.edu.bd,25,2,0,0,1,1,1
http://update-service.org.bd,28,2,0,0,0,1,0
http://www-bank.com.bd,22,2,0,0,0,1,0
http://login-update.edu.bd,26,2,0,0,1,1,1
http://verify-update.edu.bd,27,2,0,0,1,1,1
http://www-portal.com.bd,24,2,0,0,0,1,0
http://update-site.edu.bd,25,2,0,1,0,1,0
http://verify-login.com.bd,26,2,0,0,1,1,1
http://online-portal.edu.bd,27,2,0,0,0,1,0
http://secure-service.com.bd,28,2,0,1,0,1,0
http://secure-service.org.bd,28,2,0,0,1,1,1
http://verify-shop.edu.bd,25,2,0,1,0,1,0
http://login-update.com.bd,26,2,0,0,1,1,1
http://update-service.com.bd,28,2,0,1,0,1,0
http://login-update.com.bd,26,2,0,0,1,1,1
http://update-shop.org.bd,25,2,0,0,0,1,0
http://secure-service.org.bd,28,2,0,0,0,1,0
http://update-secure.edu.bd,27,2,0,0,1,1,1
http://update-service.com.bd,28,2,0,0,0,1,0
http://verify-bracbank.edu.bd,29,2,0,0,1,1,1
http://verify-ebl.edu.bd,24,2,0,0,1,1,1
http://update-shop.org.bd,25,2,0,0,0,1,0
http://online-paypal.org.bd,27,2,0,0,1,1,1
http://online-site.org.bd,25,2,0,1,0,1,0
http://secure-portal.com.bd,27,2,0,0,0,1,0
http://login-shop.edu.bd,24,2,0,1,0,1,0
http://verify-update.com.bd,27,2,0,0,1,1,1
http://www-portal.edu.bd,24,2,0,0,0,1,0
http://www-service.com.bd,25,2,0,0,0,1,0
http://www-bank.com.bd,22,2,0,0,0,1,0
http://www-amazon.com.bd,24,2,0,0,1,1,1
http://login-service.com.bd,27,2,0,0,1,1,1
http://online-service.com.bd,28,2,0,0,1,1,1
http://update-bank.edu.bd,25,2,0,0,0,1,0
http://www-bank.edu.bd,22,2,0,0,1,1,1
http://secure-paypal.edu.bd,27,2,0,0,1,1,1
http://login-shop.com.bd,24,2,0,0,0,1,0
http://verify-amazon.org.bd,27,2,0,0,1,1,1
http://login-service.edu.bd,27,2,0,1,0,1,0
http://online-service.com.bd,28,2,0,0,1,1,1
http://login-portal.com.bd,26,2,0,0,0,1,0
http://login-shop.com.bd,24,2,0,1,0,1,0
http://update-secure.com.bd,27,2,0,0,1,1,1
http://verify-site.com.bd,25,2,0,1,0,1,0
http://secure-service.com.bd,28,2,0,0,0,1,0
http://www-paypal.edu.bd,24,2,0,0,1,1,1
http://login-site.com.bd,24,2,0,1,0,1,0
http://update-banglalink.com.bd,31,2,0,0,1,1,1
http://online-update.edu.bd,27,2,0,0,1,1,1
http://login-site.com.bd,24,2,0,1,0,1,0
http://www-site.org.bd,22,2,0,0,0,1,0
http://login-shop.com.bd,24,2,0,1,0,1,0
http://online-portal.com.bd,27,2,0,0,0,1,0
http://login-amazon.com.bd,26,2,0,0,1,1,1
http://login-service.com.bd,27,2,0,0,1,1,1
http://verify-service.edu.bd,28,2,0,0,0,1,0
http://update-login.org.bd,26,2,0,0,1,1,1
http://secure-bracbank.edu.bd,29,2,0,0,1,1,1
http://online-service.edu.bd,28,2,0,0,0,1,0
http://update-secure.edu.bd,27,2,0,0,1,1,1
http://secure-banglalink.edu.bd,31,2,0,0,1,1,1
http://online-bank.org.bd,25,2,0,1,0,1,0
http://www-service.com.bd,25,2,0,1,0,1,0
http://secure-ebl.edu.bd,24,2,0,0,1,1,1
http://verify-amazon.com.bd,27,2,0,0,1,1,1
http://update-service.org.bd,28,2,0,0,0,1,0
http://verify-portal.com.bd,27,2,0,1,0,1,0
http://www-bank.org.bd,22,2,0,0,1,1,1
http://update-ebl.org.bd,24,2,0,0,1,1,1
http://login-portal.com.bd,26,2,0,0,0,1,0
http://update-ebl.com.bd,24,2,0,0,1,1,1
http://verify-ebl.edu.bd,24,2,0,0,1,1,1
http://online-shop.edu.bd,25,2,0,1,0,1,0
http://www-site.edu.bd,22,2,0,0,0,1,0
http://update-portal.org.bd,27,2,0,1,0,1,0
http://update-service.edu.bd,28,2,0,0,0,1,0
http://verify-update.edu.bd,27,2,0,0,1,1,1
http://www-shop.org.bd,22,2,0,1,0,1,0
http://verify-bank.com.bd,25,2,0,1,0,1,0
http://www-service.org.bd,25,2,0,1,0,1,0
http://www-paypal.org.bd,24,2,0,0,1,1,1
http://www-login.org.bd,23,2,0,0,1,1,1
http://online-login.com.bd,26,2,0,0,1,1,1
http://www-site.edu.bd,22,2,0,0,0,1,0
http://secure-amazon.edu.bd,27,2,0,0,1,1,1
http://secure-shop.org.bd,25,2,0,0,0,1,0
http://www-banglalink.com.bd,28,2,0,0,1,1,1
http://www-site.org.bd,22,2,0,1,0,1,0
http://update-service.org.bd,28,2,0,0,1,1,1
http://www-site.edu.bd,22,2,0,1,0,1,0
http://login-bank.org.bd,24,2,0,0,0,1,0
http://verify-service.edu.bd,28,2,0,1,0,1,0
http://secure-bank.org.bd,25,2,0,1,0,1,0
http://verify-paypal.org.bd,27,2,0,0,1,1,1
http://www-site.edu.bd,22,2,0,1,0,1,0
http://online-secure.org.bd,27,2,0,0,1,1,1
http://verify-ebl.edu.bd,24,2,0,0,1,1,1
http://login-shop.com.bd,24,2,0,1,0,1,0
http://verify-service.com.bd,28,2,0,0,0,1,0
http://verify-ebl.org.bd,24,2,0,0,1,1,1
http://www-portal.com.bd,24,2,0,1,0,1,0
http://verify-secure.com.bd,27,2,0,0,1,1,1
http://login-service.org.bd,27,2,0,0,0,1,0
http://update-amazon.edu.bd,27,2,0,0,1,1,1
http://update-secure.edu.bd,27,2,0,0,1,1,1
http://login-paypal.edu.bd,26,2,0,0,1,1,1
http://verify-bank.com.bd,25,2,0,1,0,1,0
http://login-portal.com.bd,26,2,0,1,0,1,0
http://verify-service.edu.bd,28,2,0,0,1,1,1
http://secure-update.com.bd,27,2,0,0,1,1,1
http://update-site.org.bd,25,2,0,1,0,1,0
http://www-site.com.bd,22,2,0,1,0,1,0
http://login-site.edu.bd,24,2,0,1,0,1,0
http://www-secure.edu.bd,24,2,0,0,1,1,1
http://update-service.org.bd,28,2,0,0,0,1,0
http://login-portal.org.bd,26,2,0,1,0,1,0
http://update-service.org.bd,28,2,0,0,1,1,1
http://login-bank.com.bd,24,2,0,0,1,1,1
http://online-service.edu.bd,28,2,0,0,0,1,0
http://secure-secure.edu.bd,27,2,0,0,1,1,1
http://www-ebl.org.bd,21,2,0,0,1,1,1
http://login-amazon.com.bd,26,2,0,0,1,1,1
http://secure-portal.com.bd,27,2,0,0,0,1,0
http://online-login.com.bd,26,2,0,0,1,1,1
http://update-bank.com.bd,25,2,0,0,1,1,1
http://secure-service.org.bd,28,2,0,1,0,1,0
http://online-site.com.bd,25,2,0,0,0,1,0
http://login-portal.com.bd,26,2,0,1,0,1,0
http://secure-login.org.bd,26,2,0,0,1,1,1
http://login-shop.org.bd,24,2,0,0,0,1,0
http://verify-service.com.bd,28,2,0,1,0,1,0
http://secure-site.com.bd,25,2,0,0,0,1,0
http://online-site.org.bd,25,2,0,0,0,1,0
http://secure-site.edu.bd,25,2,0,0,0,1,0
http://login-bracbank.org.bd,28,2,0,0,1,1,1
http://online-bank.com.bd,25,2,0,0,0,1,0
http://update-paypal.edu.bd,27,2,0,0,1,1,1
http://online-bank.org.bd,25,2,0,0,1,1,1
http://login-portal.com.bd,26,2,0,0,0,1,0
http://www-shop.com.bd,22,2,0,1,0,1,0
http://secure-service.org.bd,28,2,0,0,0,1,0
http://verify-paypal.com.bd,27,2,0,0,1,1,1
http://www-banglalink.org.bd,28,2,0,0,1,1,1
http://www-shop.edu.bd,22,2,0,1,0,1,0
http://www-shop.org.bd,22,2,0,1,0,1,0
http://update-ebl.com.bd,24,2,0,0,1,1,1
http://online-bank.org.bd,25,2,0,0,0,1,0
http://update-site.edu.bd,25,2,0,1,0,1,0
http://update-bank.org.bd,25,2,0,0,1,1,1
http://www-service.com.bd,25,2,0,0,1,1,1
http://login-ebl.org.bd,23,2,0,0,1,1,1
http://verify-update.com.bd,27,2,0,0,1,1,1
http://verify-amazon.com.bd,27,2,0,0,1,1,1
http://online-shop.edu.bd,25,2,0,1,0,1,0
http://update-paypal.edu.bd,27,2,0,0,1,1,1
http://verify-amazon.com.bd,27,2,0,0,1,1,1
http://online-update.com.bd,27,2,0,0,1,1,1
http://update-bank.edu.bd,25,2,0,0,0,1,0
http://update-ebl.com.bd,24,2,0,0,1,1,1
http://update-ebl.org.bd,24,2,0,0,1,1,1
http://www-amazon.edu.bd,24,2,0,0,1,1,1
http://update-update.org.bd,27,2,0,0,1,1,1
http://login-amazon.org.bd,26,2,0,0,1,1,1
http://update-service.org.bd,28,2,0,0,0,1,0
http://login-login.com.bd,25,2,0,0,1,1,1
http://verify-site.org.bd,25,2,0,0,0,1,0
http://secure-shop.edu.bd,25,2,0,0,0,1,0
http://www-service.org.bd,25,2,0,1,0,1,0
http://verify-service.edu.bd,28,2,0,0,0,1,0
http://online-secure.org.bd,27,2,0,0,1,1,1
http://login-site.com.bd,24,2,0,0,0,1,0
http://www-site.com.bd,22,2,0,0,0,1,0
http://secure-bank.org.bd,25,2,0,0,0,1,0
http://update-login.edu.bd,26,2,0,0,1,1,1
http://verify-bracbank.edu.bd,29,2,0,0,1,1,1
http://www-paypal.com.bd,24,2,0,0,1,1,1
http://login-banglalink.com.bd,30,2,0,0,1,1,1
http://online-bank.com.bd,25,2,0,0,0,1,0
http://secure-service.org.bd,28,2,0,1,0,1,0
http://online-portal.org.bd,27,2,0,1,0,1,0
http://verify-bank.edu.bd,25,2,0,0,0,1,0
http://update-login.com.bd,26,2,0,0,1,1,1
http://update-update.com.bd,27,2,0,0,1,1,1
http://login-update.com.bd,26,2,0,0,1,1,1
http://online-secure.edu.bd,27,2,0,0,1,1,1
http://update-service.com.bd,28,2,0,0,1,1,1
http://online-bank.org.bd,25,2,0,0,1,1,1
http://online-bank.edu.bd,25,2,0,0,0,1,0
http://online-login.edu.bd,26,2,0,0,1,1,1
http://www-paypal.com.bd,24,2,0,0,1,1,1
http://login-service.edu.bd,27,2,0,1,0,1,0
http://verify-bracbank.edu.bd,29,2,0,0,1,1,1
http://www-update.org.bd,24,2,0,0,1,1,1
http://login-bracbank.edu.bd,28,2,0,0,1,1,1
http://login-service.edu.bd,27,2,0,1,0,1,0
http://login-service.edu.bd,27,2,0,0,0,1,0
http://verify-ebl.edu.bd,24,2,0,0,1,1,1
http://verify-banglalink.org.bd,31,2,0,0,1,1,1
http://update-portal.org.bd,27,2,0,1,0,1,0
http://secure-shop.org.bd,25,2,0,0,0,1,0
http://secure-amazon.edu.bd,27,2,0,0,1,1,1
http://login-service.com.bd,27,2,0,0,0,1,0
http://verify-shop.edu.bd,25,2,0,1,0,1,0
http://www-login.edu.bd,23,2,0,0,1,1,1
http://secure-amazon.com.bd,27,2,0,0,1,1,1
http://secure-service.org.bd,28,2,0,0,1,1,1
http://update-service.com.bd,28,2,0,1,0,1,0
http://online-update.edu.bd,27,2,0,0,1,1,1
http://online-bank.org.bd,25,2,0,1,0,1,0
http://www-portal.org.bd,24,2,0,1,0,1,0
http://secure-site.com.bd,25,2,0,1,0,1,0
http://login-bracbank.edu.bd,28,2,0,0,1,1,1
http://login-service.org.bd,27,2,0,0,1,1,1
http://secure-secure.com.bd,27,2,0,0,1,1,1
http://verify-update.com.bd,27,2,0,0,1,1,1
http://verify-site.org.bd,25,2,0,0,0,1,0
http://update-ebl.edu.bd,24,2,0,0,1,1,1
http://verify-update.org.bd,27,2,0,0,1,1,1
http://verify-shop.edu.bd,25,2,0,1,0,1,0
http://www-bracbank.org.bd,26,2,0,0,1,1,1
http://login-bank.edu.bd,24,2,0,0,0,1,0
http://online-ebl.edu.bd,24,2,0,0,1,1,1
http://login-update.org.bd,26,2,0,0,1,1,1
http://www-secure.org.bd,24,2,0,0,1,1,1
http://online-service.com.bd,28,2,0,0,1,1,1
http://online-shop.edu.bd,25,2,0,1,0,1,0
http://secure-site.org.bd,25,2,0,1,0,1,0
http://online-shop.edu.bd,25,2,0,1,0,1,0
http://www-bank.edu.bd,22,2,0,1,0,1,0
http://secure-banglalink.org.bd,31,2,0,0,1,1,1
http://secure-login.edu.bd,26,2,0,0,1,1,1
http://login-update.org.bd,26,2,0,0,1,1,1
http://online-portal.edu.bd,27,2,0,1,0,1,0
http://www-service.com.bd,25,2,0,1,0,1,0
http://secure-bank.edu.bd,25,2,0,0,1,1,1
http://online-shop.edu.bd,25,2,0,0,0,1,0
http://online-paypal.org.bd,27,2,0,0,1,1,1
http://www-site.edu.bd,22,2,0,0,0,1,0
http://secure-banglalink.com.bd,31,2,0,0,1,1,1
http://www-ebl.edu.bd,21,2,0,0,1,1,1
http://verify-paypal.edu.bd,27,2,0,0,1,1,1
http://www-portal.com.bd,24,2,0,1,0,1,0
http://login-service.edu.bd,27,2,0,0,1,1,1
http://online-bracbank.org.bd,29,2,0,0,1,1,1
http://update-login.com.bd,26,2,0,0,1,1,1
http://login-bank.edu.bd,24,2,0,0,1,1,1
http://online-amazon.com.bd,27,2,0,0,1,1,1
http://secure-portal.com.bd,27,2,0,0,0,1,0
http://secure-shop.com.bd,25,2,0,0,0,1,0
http://login-portal.edu.bd,26,2,0,1,0,1,0
http://verify-banglalink.com.bd,31,2,0,0,1,1,1
http://www-service.edu.bd,25,2,0,1,0,1,0
http://www-secure.edu.bd,24,2,0,0,1,1,1
http://www-portal.edu.bd,24,2,0,1,0,1,0
http://secure-service.edu.bd,28,2,0,1,0,1,0
http://online-shop.org.bd,25,2,0,1,0,1,0
http://login-bank.org.bd,24,2,0,0,1,1,1
http://login-site.com.bd,24,2,0,1,0,1,0
http://update-banglalink.com.bd,31,2,0,0,1,1,1
http://login-ebl.com.bd,23,2,0,0,1,1,1
http://verify-amazon.com.bd,27,2,0,0,1,1,1
http://secure-site.org.bd,25,2,0,1,0,1,0
http://secure-portal.com.bd,27,2,0,0,0,1,0
http://update-paypal.edu.bd,27,2,0,0,1,1,1
http://www-service.edu.bd,25,2,0,0,0,1,0
http://secure-ebl.edu.bd,24,2,0,0,1,1,1
http://online-login.edu.bd,26,2,0,0,1,1,1
http://update-login.edu.bd,26,2,0,0,1,1,1
http://online-login.com.bd,26,2,0,0,1,1,1
http://secure-site.com.bd,25,2,0,0,0,1,0
http://online-paypal.edu.bd,27,2,0,0,1,1,1
http://update-secure.org.bd,27,2,0,0,1,1,1
http://www-bank.org.bd,22,2,0,0,1,1,1
http://online-paypal.edu.bd,27,2,0,0,1,1,1
http://www-login.edu.bd,23,2,0,0,1,1,1
http://login-bank.org.bd,24,2,0,0,0,1,0
http://update-bank.com.bd,25,2,0,0,0,1,0
http://login-bank.com.bd,24,2,0,0,0,1,0
http://login-site.edu.bd,24,2,0,0,0,1,0
http://login-bracbank.edu.bd,28,2,0,0,1,1,1
http://online-banglalink.com.bd,31,2,0,0,1,1,1
http://secure-portal.com.bd,27,2,0,0,0,1,0
http://verify-shop.com.bd,25,2,0,1,0,1,0
http://www-banglalink.com.bd,28,2,0,0,1,1,1
http://update-banglalink.edu.bd,31,2,0,0,1,1,1
http://update-service.com.bd,28,2,0,1,0,1,0
http://update-login.org.bd,26,2,0,0,1,1,1
http://update-secure.com.bd,27,2,0,0,1,1,1
http://online-bank.edu.bd,25,2,0,0,1,1,1
http://secure-login.org.bd,26,2,0,0,1,1,1
http://verify-shop.com.bd,25,2,0,1,0,1,0
http://secure-update.com.bd,27,2,0,0,1,1,1
http://update-portal.com.bd,27,2,0,1,0,1,0
http://www-bank.edu.bd,22,2,0,0,0,1,0
http://secure-banglalink.org.bd,31,2,0,0,1,1,1
http://secure-update.com.bd,27,2,0,0,1,1,1
http://www-service.edu.bd,25,2,0,0,0,1,0
http://verify-login.edu.bd,26,2,0,0,1,1,1
http://update-site.org.bd,25,2,0,0,0,1,0
http://login-bank.edu.bd,24,2,0,0,1,1,1
http://login-login.org.bd,25,2,0,0,1,1,1
http://login-banglalink.org.bd,30,2,0,0,1,1,1
http://verify-portal.edu.bd,27,2,0,1,0,1,0
http://login-service.edu.bd,27,2,0,1,0,1,0
http://www-amazon.com.bd,24,2,0,0,1,1,1
http://login-update.edu.bd,26,2,0,0,1,1,1
http://online-service.edu.bd,28,2,0,1,0,1,0
http://secure-bank.org.bd,25,2,0,1,0,1,0
http://www-update.com.bd,24,2,0,0,1,1,1
http://secure-update.edu.bd,27,2,0,0,1,1,1
http://www-paypal.com.bd,24,2,0,0,1,1,1
http://www-banglalink.com.bd,28,2,0,0,1,1,1
http://update-bank.org.bd,25,2,0,0,0,1,0
http://online-ebl.edu.bd,24,2,0,0,1,1,1
http://verify-bank.com.bd,25,2,0,0,0,1,0
http://online-amazon.com.bd,27,2,0,0,1,1,1
http://login-shop.org.bd,24,2,0,1,0,1,0
http://verify-update.edu.bd,27,2,0,0,1,1,1
http://www-login.edu.bd,23,2,0,0,1,1,1
http://secure-site.org.bd,25,2,0,0,0,1,0
http://update-bank.org.bd,25,2,0,0,0,1,0
http://login-login.com.bd,25,2,0,0,1,1,1
http://update-site.edu.bd,25,2,0,1,0,1,0
http://www-service.org.bd,25,2,0,1,0,1,0
http://update-amazon.edu.bd,27,2,0,0,1,1,1
http://update-ebl.org.bd,24,2,0,0,1,1,1
http://secure-portal.org.bd,27,2,0,1,0,1,0
http://login-bank.edu.bd,24,2,0,0,1,1,1
http://www-service.com.bd,25,2,0,1,0,1,0
http://login-service.org.bd,27,2,0,0,0,1,0
http://www-shop.org.bd,22,2,0,0,0,1,0
http://update-site.edu.bd,25,2,0,0,0,1,0
http://secure-secure.edu.bd,27,2,0,0,1,1,1
http://login-amazon.com.bd,26,2,0,0,1,1,1
http://online-portal.org.bd,27,2,0,1,0,1,0
http://online-site.com.bd,25,2,0,1,0,1,0
http://secure-login.org.bd,26,2,0,0,1,1,1
http://verify-site.org.bd,25,2,0,0,0,1,0
http://login-secure.com.bd,26,2,0,0,1,1,1
http://online-amazon.org.bd,27,2,0,0,1,1,1
http://secure-shop.edu.bd,25,2,0,0,0,1,0
http://www-portal.org.bd,24,2,0,1,0,1,0
http://update-site.com.bd,25,2,0,1,0,1,0
http://update-bank.org.bd,25,2,0,0,0,1,0
http://www-site.com.bd,22,2,0,1,0,1,0
http://verify-bank.org.bd,25,2,0,0,0,1,0
http://online-ebl.edu.bd,24,2,0,0,1,1,1
http://verify-portal.org.bd,27,2,0,0,0,1,0
http://www-secure.edu.bd,24,2,0,0,1,1,1
http://update-ebl.com.bd,24,2,0,0,1,1,1
http://update-shop.edu.bd,25,2,0,1,0,1,0
http://login-update.edu.bd,26,2,0,0,1,1,1
http://www-bank.com.bd,22,2,0,0,0,1,0
http://online-bank.com.bd,25,2,0,0,1,1,1
http://online-site.org.bd,25,2,0,1,0,1,0
http://www-portal.edu.bd,24,2,0,0,0,1,0
http://login-portal.edu.bd,26,2,0,0,0,1,0
http://verify-bank.edu.bd,25,2,0,1,0,1,0
http://www-service.org.bd,25,2,0,0,0,1,0
http://update-bracbank.com.bd,29,2,0,0,1,1,1
http://secure-bracbank.edu.bd,29,2,0,0,1,1,1
http://update-site.com.bd,25,2,0,0,0,1,0
http://update-secure.edu.bd,27,2,0,0,1,1,1
http://verify-portal.org.bd,27,2,0,1,0,1,0
http://verify-secure.com.bd,27,2,0,0,1,1,1
http://verify-site.org.bd,25,2,0,0,0,1,0
http://secure-paypal.com.bd,27,2,0,0,1,1,1
http://login-bank.org.bd,24,2,0,0,1,1,1
http://www-ebl.org.bd,21,2,0,0,1,1,1
http://login-login.edu.bd,25,2,0,0,1,1,1
http://login-shop.edu.bd,24,2,0,0,0,1,0
http://login-bank.edu.bd,24,2,0,0,1,1,1
http://login-paypal.org.bd,26,2,0,0,1,1,1
http://verify-ebl.com.bd,24,2,0,0,1,1,1
http://secure-login.edu.bd,26,2,0,0,1,1,1
http://verify-bank.com.bd,25,2,0,0,1,1,1
http://online-site.com.bd,25,2,0,0,0,1,0
http://verify-amazon.edu.bd,27,2,0,0,1,1,1
http://www-service.com.bd,25,2,0,0,0,1,0
http://secure-site.com.bd,25,2,0,1,0,1,0
http://online-site.org.bd,25,2,0,1,0,1,0
http://online-ebl.edu.bd,24,2,0,0,1,1,1
http://www-bank.edu.bd,22,2,0,0,1,1,1
http://login-ebl.edu.bd,23,2,0,0,1,1,1
http://verify-paypal.org.bd,27,2,0,0,1,1,1
http://update-site.org.bd,25,2,0,1,0,1,0
http://secure-ebl.org.bd,24,2,0,0,1,1,1
http://update-portal.com.bd,27,2,0,1,0,1,0
http://update-service.org.bd,28,2,0,0,0,1,0
http://login-site.edu.bd,24,2,0,1,0,1,0
http://online-amazon.org.bd,27,2,0,0,1,1,1
http://secure-shop.edu.bd,25,2,0,1,0,1,0
http://secure-service.com.bd,28,2,0,1,0,1,0
http://online-shop.edu.bd,25,2,0,1,0,1,0
http://secure-bank.edu.bd,25,2,0,1,0,1,0
http://secure-service.org.bd,28,2,0,1,0,1,0
http://verify-bank.edu.bd,25,2,0,0,1,1,1
http://verify-update.edu.bd,27,2,0,0,1,1,1
http://login-banglalink.org.bd,30,2,0,0,1,1,1
http://update-shop.com.bd,25,2,0,0,0,1,0
http://verify-bracbank.org.bd,29,2,0,0,1,1,1
http://login-ebl.com.bd,23,2,0,0,1,1,1
http://login-ebl.edu.bd,23,2,0,0,1,1,1
http://secure-bracbank.org.bd,29,2,0,0,1,1,1
http://verify-portal.com.bd,27,2,0,0,0,1,0
http://update-shop.org.bd,25,2,0,1,0,1,0
http://www-bracbank.edu.bd,26,2,0,0,1,1,1
http://login-portal.edu.bd,26,2,0,0,0,1,0
http://online-service.com.bd,28,2,0,1,0,1,0
http://online-bank.edu.bd,25,2,0,0,0,1,0
http://www-bracbank.com.bd,26,2,0,0,1,1,1
http://update-site.com.bd,25,2,0,1,0,1,0
http://verify-paypal.com.bd,27,2,0,0,1,1,1
http://verify-shop.com.bd,25,2,0,1,0,1,0
http://online-bank.org.bd,25,2,0,0,0,1,0
http://update-site.edu.bd,25,2,0,1,0,1,0
http://verify-paypal.com.bd,27,2,0,0,1,1,1
http://online-paypal.edu.bd,27,2,0,0,1,1,1
http://login-portal.com.bd,26,2,0,0,0,1,0
http://update-portal.org.bd,27,2,0,0,0,1,0
http://secure-service.edu.bd,28,2,0,1,0,1,0
http://login-banglalink.com.bd,30,2,0,0,1,1,1
http://login-bank.com.bd,24,2,0,1,0,1,0
http://secure-site.org.bd,25,2,0,1,0,1,0
http://online-update.org.bd,27,2,0,0,1,1,1
http://www-portal.com.bd,24,2,0,1,0,1,0
http://update-bank.com.bd,25,2,0,1,0,1,0
http://login-service.org.bd,27,2,0,0,1,1,1
http://online-secure.org.bd,27,2,0,0,1,1,1
http://login-service.edu.bd,27,2,0,0,0,1,0
http://verify-shop.edu.bd,25,2,0,0,0,1,0
http://verify-amazon.com.bd,27,2,0,0,1,1,1
http://www-bank.edu.bd,22,2,0,0,1,1,1
http://secure-login.com.bd,26,2,0,0,1,1,1
http://secure-site.org.bd,25,2,0,1,0,1,0
http://verify-secure.edu.bd,27,2,0,0,1,1,1
http://online-bank.edu.bd,25,2,0,0,1,1,1
http://secure-shop.org.bd,25,2,0,0,0,1,0
http://secure-bank.com.bd,25,2,0,0,0,1,0
http://secure-paypal.com.bd,27,2,0,0,1,1,1
http://www-service.org.bd,25,2,0,0,0,1,0
http://update-portal.com.bd,27,2,0,0,0,1,0
http://online-bank.org.bd,25,2,0,0,0,1,0
http://secure-banglalink.com.bd,31,2,0,0,1,1,1
http://update-update.com.bd,27,2,0,0,1,1,1
http://online-service.edu.bd,28,2,0,0,0,1,0
http://login-shop.org.bd,24,2,0,1,0,1,0
http://www-bracbank.org.bd,26,2,0,0,1,1,1
http://update-portal.com.bd,27,2,0,1,0,1,0
http://verify-bracbank.edu.bd,29,2,0,0,1,1,1
http://update-site.com.bd,25,2,0,0,0,1,0
http://update-login.org.bd,26,2,0,0,1,1,1
http://update-secure.org.bd,27,2,0,0,1,1,1
http://www-portal.edu.bd,24,2,0,0,0,1,0
http://online-site.org.bd,25,2,0,0,0,1,0
http://www-update.edu.bd,24,2,0,0,1,1,1
http://update-update.edu.bd,27,2,0,0,1,1,1
http://update-bank.edu.bd,25,2,0,1,0,1,0
http://secure-bank.com.bd,25,2,0,1,0,1,0
http://www-shop.edu.bd,22,2,0,1,0,1,0
http://verify-portal.com.bd,27,2,0,0,0,1,0
http://secure-update.edu.bd,27,2,0,0,1,1,1
http://secure-portal.edu.bd,27,2,0,0,0,1,0
http://online-bank.com.bd,25,2,0,0,0,1,0
http://verify-shop.org.bd,25,2,0,0,0,1,0
http://secure-secure.edu.bd,27,2,0,0,1,1,1
http://update-portal.com.bd,27,2,0,1,0,1,0
http://verify-ebl.com.bd,24,2,0,0,1,1,1
http://login-shop.org.bd,24,2,0,1,0,1,0
http://update-login.org.bd,26,2,0,0,1,1,1
http://online-bank.com.bd,25,2,0,0,1,1,1
http://www-update.com.bd,24,2,0,0,1,1,1
http://verify-amazon.org.bd,27,2,0,0,1,1,1
http://online-site.org.bd,25,2,0,0,0,1,0
http://online-shop.com.bd,25,2,0,1,0,1,0
http://secure-login.edu.bd,26,2,0,0,1,1,1
http://update-amazon.edu.bd,27,2,0,0,1,1,1
http://www-site.edu.bd,22,2,0,1,0,1,0
http://secure-portal.com.bd,27,2,0,1,0,1,0
http://update-service.edu.bd,28,2,0,1,0,1,0
http://update-service.edu.bd,28,2,0,0,1,1,1
http://update-bank.org.bd,25,2,0,0,0,1,0
http://verify-shop.org.bd,25,2,0,1,0,1,0
http://online-service.edu.bd,28,2,0,0,0,1,0
http://online-ebl.com.bd,24,2,0,0,1,1,1
http://login-bracbank.com.bd,28,2,0,0,1,1,1
http://online-login.org.bd,26,2,0,0,1,1,1
http://secure-amazon.org.bd,27,2,0,0,1,1,1
http://online-secure.org.bd,27,2,0,0,1,1,1
http://www-shop.com.bd,22,2,0,0,0,1,0
http://login-paypal.com.bd,26,2,0,0,1,1,1
http://www-bank.com.bd,22,2,0,0,0,1,0
http://secure-update.edu.bd,27,2,0,0,1,1,1
http://update-service.edu.bd,28,2,0,0,1,1,1
http://update-service.com.bd,28,2,0,0,0,1,0
http://www-portal.com.bd,24,2,0,1,0,1,0
http://login-bank.com.bd,24,2,0,1,0,1,0
http://secure-bank.edu.bd,25,2,0,1,0,1,0
http://login-bracbank.com.bd,28,2,0,0,1,1,1
http://online-shop.edu.bd,25,2,0,0,0,1,0
http://update-service.edu.bd,28,2,0,0,0,1,0
http://online-banglalink.com.bd,31,2,0,0,1,1,1
http://login-paypal.edu.bd,26,2,0,0,1,1,1
http://www-bank.edu.bd,22,2,0,0,0,1,0
http://update-ebl.edu.bd,24,2,0,0,1,1,1
http://secure-service.com.bd,28,2,0,0,1,1,1
http://update-bracbank.org.bd,29,2,0,0,1,1,1
http://secure-login.edu.bd,26,2,0,0,1,1,1
http://verify-ebl.edu.bd,24,2,0,0,1,1,1
http://verify-service.org.bd,28,2,0,1,0,1,0
http://www-secure.edu.bd,24,2,0,0,1,1,1
http://secure-ebl.edu.bd,24,2,0,0,1,1,1
http://verify-update.com.bd,27,2,0,0,1,1,1
http://update-bank.org.bd,25,2,0,0,1,1,1
http://update-amazon.org.bd,27,2,0,0,1,1,1
http://login-update.org.bd,26,2,0,0,1,1,1
http://www-bank.org.bd,22,2,0,1,0,1,0
http://www-ebl.org.bd,21,2,0,0,1,1,1
http://verify-amazon.com.bd,27,2,0,0,1,1,1
http://secure-service.org.bd,28,2,0,0,0,1,0
http://secure-service.org.bd,28,2,0,0,0,1,0
http://update-site.com.bd,25,2,0,1,0,1,0
http://verify-portal.com.bd,27,2,0,0,0,1,0
http://verify-update.com.bd,27,2,0,0,1,1,1
http://secure-update.edu.bd,27,2,0,0,1,1,1
http://online-service.com.bd,28,2,0,0,1,1,1
http://secure-secure.org.bd,27,2,0,0,1,1,1
http://login-service.org.bd,27,2,0,0,1,1,1
http://www-portal.edu.bd,24,2,0,1,0,1,0
http://login-shop.edu.bd,24,2,0,1,0,1,0
http://online-site.com.bd,25,2,0,1,0,1,0
http://secure-shop.org.bd,25,2,0,0,0,1,0
http://verify-secure.com.bd,27,2,0,0,1,1,1
http://secure-ebl.edu.bd,24,2,0,0,1,1,1
http://www-portal.org.bd,24,2,0,1,0,1,0
http://verify-site.org.bd,25,2,0,0,0,1,0
http://login-paypal.org.bd,26,2,0,0,1,1,1
http://update-bank.com.bd,25,2,0,0,0,1,0
http://online-shop.com.bd,25,2,0,0,0,1,0
http://secure-bank.edu.bd,25,2,0,1,0,1,0
http://update-shop.org.bd,25,2,0,1,0,1,0
http://login-service.edu.bd,27,2,0,0,0,1,0
http://verify-bank.com.bd,25,2,0,1,0,1,0
http://login-amazon.org.bd,26,2,0,0,1,1,1
http://online-site.org.bd,25,2,0,1,0,1,0
http://online-shop.edu.bd,25,2,0,1,0,1,0
http://verify-secure.edu.bd,27,2,0,0,1,1,1
http://online-shop.edu.bd,25,2,0,1,0,1,0
http://www-login.com.bd,23,2,0,0,1,1,1
http://login-site.org.bd,24,2,0,0,0,1,0
http://update-paypal.com.bd,27,2,0,0,1,1,1
http://online-site.edu.bd,25,2,0,1,0,1,0
http://online-login.edu.bd,26,2,0,0,1,1,1
http://update-bank.com.bd,25,2,0,1,0,1,0
http://verify-bank.com.bd,25,2,0,0,1,1,1
http://verify-portal.edu.bd,27,2,0,1,0,1,0
http://online-service.org.bd,28,2,0,0,0,1,0
http://www-service.com.bd,25,2,0,1,0,1,0
http://online-shop.edu.bd,25,2,0,1,0,1,0
http://verify-ebl.com.bd,24,2,0,0,1,1,1
http://www-shop.com.bd,22,2,0,1,0,1,0
http://online-shop.edu.bd,25,2,0,0,0,1,0
http://www-bank.edu.bd,22,2,0,0,1,1,1
http://verify-service.org.bd,28,2,0,1,0,1,0
http://update-secure.com.bd,27,2,0,0,1,1,1
http://secure-service.org.bd,28,2,0,0,0,1,0
http://verify-portal.edu.bd,27,2,0,0,0,1,0
http://www-secure.org.bd,24,2,0,0,1,1,1
http://verify-update.com.bd,27,2,0,0,1,1,1
http://online-login.edu.bd,26,2,0,0,1,1,1
http://www-portal.edu.bd,24,2,0,0,0,1,0
http://www-site.com.bd,22,2,0,1,0,1,0
http://verify-portal.edu.bd,27,2,0,0,0,1,0
http://online-service.org.bd,28,2,0,1,0,1,0
http://verify-portal.edu.bd,27,2,0,0,0,1,0
http://www-amazon.org.bd,24,2,0,0,1,1,1
http://online-shop.edu.bd,25,2,0,1,0,1,0
http://secure-shop.com.bd,25,2,0,1,0,1,0
http://online-service.edu.bd,28,2,0,0,0,1,0
http://www-bank.edu.bd,22,2,0,0,0,1,0
http://login-paypal.edu.bd,26,2,0,0,1,1,1
http://secure-paypal.com.bd,27,2,0,0,1,1,1
http://secure-bank.edu.bd,25,2,0,0,1,1,1
http://secure-bank.edu.bd,25,2,0,1,0,1,0
http://login-bank.com.bd,24,2,0,1,0,1,0
http://login-ebl.com.bd,23,2,0,0,1,1,1
http://www-login.org.bd,23,2,0,0,1,1,1
http://online-amazon.edu.bd,27,2,0,0,1,1,1
http://verify-login.org.bd,26,2,0,0,1,1,1
http://verify-bank.org.bd,25,2,0,1,0,1,0
http://www-banglalink.com.bd,28,2,0,0,1,1,1
http://verify-paypal.com.bd,27,2,0,0,1,1,1
http://secure-update.com.bd,27,2,0,0,1,1,1
http://www-bank.com.bd,22,2,0,1,0,1,0
http://verify-shop.edu.bd,25,2,0,0,0,1,0
http://secure-banglalink.edu.bd,31,2,0,0,1,1,1
http://secure-shop.org.bd,25,2,0,1,0,1,0
http://www-shop.com.bd,22,2,0,0,0,1,0
http://online-bank.com.bd,25,2,0,0,1,1,1
http://login-portal.edu.bd,26,2,0,0,0,1,0
http://secure-shop.org.bd,25,2,0,1,0,1,0
http://online-ebl.com.bd,24,2,0,0,1,1,1
http://online-banglalink.com.bd,31,2,0,0,1,1,1
http://login-service.edu.bd,27,2,0,1,0,1,0
http://update-service.org.bd,28,2,0,0,1,1,1
http://online-shop.com.bd,25,2,0,0,0,1,0
http://secure-service.edu.bd,28,2,0,0,0,1,0
http://online-service.edu.bd,28,2,0,0,1,1,1
http://update-shop.org.bd,25,2,0,1,0,1,0
http://www-paypal.org.bd,24,2,0,0,1,1,1
http://update-bank.org.bd,25,2,0,0,1,1,1
http://update-paypal.com.bd,27,2,0,0,1,1,1
http://verify-portal.edu.bd,27,2,0,0,0,1,0
http://update-secure.org.bd,27,2,0,0,1,1,1
http://login-bank.org.bd,24,2,0,1,0,1,0
http://login-service.com.bd,27,2,0,1,0,1,0
http://www-site.org.bd,22,2,0,1,0,1,0
http://secure-ebl.com.bd,24,2,0,0,1,1,1
http://update-service.com.bd,28,2,0,1,0,1,0
http://online-paypal.com.bd,27,2,0,0,1,1,1
http://update-shop.com.bd,25,2,0,1,0,1,0
http://secure-bank.org.bd,25,2,0,0,0,1,0
http://online-bank.com.bd,25,2,0,1,0,1,0
http://login-amazon.com.bd,26,2,0,0,1,1,1
http://www-banglalink.com.bd,28,2,0,0,1,1,1
http://update-ebl.edu.bd,24,2,0,0,1,1,1
http://update-service.org.bd,28,2,0,1,0,1,0
http://secure-bank.edu.bd,25,2,0,1,0,1,0
http://online-amazon.org.bd,27,2,0,0,1,1,1
http://verify-ebl.org.bd,24,2,0,0,1,1,1
http://secure-secure.com.bd,27,2,0,0,1,1,1
http://verify-shop.edu.bd,25,2,0,1,0,1,0
http://www-shop.edu.bd,22,2,0,0,0,1,0
http://secure-amazon.com.bd,27,2,0,0,1,1,1
http://update-portal.com.bd,27,2,0,1,0,1,0
http://www-site.org.bd,22,2,0,1,0,1,0
http://www-secure.com.bd,24,2,0,0,1,1,1
http://verify-service.com.bd,28,2,0,0,1,1,1
http://www-bank.com.bd,22,2,0,1,0,1,0
http://secure-shop.org.bd,25,2,0,0,0,1,0
http://online-amazon.edu.bd,27,2,0,0,1,1,1
http://verify-secure.org.bd,27,2,0,0,1,1,1
http://online-service.edu.bd,28,2,0,0,0,1,0
http://online-secure.edu.bd,27,2,0,0,1,1,1
http://online-shop.com.bd,25,2,0,0,0,1,0
http://update-ebl.org.bd,24,2,0,0,1,1,1
http://update-banglalink.org.bd,31,2,0,0,1,1,1
http://update-portal.edu.bd,27,2,0,0,0,1,0
http://update-site.org.bd,25,2,0,1,0,1,0
http://verify-ebl.com.bd,24,2,0,0,1,1,1
http://online-ebl.com.bd,24,2,0,0,1,1,1
http://update-shop.org.bd,25,2,0,1,0,1,0
http://update-paypal.org.bd,27,2,0,0,1,1,1
http://update-service.edu.bd,28,2,0,0,1,1,1
http://update-bank.com.bd,25,2,0,1,0,1,0
http://secure-ebl.org.bd,24,2,0,0,1,1,1
http://verify-service.org.bd,28,2,0,1,0,1,0
http://secure-service.edu.bd,28,2,0,0,0,1,0
http://www-login.edu.bd,23,2,0,0,1,1,1
http://online-portal.edu.bd,27,2,0,1,0,1,0
http://verify-bank.org.bd,25,2,0,1,0,1,0
http://online-shop.com.bd,25,2,0,1,0,1,0
http://online-portal.edu.bd,27,2,0,0,0,1,0
http://update-service.edu.bd,28,2,0,0,0,1,0
http://update-secure.com.bd,27,2,0,0,1,1,1
http://www-shop.org.bd,22,2,0,0,0,1,0
http://secure-paypal.edu.bd,27,2,0,0,1,1,1
http://secure-secure.org.bd,27,2,0,0,1,1,1
http://www-site.edu.bd,22,2,0,0,0,1,0
http://verify-login.edu.bd,26,2,0,0,1,1,1
http://www-login.edu.bd,23,2,0,0,1,1,1
http://update-bank.edu.bd,25,2,0,0,0,1,0
http://www-bracbank.com.bd,26,2,0,0,1,1,1
http://update-update.com.bd,27,2,0,0,1,1,1
http://verify-bank.org.bd,25,2,0,0,1,1,1
http://verify-portal.org.bd,27,2,0,0,0,1,0
http://verify-ebl.org.bd,24,2,0,0,1,1,1
http://online-shop.com.bd,25,2,0,1,0,1,0
http://login-bank.org.bd,24,2,0,1,0,1,0
http://update-service.com.bd,28,2,0,0,1,1,1
http://secure-service.org.bd,28,2,0,0,1,1,1
http://verify-bracbank.edu.bd,29,2,0,0,1,1,1
http://online-portal.com.bd,27,2,0,1,0,1,0
http://secure-amazon.edu.bd,27,2,0,0,1,1,1
http://secure-shop.org.bd,25,2,0,1,0,1,0
http://secure-bank.edu.bd,25,2,0,0,0,1,0
http://online-shop.org.bd,25,2,0,0,0,1,0
http://online-secure.com.bd,27,2,0,0,1,1,1
http://online-paypal.org.bd,27,2,0,0,1,1,1
http://secure-secure.org.bd,27,2,0,0,1,1,1
http://update-paypal.org.bd,27,2,0,0,1,1,1
http://secure-service.com.bd,28,2,0,0,0,1,0
http://verify-shop.edu.bd,25,2,0,1,0,1,0
http://www-service.org.bd,25,2,0,0,0,1,0
http://secure-site.org.bd,25,2,0,0,0,1,0
http://www-bank.org.bd,22,2,0,0,0,1,0
http://verify-service.org.bd,28,2,0,0,0,1,0
http://secure-bracbank.org.bd,29,2,0,0,1,1,1
http://online-banglalink.com.bd,31,2,0,0,1,1,1
http://update-login.com.bd,26,2,0,0,1,1,1
http://online-portal.com.bd,27,2,0,1,0,1,0
http://update-service.org.bd,28,2,0,0,0,1,0
http://www-update.edu.bd,24,2,0,0,1,1,1
http://update-amazon.edu.bd,27,2,0,0,1,1,1
http://www-bracbank.com.bd,26,2,0,0,1,1,1
http://update-paypal.edu.bd,27,2,0,0,1,1,1
http://verify-shop.com.bd,25,2,0,1,0,1,0
http://update-portal.edu.bd,27,2,0,1,0,1,0
http://update-bracbank.edu.bd,29,2,0,0,1,1,1
http://login-login.org.bd,25,2,0,0,1,1,1
http://www-shop.com.bd,22,2,0,1,0,1,0
http://update-bank.org.bd,25,2,0,1,0,1,0
http://www-service.com.bd,25,2,0,0,0,1,0
http://secure-portal.org.bd,27,2,0,1,0,1,0
http://www-bank.edu.bd,22,2,0,1,0,1,0
http://update-portal.com.bd,27,2,0,0,0,1,0
http://secure-login.com.bd,26,2,0,0,1,1,1
http://update-bank.edu.bd,25,2,0,0,0,1,0
http://www-bank.org.bd,22,2,0,0,1,1,1
http://update-bank.com.bd,25,2,0,1,0,1,0
http://verify-bank.com.bd,25,2,0,0,0,1,0
http://secure-service.com.bd,28,2,0,1,0,1,0
http://www-shop.edu.bd,22,2,0,1,0,1,0
http://login-service.com.bd,27,2,0,0,0,1,0
http://www-banglalink.edu.bd,28,2,0,0,1,1,1
http://online-service.edu.bd,28,2,0,1,0,1,0
http://www-service.com.bd,25,2,0,0,1,1,1
http://login-portal.edu.bd,26,2,0,1,0,1,0
http://verify-bank.edu.bd,25,2,0,0,0,1,0
http://secure-portal.org.bd,27,2,0,0,0,1,0
http://www-site.org.bd,22,2,0,0,0,1,0
http://update-portal.edu.bd,27,2,0,0,0,1,0
http://update-shop.edu.bd,25,2,0,0,0,1,0
http://verify-amazon.edu.bd,27,2,0,0,1,1,1
http://secure-update.edu.bd,27,2,0,0,1,1,1
http://online-portal.edu.bd,27,2,0,0,0,1,0
http://login-portal.edu.bd,26,2,0,0,0,1,0
http://www-bank.edu.bd,22,2,0,1,0,1,0
http://update-shop.edu.bd,25,2,0,0,0,1,0
http://www-site.com.bd,22,2,0,0,0,1,0
http://secure-bank.com.bd,25,2,0,1,0,1,0
http://online-paypal.org.bd,27,2,0,0,1,1,1
http://login-bracbank.org.bd,28,2,0,0,1,1,1
http://secure-paypal.org.bd,27,2,0,0,1,1,1
http://login-update.org.bd,26,2,0,0,1,1,1
http://online-service.com.bd,28,2,0,1,0,1,0
http://login-shop.org.bd,24,2,0,0,0,1,0
http://secure-bank.edu.bd,25,2,0,1,0,1,0
http://verify-bank.edu.bd,25,2,0,0,1,1,1
http://www-service.org.bd,25,2,0,1,0,1,0
http://online-portal.com.bd,27,2,0,0,0,1,0
http://online-service.org.bd,28,2,0,0,0,1,0
http://secure-login.com.bd,26,2,0,0,1,1,1
http://www-paypal.com.bd,24,2,0,0,1,1,1
http://update-paypal.org.bd,27,2,0,0,1,1,1
http://login-portal.com.bd,26,2,0,0,0,1,0
http://secure-site.edu.bd,25,2,0,0,0,1,0
http://verify-ebl.com.bd,24,2,0,0,1,1,1
http://online-update.edu.bd,27,2,0,0,1,1,1
http://online-bracbank.org.bd,29,2,0,0,1,1,1
http://login-ebl.edu.bd,23,2,0,0,1,1,1
http://secure-bank.com.bd,25,2,0,1,0,1,0
http://login-bank.org.bd,24,2,0,0,0,1,0
http://online-service.org.bd,28,2,0,0,1,1,1
http://verify-shop.com.bd,25,2,0,0,0,1,0
http://www-shop.edu.bd,22,2,0,0,0,1,0
http://verify-paypal.edu.bd,27,2,0,0,1,1,1
http://verify-amazon.edu.bd,27,2,0,0,1,1,1
http://update-ebl.org.bd,24,2,0,0,1,1,1
http://secure-shop.com.bd,25,2,0,0,0,1,0
http://www-bank.com.bd,22,2,0,1,0,1,0
http://online-service.org.bd,28,2,0,0,0,1,0
http://online-service.com.bd,28,2,0,0,0,1,0
http://verify-login.org.bd,26,2,0,0,1,1,1
http://secure-shop.org.bd,25,2,0,1,0,1,0
http://online-portal.edu.bd,27,2,0,0,0,1,0
http://online-bank.org.bd,25,2,0,1,0,1,0
http://update-shop.edu.bd,25,2,0,0,0,1,0
http://online-secure.edu.bd,27,2,0,0,1,1,1
http://login-site.org.bd,24,2,0,0,0,1,0
http://verify-portal.com.bd,27,2,0,0,0,1,0
http://verify-service.org.bd,28,2,0,0,1,1,1
http://update-secure.edu.bd,27,2,0,0,1,1,1
http://online-site.edu.bd,25,2,0,1,0,1,0
http://update-login.com.bd,26,2,0,0,1,1,1
http://verify-shop.edu.bd,25,2,0,0,0,1,0
http://www-paypal.com.bd,24,2,0,0,1,1,1
http://login-shop.com.bd,24,2,0,1,0,1,0
http://update-site.com.bd,25,2,0,0,0,1,0
http://login-login.edu.bd,25,2,0,0,1,1,1
http://verify-secure.edu.bd,27,2,0,0,1,1,1
http://secure-site.edu.bd,25,2,0,0,0,1,0
http://online-portal.com.bd,27,2,0,1,0,1,0
http://update-paypal.org.bd,27,2,0,0,1,1,1
http://verify-site.com.bd,25,2,0,0,0,1,0
http://secure-ebl.org.bd,24,2,0,0,1,1,1
http://online-banglalink.edu.bd,31,2,0,0,1,1,1
http://www-bank.org.bd,22,2,0,0,1,1,1
http://verify-login.edu.bd,26,2,0,0,1,1,1
http://update-shop.org.bd,25,2,0,1,0,1,0
http://online-bank.org.bd,25,2,0,1,0,1,0
http://www-service.org.bd,25,2,0,0,0,1,0
http://verify-login.org.bd,26,2,0,0,1,1,1
http://update-paypal.com.bd,27,2,0,0,1,1,1
http://verify-portal.com.bd,27,2,0,0,0,1,0
http://login-shop.edu.bd,24,2,0,0,0,1,0
http://update-secure.org.bd,27,2,0,0,1,1,1
http://login-bank.com.bd,24,2,0,1,0,1,0
http://secure-banglalink.org.bd,31,2,0,0,1,1,1
http://verify-secure.org.bd,27,2,0,0,1,1,1
http://secure-ebl.org.bd,24,2,0,0,1,1,1
http://update-ebl.org.bd,24,2,0,0,1,1,1
http://login-ebl.com.bd,23,2,0,0,1,1,1
http://online-login.edu.bd,26,2,0,0,1,1,1
http://verify-service.com.bd,28,2,0,0,0,1,0
http://verify-service.org.bd,28,2,0,0,1,1,1
http://login-service.edu.bd,27,2,0,1,0,1,0
http://verify-service.com.bd,28,2,0,0,1,1,1
http://update-service.org.bd,28,2,0,0,1,1,1
http://verify-portal.edu.bd,27,2,0,0,0,1,0
http://update-bank.edu.bd,25,2,0,0,0,1,0
http://secure-paypal.edu.bd,27,2,0,0,1,1,1
http://login-ebl.com.bd,23,2,0,0,1,1,1
http://login-service.com.bd,27,2,0,1,0,1,0
http://verify-bank.edu.bd,25,2,0,0,0,1,0
http://update-shop.org.bd,25,2,0,0,0,1,0
http://update-amazon.edu.bd,27,2,0,0,1,1,1
http://online-service.edu.bd,28,2,0,0,1,1,1
http://verify-service.com.bd,28,2,0,0,1,1,1
http://secure-site.edu.bd,25,2,0,1,0,1,0
http://update-amazon.org.bd,27,2,0,0,1,1,1
http://update-shop.edu.bd,25,2,0,1,0,1,0
http://www-service.edu.bd,25,2,0,0,0,1,0
http://verify-amazon.org.bd,27,2,0,0,1,1,1
http://www-bracbank.edu.bd,26,2,0,0,1,1,1
http://verify-service.edu.bd,28,2,0,0,0,1,0
http://verify-site.edu.bd,25,2,0,1,0,1,0
http://online-shop.edu.bd,25,2,0,0,0,1,0
http://online-portal.edu.bd,27,2,0,1,0,1,0
http://secure-login.com.bd,26,2,0,0,1,1,1
http://secure-shop.org.bd,25,2,0,1,0,1,0
http://online-bank.com.bd,25,2,0,1,0,1,0
http://login-bank.com.bd,24,2,0,1,0,1,0
http://verify-ebl.org.bd,24,2,0,0,1,1,1
http://login-bracbank.edu.bd,28,2,0,0,1,1,1
http://login-bank.edu.bd,24,2,0,1,0,1,0
http://online-bank.com.bd,25,2,0,0,1,1,1
http://www-site.org.bd,22,2,0,0,0,1,0
http://update-bracbank.edu.bd,29,2,0,0,1,1,1
http://www-update.com.bd,24,2,0,0,1,1,1
http://www-site.com.bd,22,2,0,1,0,1,0
http://secure-update.com.bd,27,2,0,0,1,1,1
http://secure-login.com.bd,26,2,0,0,1,1,1
http://secure-banglalink.org.bd,31,2,0,0,1,1,1
http://update-ebl.com.bd,24,2,0,0,1,1,1
http://secure-bank.edu.bd,25,2,0,1,0,1,0
http://login-site.com.bd,24,2,0,1,0,1,0
http://login-portal.edu.bd,26,2,0,0,0,1,0
http://online-update.edu.bd,27,2,0,0,1,1,1
http://login-site.com.bd,24,2,0,0,0,1,0
http://verify-service.edu.bd,28,2,0,1,0,1,0
http://www-secure.org.bd,24,2,0,0,1,1,1
http://update-ebl.org.bd,24,2,0,0,1,1,1
http://online-banglalink.com.bd,31,2,0,0,1,1,1
http://verify-secure.com.bd,27,2,0,0,1,1,1
http://verify-portal.com.bd,27,2,0,0,0,1,0
http://online-bracbank.org.bd,29,2,0,0,1,1,1
http://login-site.edu.bd,24,2,0,1,0,1,0
http://secure-service.org.bd,28,2,0,1,0,1,0
http://verify-amazon.edu.bd,27,2,0,0,1,1,1
http://secure-ebl.com.bd,24,2,0,0,1,1,1
http://secure-paypal.edu.bd,27,2,0,0,1,1,1
http://secure-site.org.bd,25,2,0,1,0,1,0
http://www-service.edu.bd,25,2,0,0,0,1,0
http://login-ebl.org.bd,23,2,0,0,1,1,1
http://update-portal.org.bd,27,2,0,1,0,1,0
http://online-paypal.org.bd,27,2,0,0,1,1,1
http://secure-update.com.bd,27,2,0,0,1,1,1
http://login-bracbank.org.bd,28,2,0,0,1,1,1
http://login-login.org.bd,25,2,0,0,1,1,1
http://www-login.com.bd,23,2,0,0,1,1,1
http://login-amazon.org.bd,26,2,0,0,1,1,1
http://login-amazon.org.bd,26,2,0,0,1,1,1
http://www-bracbank.com.bd,26,2,0,0,1,1,1
http://verify-service.edu.bd,28,2,0,0,1,1,1
http://verify-banglalink.org.bd,31,2,0,0,1,1,1
http://verify-bank.org.bd,25,2,0,0,1,1,1
http://login-ebl.org.bd,23,2,0,0,1,1,1
http://secure-ebl.com.bd,24,2,0,0,1,1,1
http://www-login.edu.bd,23,2,0,0,1,1,1
http://online-amazon.org.bd,27,2,0,0,1,1,1
http://www-portal.org.bd,24,2,0,1,0,1,0
http://secure-amazon.edu.bd,27,2,0,0,1,1,1
http://www-bank.org.bd,22,2,0,0,1,1,1
http://secure-banglalink.org.bd,31,2,0,0,1,1,1
http://www-site.edu.bd,22,2,0,0,0,1,0
http://login-shop.edu.bd,24,2,0,0,0,1,0
http://online-login.edu.bd,26,2,0,0,1,1,1
http://online-paypal.org.bd,27,2,0,0,1,1,1
http://online-bank.co,21,1,0,0,0,0,0
http://update-bracbank.io,25,1,0,0,1,0,1
http://online-update.net,24,1,0,0,1,0,1
http://online-banglalink.org,28,1,0,0,1,0,1
http://login-secure.com,23,1,0,0,1,0,1
http://online-shop.com,22,1,0,1,0,0,0
http://online-ebl.com,21,1,0,0,1,0,1
http://secure-service.com,25,1,0,1,0,0,0
http://www-shop.co,18,1,0,0,0,0,0
http://update-bracbank.gov,26,1,0,0,1,0,1
http://update-shop.gov,22,1,0,0,0,0,0
http://verify-login.io,22,1,0,0,1,0,1
http://login-portal.gov,23,1,0,0,0,0,0
http://www-secure.gov,21,1,0,0,1,0,1
http://login-portal.gov,23,1,0,1,0,0,0
http://www-service.com,22,1,0,0,1,0,1
http://update-paypal.gov,24,1,0,0,1,0,1
http://secure-service.com,25,1,0,0,1,0,1
http://login-site.gov,21,1,0,0,0,0,0
http://login-portal.com,23,1,0,1,0,0,0
http://verify-site.org,22,1,0,1,0,0,0
http://verify-service.com,25,1,0,1,0,0,0
http://online-bank.org,22,1,0,0,1,0,1
http://verify-site.org,22,1,0,1,0,0,0
http://www-bank.org,19,1,0,1,0,0,0
http://secure-portal.io,23,1,0,0,0,0,0
http://update-service.gov,25,1,0,1,0,0,0
http://login-service.net,24,1,0,0,0,0,0
http://online-amazon.net,24,1,0,0,1,0,1
http://www-service.gov,22,1,0,0,1,0,1
http://secure-portal.co,23,1,0,0,0,0,0
http://update-paypal.io,23,1,0,0,1,0,1
http://verify-portal.org,24,1,0,0,0,0,0
http://online-site.co,21,1,0,1,0,0,0
http://online-site.org,22,1,0,1,0,0,0
http://login-update.gov,23,1,0,0,1,0,1
http://verify-bank.co,21,1,0,0,1,0,1
http://verify-site.gov,22,1,0,1,0,0,0
http://secure-update.org,24,1,0,0,1,0,1
http://login-bank.org,21,1,0,0,0,0,0
http://secure-secure.co,23,1,0,0,1,0,1
http://online-bank.co,21,1,0,0,0,0,0
http://update-bracbank.io,25,1,0,0,1,0,1
http://verify-update.co,23,1,0,0,1,0,1
http://secure-ebl.io,20,1,0,0,1,0,1
http://update-portal.co,23,1,0,1,0,0,0
http://update-bracbank.co,25,1,0,0,1,0,1
http://online-shop.gov,22,1,0,1,0,0,0
http://login-secure.io,22,1,0,0,1,0,1
http://secure-site.com,22,1,0,0,0,0,0
http://www-update.co,20,1,0,0,1,0,1
http://verify-site.org,22,1,0,1,0,0,0
http://update-bank.gov,22,1,0,1,0,0,0
http://login-portal.io,22,1,0,1,0,0,0
http://update-banglalink.gov,28,1,0,0,1,0,1
http://update-site.org,22,1,0,0,0,0,0
http://login-shop.co,20,1,0,1,0,0,0
http://update-banglalink.org,28,1,0,0,1,0,1
http://www-ebl.io,17,1,0,0,1,0,1
http://online-amazon.org,24,1,0,0,1,0,1
http://login-service.net,24,1,0,0,0,0,0
http://www-login.net,20,1,0,0,1,0,1
http://secure-site.gov,22,1,0,0,0,0,0
http://www-bank.io,18,1,0,0,0,0,0
http://verify-service.io,24,1,0,1,0,0,0
http://online-update.co,23,1,0,0,1,0,1
http://secure-paypal.gov,24,1,0,0,1,0,1
http://secure-bank.net,22,1,0,1,0,0,0
http://www-update.co,20,1,0,0,1,0,1
http://online-banglalink.org,28,1,0,0,1,0,1
http://login-secure.net,23,1,0,0,1,0,1
http://www-login.co,19,1,0,0,1,0,1
http://online-shop.com,22,1,0,0,0,0,0
http://secure-bank.net,22,1,0,1,0,0,0
http://verify-bank.org,22,1,0,0,1,0,1
http://update-site.net,22,1,0,0,0,0,0
http://update-shop.io,21,1,0,1,0,0,0
http://update-paypal.io,23,1,0,0,1,0,1
http://verify-service.net,25,1,0,0,0,0,0
http://update-site.com,22,1,0,0,0,0,0
http://login-site.com,21,1,0,0,0,0,0
http://verify-portal.net,24,1,0,0,0,0,0
http://update-ebl.com,21,1,0,0,1,0,1
http://verify-bank.gov,22,1,0,0,0,0,0
http://www-login.co,19,1,0,0,1,0,1
http://verify-shop.net,22,1,0,0,0,0,0
http://secure-site.net,22,1,0,1,0,0,0
http://verify-bank.org,22,1,0,0,1,0,1
http://www-bracbank.gov,23,1,0,0,1,0,1
http://verify-update.net,24,1,0,0,1,0,1
http://online-login.net,23,1,0,0,1,0,1
http://verify-login.org,23,1,0,0,1,0,1
http://update-site.gov,22,1,0,0,0,0,0
http://secure-bank.gov,22,1,0,0,1,0,1
http://www-service.gov,22,1,0,0,0,0,0
http://online-ebl.co,20,1,0,0,1,0,1
http://www-ebl.net,18,1,0,0,1,0,1
http://login-bank.org,21,1,0,0,0,0,0
http://login-shop.co,20,1,0,1,0,0,0
http://online-paypal.org,24,1,0,0,1,0,1
http://login-ebl.net,20,1,0,0,1,0,1
http://www-ebl.net,18,1,0,0,1,0,1
http://secure-bank.org,22,1,0,1,0,0,0
http://login-site.gov,21,1,0,0,0,0,0
http://login-bank.net,21,1,0,0,1,0,1
http://update-update.com,24,1,0,0,1,0,1
http://secure-site.net,22,1,0,0,0,0,0
http://login-portal.io,22,1,0,1,0,0,0
http://online-shop.io,21,1,0,0,0,0,0
http://www-update.co,20,1,0,0,1,0,1
http://verify-portal.gov,24,1,0,1,0,0,0
http://login-bank.net,21,1,0,0,1,0,1
http://secure-update.net,24,1,0,0,1,0,1
http://online-bank.net,22,1,0,1,0,0,0
http://update-banglalink.gov,28,1,0,0,1,0,1
http://secure-site.com,22,1,0,0,0,0,0
http://online-service.co,24,1,0,0,1,0,1
http://verify-update.org,24,1,0,0,1,0,1
http://verify-service.gov,25,1,0,1,0,0,0
http://online-secure.com,24,1,0,0,1,0,1
http://www-ebl.org,18,1,0,0,1,0,1
http://online-bank.net,22,1,0,1,0,0,0
http://www-ebl.io,17,1,0,0,1,0,1
http://verify-site.com,22,1,0,0,0,0,0
http://update-site.io,21,1,0,1,0,0,0
http://secure-site.org,22,1,0,1,0,0,0
http://online-ebl.com,21,1,0,0,1,0,1
http://online-amazon.org,24,1,0,0,1,0,1
http://update-portal.org,24,1,0,1,0,0,0
http://verify-bank.gov,22,1,0,1,0,0,0
http://update-amazon.net,24,1,0,0,1,0,1
http://verify-paypal.gov,24,1,0,0,1,0,1
http://verify-amazon.net,24,1,0,0,1,0,1
http://verify-portal.net,24,1,0,1,0,0,0
http://www-bank.net,19,1,0,0,0,0,0
http://update-bracbank.net,26,1,0,0,1,0,1
http://online-portal.gov,24,1,0,0,0,0,0
http://login-portal.net,23,1,0,0,0,0,0
http://www-bank.co,18,1,0,0,0,0,0
http://update-service.org,25,1,0,1,0,0,0
http://verify-service.com,25,1,0,0,0,0,0
http://www-bank.co,18,1,0,0,0,0,0
http://verify-service.co,24,1,0,1,0,0,0
http://www-bank.net,19,1,0,0,1,0,1
http://verify-bracbank.io,25,1,0,0,1,0,1
http://login-ebl.co,19,1,0,0,1,0,1
http://verify-bank.org,22,1,0,0,1,0,1
http://online-portal.gov,24,1,0,1,0,0,0
http://update-site.net,22,1,0,1,0,0,0
http://verify-bracbank.com,26,1,0,0,1,0,1
http://secure-service.co,24,1,0,1,0,0,0
http://secure-secure.io,23,1,0,0,1,0,1
http://online-ebl.io,20,1,0,0,1,0,1
http://verify-shop.gov,22,1,0,0,0,0,0
http://www-paypal.co,20,1,0,0,1,0,1
http://update-ebl.co,20,1,0,0,1,0,1
http://www-paypal.gov,21,1,0,0,1,0,1
http://www-amazon.org,21,1,0,0,1,0,1
http://secure-banglalink.net,28,1,0,0,1,0,1
http://update-bracbank.io,25,1,0,0,1,0,1
http://www-shop.com,19,1,0,1,0,0,0
http://www-service.com,22,1,0,0,0,0,0
http://secure-bracbank.io,25,1,0,0,1,0,1
http://verify-banglalink.co,27,1,0,0,1,0,1
http://www-portal.net,21,1,0,1,0,0,0
http://verify-bracbank.co,25,1,0,0,1,0,1
http://online-amazon.com,24,1,0,0,1,0,1
http://verify-service.co,24,1,0,1,0,0,0
http://update-bank.com,22,1,0,1,0,0,0
http://secure-paypal.gov,24,1,0,0,1,0,1
http://secure-login.com,23,1,0,0,1,0,1
http://login-secure.org,23,1,0,0,1,0,1
http://secure-shop.net,22,1,0,0,0,0,0
http://update-amazon.io,23,1,0,0,1,0,1
http://www-portal.gov,21,1,0,0,0,0,0
http://www-login.com,20,1,0,0,1,0,1
http://login-bank.gov,21,1,0,0,1,0,1
http://verify-service.net,25,1,0,0,1,0,1
http://secure-site.io,21,1,0,0,0,0,0
http://verify-bank.io,21,1,0,1,0,0,0
http://www-bank.org,19,1,0,0,1,0,1
http://www-portal.gov,21,1,0,1,0,0,0
http://online-bank.net,22,1,0,1,0,0,0
http://login-site.org,21,1,0,1,0,0,0
http://update-service.co,24,1,0,0,0,0,0
http://login-bank.co,20,1,0,0,1,0,1
http://login-amazon.co,22,1,0,0,1,0,1
http://update-amazon.com,24,1,0,0,1,0,1
http://login-amazon.co,22,1,0,0,1,0,1
http://verify-update.org,24,1,0,0,1,0,1
http://update-site.co,21,1,0,1,0,0,0
http://www-bank.co,18,1,0,1,0,0,0
http://secure-paypal.net,24,1,0,0,1,0,1
http://online-bank.gov,22,1,0,1,0,0,0
http://online-bracbank.gov,26,1,0,0,1,0,1
http://login-shop.co,20,1,0,0,0,0,0
http://login-site.io,20,1,0,1,0,0,0
http://login-paypal.org,23,1,0,0,1,0,1
http://verify-service.net,25,1,0,0,0,0,0
http://www-paypal.com,21,1,0,0,1,0,1
http://verify-ebl.co,20,1,0,0,1,0,1
http://www-ebl.gov,18,1,0,0,1,0,1
http://www-bank.io,18,1,0,0,1,0,1
http://login-portal.gov,23,1,0,0,0,0,0
http://login-paypal.com,23,1,0,0,1,0,1
http://verify-update.com,24,1,0,0,1,0,1
http://verify-site.co,21,1,0,1,0,0,0
http://verify-login.com,23,1,0,0,1,0,1
http://update-bank.io,21,1,0,0,1,0,1
http://secure-shop.io,21,1,0,1,0,0,0
http://www-update.gov,21,1,0,0,1,0,1
http://update-ebl.com,21,1,0,0,1,0,1
http://login-login.org,22,1,0,0,1,0,1
http://login-service.com,24,1,0,0,1,0,1
http://update-bracbank.gov,26,1,0,0,1,0,1
http://www-update.io,20,1,0,0,1,0,1
http://login-shop.io,20,1,0,0,0,0,0
http://update-bank.net,22,1,0,0,1,0,1
http://verify-shop.co,21,1,0,1,0,0,0
http://www-login.gov,20,1,0,0,1,0,1
http://www-shop.co,18,1,0,1,0,0,0
http://update-service.org,25,1,0,0,1,0,1
http://secure-bank.org,22,1,0,1,0,0,0
http://online-banglalink.co,27,1,0,0,1,0,1
http://secure-update.co,23,1,0,0,1,0,1
http://secure-bank.gov,22,1,0,1,0,0,0
http://secure-portal.io,23,1,0,1,0,0,0
http://update-bank.org,22,1,0,0,0,0,0
http://online-bank.net,22,1,0,1,0,0,0
http://verify-portal.io,23,1,0,1,0,0,0
http://online-portal.co,23,1,0,1,0,0,0
http://verify-banglalink.io,27,1,0,0,1,0,1
http://verify-bracbank.gov,26,1,0,0,1,0,1
http://secure-secure.org,24,1,0,0,1,0,1
http://verify-login.io,22,1,0,0,1,0,1
http://update-bracbank.io,25,1,0,0,1,0,1
http://secure-bank.org,22,1,0,0,0,0,0
http://login-bank.io,20,1,0,0,0,0,0
http://www-bank.io,18,1,0,1,0,0,0
http://secure-portal.net,24,1,0,1,0,0,0
http://verify-bank.io,21,1,0,0,1,0,1
http://online-service.co,24,1,0,0,1,0,1
http://update-service.com,25,1,0,0,0,0,0
http://verify-portal.org,24,1,0,1,0,0,0
http://www-portal.co,20,1,0,0,0,0,0
http://www-bracbank.gov,23,1,0,0,1,0,1
http://verify-service.co,24,1,0,1,0,0,0
http://update-shop.io,21,1,0,0,0,0,0
http://www-shop.gov,19,1,0,0,0,0,0
http://secure-shop.co,21,1,0,0,0,0,0
http://www-site.net,19,1,0,1,0,0,0
http://login-service.co,23,1,0,0,1,0,1
http://online-portal.gov,24,1,0,1,0,0,0
http://secure-secure.gov,24,1,0,0,1,0,1
http://update-secure.com,24,1,0,0,1,0,1
http://secure-banglalink.co,27,1,0,0,1,0,1
http://login-shop.gov,21,1,0,1,0,0,0
http://www-portal.org,21,1,0,1,0,0,0
http://secure-bracbank.net,26,1,0,0,1,0,1
http://verify-bank.org,22,1,0,0,0,0,0
http://online-site.com,22,1,0,0,0,0,0
http://verify-site.co,21,1,0,1,0,0,0
http://update-service.gov,25,1,0,0,0,0,0
http://www-service.org,22,1,0,0,1,0,1
http://secure-site.co,21,1,0,1,0,0,0
http://secure-service.net,25,1,0,0,0,0,0
http://www-site.org,19,1,0,1,0,0,0
http://www-bank.net,19,1,0,0,0,0,0
http://www-service.io,21,1,0,0,0,0,0
http://online-bank.com,22,1,0,1,0,0,0
http://www-ebl.gov,18,1,0,0,1,0,1
http://login-shop.gov,21,1,0,0,0,0,0
http://login-service.gov,24,1,0,0,0,0,0
http://online-shop.gov,22,1,0,0,0,0,0
http://verify-banglalink.com,28,1,0,0,1,0,1
http://secure-service.com,25,1,0,0,0,0,0
http://login-shop.org,21,1,0,0,0,0,0
http://verify-banglalink.com,28,1,0,0,1,0,1
http://login-bank.net,21,1,0,1,0,0,0
http://update-site.io,21,1,0,1,0,0,0
http://secure-site.org,22,1,0,0,0,0,0
http://verify-site.gov,22,1,0,1,0,0,0
http://www-shop.gov,19,1,0,0,0,0,0
http://online-shop.com,22,1,0,0,0,0,0
http://login-portal.com,23,1,0,1,0,0,0
http://online-ebl.io,20,1,0,0,1,0,1
http://update-site.io,21,1,0,1,0,0,0
http://secure-service.gov,25,1,0,1,0,0,0
http://secure-service.net,25,1,0,0,1,0,1
http://update-service.com,25,1,0,0,0,0,0
http://update-amazon.org,24,1,0,0,1,0,1
http://online-portal.co,23,1,0,0,0,0,0
http://update-banglalink.net,28,1,0,0,1,0,1
http://login-amazon.io,22,1,0,0,1,0,1
http://online-bank.io,21,1,0,0,1,0,1
http://verify-amazon.gov,24,1,0,0,1,0,1
http://www-login.net,20,1,0,0,1,0,1
http://online-shop.co,21,1,0,1,0,0,0
http://verify-portal.org,24,1,0,0,0,0,0
http://verify-login.net,23,1,0,0,1,0,1
http://verify-service.co,24,1,0,0,1,0,1
http://secure-portal.gov,24,1,0,0,0,0,0
http://online-banglalink.org,28,1,0,0,1,0,1
http://online-service.org,25,1,0,0,0,0,0
http://update-site.gov,22,1,0,1,0,0,0
http://www-login.io,19,1,0,0,1,0,1
http://login-amazon.io,22,1,0,0,1,0,1
http://secure-service.io,24,1,0,1,0,0,0
http://www-service.net,22,1,0,0,1,0,1
http://secure-site.gov,22,1,0,0,0,0,0
http://verify-bank.io,21,1,0,0,0,0,0
http://update-amazon.co,23,1,0,0,1,0,1
http://verify-service.org,25,1,0,0,1,0,1
http://verify-bank.co,21,1,0,0,1,0,1
http://login-secure.io,22,1,0,0,1,0,1
http://update-site.io,21,1,0,0,0,0,0
http://online-service.com,25,1,0,1,0,0,0
http://login-login.co,21,1,0,0,1,0,1
http://update-site.io,21,1,0,0,0,0,0
http://verify-login.net,23,1,0,0,1,0,1
http://verify-update.io,23,1,0,0,1,0,1
http://www-ebl.org,18,1,0,0,1,0,1
http://verify-login.gov,23,1,0,0,1,0,1
http://login-secure.co,22,1,0,0,1,0,1
http://online-bracbank.org,26,1,0,0,1,0,1
http://online-ebl.io,20,1,0,0,1,0,1
http://update-paypal.com,24,1,0,0,1,0,1
http://update-shop.co,21,1,0,1,0,0,0
http://secure-shop.gov,22,1,0,0,0,0,0
http://www-portal.net,21,1,0,0,0,0,0
http://online-banglalink.io,27,1,0,0,1,0,1
http://online-bank.org,22,1,0,0,0,0,0
http://update-site.gov,22,1,0,0,0,0,0
http://login-secure.org,23,1,0,0,1,0,1
http://update-amazon.org,24,1,0,0,1,0,1
http://secure-site.com,22,1,0,1,0,0,0
http://update-banglalink.org,28,1,0,0,1,0,1
http://login-bank.com,21,1,0,0,0,0,0
http://secure-shop.co,21,1,0,0,0,0,0
http://verify-service.net,25,1,0,1,0,0,0
http://online-site.org,22,1,0,1,0,0,0
http://login-bank.gov,21,1,0,0,1,0,1
http://login-bank.org,21,1,0,0,1,0,1
http://www-secure.io,20,1,0,0,1,0,1
http://verify-bracbank.net,26,1,0,0,1,0,1
http://login-service.com,24,1,0,0,0,0,0
http://verify-portal.com,24,1,0,0,0,0,0
http://login-secure.io,22,1,0,0,1,0,1
http://online-banglalink.io,27,1,0,0,1,0,1
http://verify-service.com,25,1,0,0,1,0,1
http://login-portal.com,23,1,0,0,0,0,0
http://update-paypal.com,24,1,0,0,1,0,1
http://update-login.org,23,1,0,0,1,0,1
http://www-ebl.com,18,1,0,0,1,0,1
http://login-site.com,21,1,0,1,0,0,0
http://verify-service.co,24,1,0,0,0,0,0
http://update-bracbank.net,26,1,0,0,1,0,1
http://online-ebl.io,20,1,0,0,1,0,1
http://secure-secure.io,23,1,0,0,1,0,1
http://www-shop.gov,19,1,0,1,0,0,0
http://online-portal.gov,24,1,0,1,0,0,0
http://verify-site.net,22,1,0,0,0,0,0
http://login-shop.org,21,1,0,1,0,0,0
http://www-service.com,22,1,0,1,0,0,0
http://update-bank.net,22,1,0,0,0,0,0
http://online-portal.org,24,1,0,1,0,0,0
http://online-service.org,25,1,0,0,1,0,1
http://online-portal.io,23,1,0,1,0,0,0
http://www-secure.co,20,1,0,0,1,0,1
http://www-ebl.net,18,1,0,0,1,0,1
http://online-bracbank.org,26,1,0,0,1,0,1
http://update-service.com,25,1,0,0,0,0,0
http://secure-service.gov,25,1,0,0,1,0,1
http://update-amazon.co,23,1,0,0,1,0,1
http://verify-portal.gov,24,1,0,1,0,0,0
http://online-service.io,24,1,0,0,0,0,0
http://verify-login.org,23,1,0,0,1,0,1
http://online-shop.co,21,1,0,0,0,0,0
http://update-portal.org,24,1,0,0,0,0,0
http://update-site.io,21,1,0,1,0,0,0
http://secure-bank.net,22,1,0,0,0,0,0
http://secure-service.io,24,1,0,0,1,0,1
http://login-site.io,20,1,0,0,0,0,0
http://update-bracbank.gov,26,1,0,0,1,0,1
http://online-shop.net,22,1,0,0,0,0,0
http://login-ebl.net,20,1,0,0,1,0,1
http://login-bank.org,21,1,0,0,0,0,0
http://www-portal.io,20,1,0,1,0,0,0
http://www-amazon.org,21,1,0,0,1,0,1
http://secure-portal.net,24,1,0,1,0,0,0
http://secure-bracbank.io,25,1,0,0,1,0,1
http://online-secure.gov,24,1,0,0,1,0,1
http://online-amazon.org,24,1,0,0,1,0,1
http://update-portal.net,24,1,0,1,0,0,0
http://www-portal.gov,21,1,0,0,0,0,0
http://verify-service.com,25,1,0,1,0,0,0
http://verify-shop.gov,22,1,0,0,0,0,0
http://update-service.org,25,1,0,0,1,0,1
http://online-shop.org,22,1,0,0,0,0,0
http://www-login.gov,20,1,0,0,1,0,1
http://online-shop.com,22,1,0,0,0,0,0
http://verify-bracbank.net,26,1,0,0,1,0,1
http://secure-bank.net,22,1,0,1,0,0,0
http://www-update.com,21,1,0,0,1,0,1
http://update-shop.co,21,1,0,1,0,0,0
http://www-shop.org,19,1,0,0,0,0,0
http://online-update.org,24,1,0,0,1,0,1
http://secure-bank.com,22,1,0,0,1,0,1
http://secure-service.org,25,1,0,0,1,0,1
http://login-bracbank.net,25,1,0,0,1,0,1
http://update-paypal.net,24,1,0,0,1,0,1
http://www-service.net,22,1,0,0,1,0,1
http://login-shop.org,21,1,0,1,0,0,0
http://online-bracbank.net,26,1,0,0,1,0,1
http://online-bank.co,21,1,0,0,0,0,0
http://secure-site.net,22,1,0,1,0,0,0
http://login-site.io,20,1,0,0,0,0,0
http://update-shop.net,22,1,0,0,0,0,0
http://www-ebl.org,18,1,0,0,1,0,1
http://verify-paypal.org,24,1,0,0,1,0,1
http://secure-site.org,22,1,0,1,0,0,0
http://www-site.net,19,1,0,0,0,0,0
http://secure-service.net,25,1,0,0,0,0,0
http://login-portal.com,23,1,0,1,0,0,0
http://online-site.co,21,1,0,1,0,0,0
http://verify-login.net,23,1,0,0,1,0,1
http://verify-amazon.com,24,1,0,0,1,0,1
http://verify-bracbank.gov,26,1,0,0,1,0,1
http://verify-shop.co,21,1,0,0,0,0,0
http://www-bank.net,19,1,0,1,0,0,0
http://update-bank.com,22,1,0,0,1,0,1
http://secure-amazon.gov,24,1,0,0,1,0,1
http://www-secure.org,21,1,0,0,1,0,1
http://www-service.co,21,1,0,0,0,0,0
http://online-login.io,22,1,0,0,1,0,1
http://secure-portal.com,24,1,0,0,0,0,0
http://secure-login.io,22,1,0,0,1,0,1
http://login-portal.com,23,1,0,0,0,0,0
http://secure-site.com,22,1,0,0,0,0,0
http://www-shop.gov,19,1,0,0,0,0,0
http://secure-service.com,25,1,0,0,0,0,0
http://login-bank.org,21,1,0,0,0,0,0
http://verify-login.org,23,1,0,0,1,0,1
http://www-portal.gov,21,1,0,1,0,0,0
http://www-bracbank.co,22,1,0,0,1,0,1
http://online-update.com,24,1,0,0,1,0,1
http://www-banglalink.org,25,1,0,0,1,0,1
http://www-site.org,19,1,0,0,0,0,0
http://verify-login.org,23,1,0,0,1,0,1
http://www-service.com,22,1,0,0,1,0,1
http://online-service.org,25,1,0,0,0,0,0
http://update-shop.org,22,1,0,0,0,0,0
http://online-service.co,24,1,0,0,1,0,1
http://www-banglalink.com,25,1,0,0,1,0,1
http://verify-bank.co,21,1,0,0,0,0,0
http://secure-site.co,21,1,0,0,0,0,0
http://secure-bank.org,22,1,0,0,0,0,0
http://verify-shop.io,21,1,0,1,0,0,0
http://secure-bracbank.co,25,1,0,0,1,0,1
http://www-update.co,20,1,0,0,1,0,1
http://secure-shop.gov,22,1,0,1,0,0,0
http://verify-ebl.net,21,1,0,0,1,0,1
http://login-portal.net,23,1,0,0,0,0,0
http://verify-shop.co,21,1,0,1,0,0,0
http://www-banglalink.io,24,1,0,0,1,0,1
http://verify-shop.com,22,1,0,0,0,0,0
http://online-bank.io,21,1,0,1,0,0,0
http://secure-ebl.com,21,1,0,0,1,0,1
http://update-bracbank.gov,26,1,0,0,1,0,1
http://www-service.net,22,1,0,0,1,0,1
http://verify-site.net,22,1,0,0,0,0,0
http://verify-service.org,25,1,0,0,1,0,1
http://update-amazon.gov,24,1,0,0,1,0,1
http://online-secure.net,24,1,0,0,1,0,1
http://www-shop.com,19,1,0,0,0,0,0
http://login-shop.io,20,1,0,1,0,0,0
http://update-shop.net,22,1,0,0,0,0,0
http://update-portal.net,24,1,0,0,0,0,0
http://online-bank.org,22,1,0,1,0,0,0
http://update-login.org,23,1,0,0,1,0,1
http://verify-service.co,24,1,0,0,1,0,1
http://online-portal.org,24,1,0,0,0,0,0
http://secure-bank.co,21,1,0,1,0,0,0
http://www-update.io,20,1,0,0,1,0,1
http://verify-bracbank.net,26,1,0,0,1,0,1
http://login-banglalink.com,27,1,0,0,1,0,1
http://secure-banglalink.com,28,1,0,0,1,0,1
http://update-portal.io,23,1,0,1,0,0,0
http://login-secure.com,23,1,0,0,1,0,1
http://www-ebl.io,17,1,0,0,1,0,1
http://www-secure.gov,21,1,0,0,1,0,1
http://login-ebl.com,20,1,0,0,1,0,1
http://www-secure.com,21,1,0,0,1,0,1
http://verify-banglalink.co,27,1,0,0,1,0,1
http://update-bank.net,22,1,0,0,1,0,1
http://verify-paypal.com,24,1,0,0,1,0,1
http://online-portal.io,23,1,0,1,0,0,0
http://www-service.org,22,1,0,0,1,0,1
http://online-portal.org,24,1,0,1,0,0,0
http://online-bank.com,22,1,0,0,1,0,1
http://update-paypal.gov,24,1,0,0,1,0,1
http://verify-login.com,23,1,0,0,1,0,1
http://login-amazon.com,23,1,0,0,1,0,1
http://www-login.co,19,1,0,0,1,0,1
http://login-portal.net,23,1,0,0,0,0,0
http://secure-update.com,24,1,0,0,1,0,1
http://online-secure.org,24,1,0,0,1,0,1
http://secure-secure.gov,24,1,0,0,1,0,1
http://www-shop.net,19,1,0,0,0,0,0
http://www-site.net,19,1,0,0,0,0,0
http://verify-shop.net,22,1,0,0,0,0,0
http://update-service.net,25,1,0,0,1,0,1
http://secure-login.gov,23,1,0,0,1,0,1
http://online-ebl.co,20,1,0,0,1,0,1
http://www-shop.io,18,1,0,1,0,0,0
http://www-bank.gov,19,1,0,0,0,0,0
http://secure-secure.com,24,1,0,0,1,0,1
http://update-service.co,24,1,0,1,0,0,0
http://online-site.com,22,1,0,1,0,0,0
http://online-bank.com,22,1,0,0,0,0,0
http://online-amazon.gov,24,1,0,0,1,0,1
http://verify-site.net,22,1,0,0,0,0,0
http://update-site.io,21,1,0,0,0,0,0
http://www-shop.co,18,1,0,1,0,0,0
http://secure-service.net,25,1,0,1,0,0,0
http://online-shop.net,22,1,0,0,0,0,0
http://secure-update.co,23,1,0,0,1,0,1
http://online-portal.com,24,1,0,0,0,0,0
http://secure-site.io,21,1,0,0,0,0,0
http://update-portal.gov,24,1,0,1,0,0,0
http://secure-bank.net,22,1,0,1,0,0,0
http://secure-service.com,25,1,0,0,1,0,1
http://update-shop.io,21,1,0,1,0,0,0
http://login-banglalink.io,26,1,0,0,1,0,1
http://online-bank.com,22,1,0,1,0,0,0
http://verify-portal.gov,24,1,0,0,0,0,0
http://verify-bank.com,22,1,0,0,0,0,0
http://www-bank.io,18,1,0,1,0,0,0
http://online-update.co,23,1,0,0,1,0,1
http://verify-shop.net,22,1,0,0,0,0,0
http://login-portal.co,22,1,0,1,0,0,0
http://online-banglalink.com,28,1,0,0,1,0,1
http://www-bank.net,19,1,0,1,0,0,0
http://secure-bank.com,22,1,0,1,0,0,0
http://verify-service.org,25,1,0,0,0,0,0
http://online-bank.net,22,1,0,0,1,0,1
http://www-paypal.io,20,1,0,0,1,0,1
http://online-shop.io,21,1,0,0,0,0,0
http://online-bank.org,22,1,0,1,0,0,0
http://update-amazon.gov,24,1,0,0,1,0,1
http://secure-service.org,25,1,0,0,0,0,0
http://online-login.gov,23,1,0,0,1,0,1
http://www-bank.net,19,1,0,1,0,0,0
http://secure-update.net,24,1,0,0,1,0,1
http://www-bank.com,19,1,0,0,1,0,1
http://www-bank.com,19,1,0,0,1,0,1
http://www-site.gov,19,1,0,0,0,0,0
http://online-site.io,21,1,0,1,0,0,0
http://online-site.net,22,1,0,0,0,0,0
http://online-bank.co,21,1,0,0,1,0,1
http://www-bank.net,19,1,0,1,0,0,0
http://www-login.io,19,1,0,0,1,0,1
http://login-login.co,21,1,0,0,1,0,1
http://online-paypal.gov,24,1,0,0,1,0,1
http://secure-site.co,21,1,0,0,0,0,0
http://verify-update.gov,24,1,0,0,1,0,1
http://secure-service.com,25,1,0,1,0,0,0
http://update-amazon.net,24,1,0,0,1,0,1
http://www-bank.com,19,1,0,0,0,0,0
http://verify-bank.gov,22,1,0,0,1,0,1
http://verify-portal.gov,24,1,0,1,0,0,0
http://online-paypal.com,24,1,0,0,1,0,1
http://verify-login.io,22,1,0,0,1,0,1
http://www-bank.co,18,1,0,0,0,0,0
http://login-ebl.org,20,1,0,0,1,0,1
http://update-paypal.com,24,1,0,0,1,0,1
http://login-paypal.com,23,1,0,0,1,0,1
http://online-service.net,25,1,0,1,0,0,0
http://verify-paypal.gov,24,1,0,0,1,0,1
http://online-banglalink.com,28,1,0,0,1,0,1
http://login-shop.org,21,1,0,1,0,0,0
http://secure-bank.co,21,1,0,0,1,0,1
http://login-shop.com,21,1,0,1,0,0,0
http://secure-shop.co,21,1,0,1,0,0,0
http://verify-shop.co,21,1,0,1,0,0,0
http://update-shop.net,22,1,0,0,0,0,0
http://update-site.io,21,1,0,0,0,0,0
http://update-ebl.com,21,1,0,0,1,0,1
http://login-service.com,24,1,0,1,0,0,0
http://update-bank.net,22,1,0,0,1,0,1
http://secure-shop.io,21,1,0,1,0,0,0
http://verify-secure.com,24,1,0,0,1,0,1
http://verify-site.com,22,1,0,0,0,0,0
http://secure-portal.io,23,1,0,1,0,0,0
http://login-ebl.co,19,1,0,0,1,0,1
http://secure-bank.org,22,1,0,0,0,0,0
http://update-banglalink.org,28,1,0,0,1,0,1
http://login-service.net,24,1,0,0,1,0,1
http://verify-paypal.gov,24,1,0,0,1,0,1
http://login-secure.com,23,1,0,0,1,0,1
http://login-shop.com,21,1,0,0,0,0,0
http://update-bank.org,22,1,0,1,0,0,0
http://www-service.com,22,1,0,1,0,0,0
http://secure-bank.gov,22,1,0,0,1,0,1
http://secure-portal.co,23,1,0,0,0,0,0
http://secure-service.net,25,1,0,0,0,0,0
http://www-portal.io,20,1,0,1,0,0,0
http://secure-banglalink.co,27,1,0,0,1,0,1
http://www-secure.gov,21,1,0,0,1,0,1
http://verify-site.com,22,1,0,0,0,0,0
http://login-paypal.com,23,1,0,0,1,0,1
http://online-login.org,23,1,0,0,1,0,1
http://online-portal.com,24,1,0,1,0,0,0
http://update-login.net,23,1,0,0,1,0,1
http://online-service.com,25,1,0,0,0,0,0
http://login-bank.gov,21,1,0,1,0,0,0
http://secure-portal.co,23,1,0,0,0,0,0
http://update-amazon.io,23,1,0,0,1,0,1
http://secure-shop.org,22,1,0,1,0,0,0
http://login-bracbank.org,25,1,0,0,1,0,1
http://update-secure.org,24,1,0,0,1,0,1
http://secure-shop.gov,22,1,0,1,0,0,0
http://update-ebl.com,21,1,0,0,1,0,1
http://update-portal.gov,24,1,0,0,0,0,0
http://online-bracbank.gov,26,1,0,0,1,0,1
http://update-login.gov,23,1,0,0,1,0,1
http://secure-login.org,23,1,0,0,1,0,1
http://online-banglalink.co,27,1,0,0,1,0,1
http://online-banglalink.com,28,1,0,0,1,0,1
http://verify-amazon.co,23,1,0,0,1,0,1
http://www-service.net,22,1,0,1,0,0,0
http://update-service.co,24,1,0,0,0,0,0
http://online-service.io,24,1,0,1,0,0,0
http://secure-portal.gov,24,1,0,1,0,0,0
http://login-shop.io,20,1,0,0,0,0,0
http://login-amazon.net,23,1,0,0,1,0,1
http://www-amazon.co,20,1,0,0,1,0,1
http://update-ebl.net,21,1,0,0,1,0,1
http://online-secure.io,23,1,0,0,1,0,1
http://www-portal.net,21,1,0,0,0,0,0
http://verify-shop.co,21,1,0,1,0,0,0
http://secure-site.org,22,1,0,1,0,0,0
http://www-site.co,18,1,0,1,0,0,0
http://update-bank.org,22,1,0,0,1,0,1
http://verify-site.co,21,1,0,0,0,0,0
http://www-paypal.io,20,1,0,0,1,0,1
http://online-service.com,25,1,0,0,1,0,1
http://secure-ebl.co,20,1,0,0,1,0,1
http://www-service.io,21,1,0,0,1,0,1
http://verify-login.io,22,1,0,0,1,0,1
http://update-banglalink.io,27,1,0,0,1,0,1
http://update-service.org,25,1,0,0,0,0,0
http://update-login.co,22,1,0,0,1,0,1
http://www-shop.org,19,1,0,0,0,0,0
http://verify-banglalink.io,27,1,0,0,1,0,1
http://online-portal.gov,24,1,0,1,0,0,0
http://login-update.com,23,1,0,0,1,0,1
http://online-portal.io,23,1,0,0,0,0,0
http://verify-amazon.com,24,1,0,0,1,0,1
http://update-portal.co,23,1,0,1,0,0,0
http://update-bracbank.gov,26,1,0,0,1,0,1
http://verify-banglalink.net,28,1,0,0,1,0,1
http://login-bank.co,20,1,0,0,1,0,1
http://www-service.net,22,1,0,0,1,0,1
http://www-secure.net,21,1,0,0,1,0,1
http://secure-secure.net,24,1,0,0,1,0,1
http://update-paypal.io,23,1,0,0,1,0,1
http://www-bracbank.gov,23,1,0,0,1,0,1
http://update-bank.org,22,1,0,0,1,0,1
http://secure-site.net,22,1,0,0,0,0,0
http://secure-bracbank.co,25,1,0,0,1,0,1
http://www-secure.io,20,1,0,0,1,0,1
http://www-shop.gov,19,1,0,1,0,0,0
http://verify-shop.co,21,1,0,1,0,0,0
http://login-update.io,22,1,0,0,1,0,1
http://login-bank.io,20,1,0,0,0,0,0
http://update-bank.net,22,1,0,1,0,0,0
http://online-portal.co,23,1,0,1,0,0,0
http://online-service.gov,25,1,0,1,0,0,0
http://update-bank.gov,22,1,0,0,1,0,1
http://www-portal.com,21,1,0,1,0,0,0
http://login-ebl.net,20,1,0,0,1,0,1
http://online-bracbank.net,26,1,0,0,1,0,1
http://update-ebl.gov,21,1,0,0,1,0,1
http://update-bank.gov,22,1,0,0,1,0,1
http://verify-service.io,24,1,0,1,0,0,0
http://update-login.com,23,1,0,0,1,0,1
http://verify-paypal.net,24,1,0,0,1,0,1
http://login-banglalink.org,27,1,0,0,1,0,1
http://verify-service.com,25,1,0,0,0,0,0
http://verify-bank.com,22,1,0,1,0,0,0
http://login-site.io,20,1,0,1,0,0,0
http://www-login.org,20,1,0,0,1,0,1
http://login-service.co,23,1,0,0,1,0,1
http://online-site.net,22,1,0,1,0,0,0
http://online-portal.co,23,1,0,0,0,0,0
http://login-bank.gov,21,1,0,0,1,0,1
http://update-site.co,21,1,0,0,0,0,0
http://secure-portal.org,24,1,0,1,0,0,0
http://login-site.gov,21,1,0,0,0,0,0
http://online-service.co,24,1,0,0,0,0,0
http://www-bank.co,18,1,0,1,0,0,0
http://login-bank.io,20,1,0,0,1,0,1
http://online-site.com,22,1,0,0,0,0,0
http://online-update.io,23,1,0,0,1,0,1
http://www-shop.org,19,1,0,0,0,0,0
http://login-service.co,23,1,0,0,0,0,0
http://www-site.org,19,1,0,0,0,0,0
http://secure-bracbank.gov,26,1,0,0,1,0,1
http://login-amazon.co,22,1,0,0,1,0,1
http://login-service.gov,24,1,0,1,0,0,0
http://secure-site.io,21,1,0,1,0,0,0
http://login-service.io,23,1,0,0,0,0,0
http://login-bank.io,20,1,0,1,0,0,0
http://online-bracbank.net,26,1,0,0,1,0,1
http://www-portal.net,21,1,0,1,0,0,0
http://update-shop.net,22,1,0,1,0,0,0
http://update-bracbank.co,25,1,0,0,1,0,1
http://www-service.io,21,1,0,0,0,0,0
http://secure-portal.gov,24,1,0,1,0,0,0
http://secure-paypal.org,24,1,0,0,1,0,1
http://online-amazon.com,24,1,0,0,1,0,1
http://www-update.co,20,1,0,0,1,0,1
http://secure-update.net,24,1,0,0,1,0,1
http://online-bank.io,21,1,0,0,1,0,1
http://verify-login.net,23,1,0,0,1,0,1
http://login-shop.net,21,1,0,1,0,0,0
http://login-service.co,23,1,0,0,1,0,1
http://login-site.com,21,1,0,0,0,0,0
http://login-update.io,22,1,0,0,1,0,1
http://login-shop.co,20,1,0,1,0,0,0
http://update-service.gov,25,1,0,0,1,0,1
http://verify-bank.net,22,1,0,0,1,0,1
http://verify-secure.org,24,1,0,0,1,0,1
http://update-portal.co,23,1,0,0,0,0,0
http://verify-bank.net,22,1,0,0,0,0,0
http://online-shop.gov,22,1,0,0,0,0,0
http://login-update.co,22,1,0,0,1,0,1
http://update-login.com,23,1,0,0,1,0,1
http://www-paypal.org,21,1,0,0,1,0,1
http://www-ebl.gov,18,1,0,0,1,0,1
http://secure-bank.io,21,1,0,1,0,0,0
http://login-site.com,21,1,0,0,0,0,0
http://online-portal.com,24,1,0,0,0,0,0
http://www-site.org,19,1,0,0,0,0,0
http://online-shop.gov,22,1,0,1,0,0,0
http://www-ebl.gov,18,1,0,0,1,0,1
http://secure-bracbank.gov,26,1,0,0,1,0,1
http://www-banglalink.org,25,1,0,0,1,0,1
http://online-login.com,23,1,0,0,1,0,1
http://www-bank.com,19,1,0,0,1,0,1
http://www-portal.io,20,1,0,0,0,0,0
http://update-portal.co,23,1,0,1,0,0,0
http://update-site.com,22,1,0,0,0,0,0
http://login-service.io,23,1,0,0,1,0,1
http://www-service.net,22,1,0,0,0,0,0
http://verify-site.io,21,1,0,1,0,0,0
http://online-bank.com,22,1,0,1,0,0,0
http://online-bank.org,22,1,0,1,0,0,0
http://verify-bank.net,22,1,0,0,1,0,1
http://www-service.io,21,1,0,0,1,0,1
http://secure-update.org,24,1,0,0,1,0,1
http://www-bracbank.org,23,1,0,0,1,0,1
http://online-service.co,24,1,0,0,0,0,0
http://login-site.co,20,1,0,1,0,0,0
http://online-shop.io,21,1,0,0,0,0,0
http://verify-ebl.com,21,1,0,0,1,0,1
http://secure-service.org,25,1,0,0,1,0,1
http://login-service.net,24,1,0,0,1,0,1
http://login-service.org,24,1,0,1,0,0,0
http://www-bank.io,18,1,0,0,1,0,1
http://www-service.net,22,1,0,0,1,0,1
http://secure-service.gov,25,1,0,1,0,0,0
http://verify-paypal.net,24,1,0,0,1,0,1
http://secure-portal.org,24,1,0,1,0,0,0
http://www-secure.com,21,1,0,0,1,0,1
http://login-login.gov,22,1,0,0,1,0,1
http://www-ebl.com,18,1,0,0,1,0,1
http://secure-ebl.gov,21,1,0,0,1,0,1
http://login-service.com,24,1,0,1,0,0,0
http://online-shop.gov,22,1,0,0,0,0,0
http://www-amazon.io,20,1,0,0,1,0,1
http://verify-ebl.net,21,1,0,0,1,0,1
http://www-secure.org,21,1,0,0,1,0,1
http://secure-portal.com,24,1,0,0,0,0,0
http://www-banglalink.org,25,1,0,0,1,0,1
http://verify-banglalink.io,27,1,0,0,1,0,1
http://secure-bank.org,22,1,0,1,0,0,0
http://online-secure.gov,24,1,0,0,1,0,1
http://online-bank.org,22,1,0,0,1,0,1
http://secure-secure.org,24,1,0,0,1,0,1
http://verify-amazon.co,23,1,0,0,1,0,1
http://verify-site.co,21,1,0,0,0,0,0
http://online-shop.gov,22,1,0,0,0,0,0
http://online-paypal.net,24,1,0,0,1,0,1
http://www-update.net,21,1,0,0,1,0,1
http://online-portal.gov,24,1,0,1,0,0,0
http://secure-site.gov,22,1,0,1,0,0,0
http://online-bank.com,22,1,0,0,0,0,0
http://online-shop.com,22,1,0,1,0,0,0
http://online-login.io,22,1,0,0,1,0,1
http://login-bracbank.gov,25,1,0,0,1,0,1
http://www-service.io,21,1,0,1,0,0,0
http://update-shop.net,22,1,0,1,0,0,0
http://login-login.co,21,1,0,0,1,0,1
http://secure-update.org,24,1,0,0,1,0,1
http://update-service.net,25,1,0,1,0,0,0
http://online-service.co,24,1,0,0,1,0,1
http://www-login.org,20,1,0,0,1,0,1
http://login-bracbank.io,24,1,0,0,1,0,1
http://secure-login.co,22,1,0,0,1,0,1
http://online-update.net,24,1,0,0,1,0,1
http://login-service.io,23,1,0,1,0,0,0
http://login-bank.io,20,1,0,1,0,0,0
http://verify-paypal.io,23,1,0,0,1,0,1
http://update-portal.gov,24,1,0,0,0,0,0
http://update-portal.co,23,1,0,0,0,0,0
http://online-service.gov,25,1,0,0,1,0,1
http://login-site.net,21,1,0,1,0,0,0
http://update-login.com,23,1,0,0,1,0,1
http://login-site.org,21,1,0,1,0,0,0
http://verify-shop.io,21,1,0,0,0,0,0
http://secure-banglalink.io,27,1,0,0,1,0,1
http://verify-service.com,25,1,0,0,1,0,1
http://login-ebl.io,19,1,0,0,1,0,1
http://www-paypal.com,21,1,0,0,1,0,1
http://www-portal.org,21,1,0,1,0,0,0
http://login-site.co,20,1,0,0,0,0,0
http://secure-paypal.net,24,1,0,0,1,0,1
http://www-bank.net,19,1,0,1,0,0,0
http://login-bracbank.gov,25,1,0,0,1,0,1
http://verify-site.gov,22,1,0,0,0,0,0
http://online-shop.org,22,1,0,1,0,0,0
http://online-bank.org,22,1,0,0,0,0,0
http://login-banglalink.org,27,1,0,0,1,0,1
http://verify-service.net,25,1,0,0,0,0,0
http://login-site.net,21,1,0,0,0,0,0
http://login-site.io,20,1,0,1,0,0,0
http://login-bank.co,20,1,0,0,0,0,0
http://login-site.org,21,1,0,0,0,0,0
http://www-paypal.co,20,1,0,0,1,0,1
http://update-portal.io,23,1,0,1,0,0,0
http://login-paypal.com,23,1,0,0,1,0,1
http://secure-banglalink.gov,28,1,0,0,1,0,1
http://update-amazon.org,24,1,0,0,1,0,1
http://secure-shop.com,22,1,0,0,0,0,0
http://verify-bank.io,21,1,0,0,1,0,1
http://online-update.net,24,1,0,0,1,0,1
http://online-secure.gov,24,1,0,0,1,0,1
http://login-site.io,20,1,0,1,0,0,0
http://www-shop.io,18,1,0,1,0,0,0
http://verify-ebl.org,21,1,0,0,1,0,1
http://update-site.io,21,1,0,1,0,0,0
http://update-shop.org,22,1,0,0,0,0,0
http://online-bank.com,22,1,0,0,0,0,0
http://www-service.io,21,1,0,0,1,0,1
http://online-banglalink.org,28,1,0,0,1,0,1
http://verify-ebl.net,21,1,0,0,1,0,1
http://login-service.io,23,1,0,1,0,0,0
http://verify-bracbank.org,26,1,0,0,1,0,1
http://login-bank.io,20,1,0,0,1,0,1
http://online-secure.co,23,1,0,0,1,0,1
http://www-site.org,19,1,0,1,0,0,0
http://online-service.org,25,1,0,0,0,0,0
http://online-site.gov,22,1,0,0,0,0,0
http://update-secure.io,23,1,0,0,1,0,1
http://update-service.co,24,1,0,1,0,0,0
http://verify-bracbank.co,25,1,0,0,1,0,1
http://online-banglalink.com,28,1,0,0,1,0,1
http://login-paypal.co,22,1,0,0,1,0,1
http://www-amazon.net,21,1,0,0,1,0,1
http://www-ebl.org,18,1,0,0,1,0,1
http://login-ebl.gov,20,1,0,0,1,0,1
http://verify-bank.org,22,1,0,0,0,0,0
http://update-bank.com,22,1,0,0,1,0,1
http://www-update.gov,21,1,0,0,1,0,1
http://verify-bank.io,21,1,0,0,1,0,1
http://online-bank.gov,22,1,0,0,0,0,0
http://www-service.com,22,1,0,0,0,0,0
http://update-portal.com,24,1,0,1,0,0,0
http://secure-site.com,22,1,0,0,0,0,0
http://update-bank.co,21,1,0,0,1,0,1
http://login-service.co,23,1,0,0,1,0,1
http://login-shop.io,20,1,0,1,0,0,0
http://verify-bracbank.io,25,1,0,0,1,0,1
http://update-bank.com,22,1,0,0,0,0,0
http://verify-bank.co,21,1,0,0,1,0,1
http://www-bank.org,19,1,0,0,0,0,0
http://online-portal.com,24,1,0,1,0,0,0
http://www-secure.gov,21,1,0,0,1,0,1
http://login-portal.gov,23,1,0,0,0,0,0
http://verify-portal.com,24,1,0,1,0,0,0
http://login-service.gov,24,1,0,0,1,0,1
http://www-site.org,19,1,0,1,0,0,0
http://secure-bank.com,22,1,0,0,1,0,1
http://login-shop.co,20,1,0,0,0,0,0
http://update-shop.co,21,1,0,1,0,0,0
http://www-service.net,22,1,0,1,0,0,0
http://www-portal.net,21,1,0,1,0,0,0
http://login-portal.gov,23,1,0,0,0,0,0
http://verify-amazon.com,24,1,0,0,1,0,1
http://secure-portal.io,23,1,0,1,0,0,0
http://www-service.net,22,1,0,0,1,0,1
http://verify-login.org,23,1,0,0,1,0,1
http://update-bracbank.net,26,1,0,0,1,0,1
http://secure-site.com,22,1,0,0,0,0,0
http://login-ebl.org,20,1,0,0,1,0,1
http://verify-service.gov,25,1,0,0,0,0,0
http://www-portal.org,21,1,0,0,0,0,0
http://www-amazon.com,21,1,0,0,1,0,1
http://online-ebl.net,21,1,0,0,1,0,1
http://www-update.net,21,1,0,0,1,0,1
http://online-bank.net,22,1,0,0,1,0,1
http://www-bank.net,19,1,0,0,0,0,0
http://secure-bank.io,21,1,0,0,1,0,1
http://online-bracbank.com,26,1,0,0,1,0,1
http://secure-ebl.net,21,1,0,0,1,0,1
http://online-service.org,25,1,0,1,0,0,0
http://verify-shop.net,22,1,0,1,0,0,0
http://secure-portal.io,23,1,0,0,0,0,0
http://www-bank.net,19,1,0,0,0,0,0
http://www-bracbank.gov,23,1,0,0,1,0,1
http://www-service.co,21,1,0,0,0,0,0
http://online-update.gov,24,1,0,0,1,0,1
http://online-service.org,25,1,0,0,1,0,1
http://login-ebl.gov,20,1,0,0,1,0,1
http://login-bank.gov,21,1,0,0,1,0,1
http://www-secure.com,21,1,0,0,1,0,1
http://secure-shop.co,21,1,0,1,0,0,0
http://verify-ebl.net,21,1,0,0,1,0,1
http://login-banglalink.net,27,1,0,0,1,0,1
http://update-bracbank.io,25,1,0,0,1,0,1
http://update-shop.net,22,1,0,1,0,0,0
http://www-site.io,18,1,0,1,0,0,0
http://verify-site.org,22,1,0,0,0,0,0
http://update-bank.gov,22,1,0,1,0,0,0
http://www-bank.com,19,1,0,1,0,0,0
http://online-shop.com,22,1,0,1,0,0,0
http://login-bank.co,20,1,0,0,0,0,0
http://verify-bank.co,21,1,0,1,0,0,0
http://verify-amazon.co,23,1,0,0,1,0,1
http://secure-site.net,22,1,0,0,0,0,0
http://update-secure.gov,24,1,0,0,1,0,1
http://update-bank.org,22,1,0,0,1,0,1
http://www-banglalink.net,25,1,0,0,1,0,1
http://verify-ebl.gov,21,1,0,0,1,0,1
http://update-ebl.io,20,1,0,0,1,0,1
http://login-site.net,21,1,0,0,0,0,0
http://update-amazon.io,23,1,0,0,1,0,1
http://update-banglalink.io,27,1,0,0,1,0,1
http://update-bracbank.io,25,1,0,0,1,0,1
http://online-shop.gov,22,1,0,1,0,0,0
http://verify-shop.com,22,1,0,0,0,0,0
http://online-bank.com,22,1,0,1,0,0,0
http://login-ebl.net,20,1,0,0,1,0,1
http://update-update.org,24,1,0,0,1,0,1
http://verify-update.gov,24,1,0,0,1,0,1
http://online-service.co,24,1,0,1,0,0,0
http://login-update.io,22,1,0,0,1,0,1
http://online-ebl.co,20,1,0,0,1,0,1
http://login-secure.net,23,1,0,0,1,0,1
http://secure-bank.io,21,1,0,0,1,0,1
http://verify-secure.co,23,1,0,0,1,0,1
http://update-portal.gov,24,1,0,0,0,0,0
http://login-bracbank.gov,25,1,0,0,1,0,1
http://verify-shop.net,22,1,0,1,0,0,0
http://secure-bank.org,22,1,0,0,1,0,1
http://www-ebl.gov,18,1,0,0,1,0,1
http://online-service.org,25,1,0,1,0,0,0
http://verify-shop.org,22,1,0,1,0,0,0
http://secure-amazon.org,24,1,0,0,1,0,1
http://secure-bank.net,22,1,0,0,1,0,1
http://secure-portal.io,23,1,0,1,0,0,0
http://secure-amazon.io,23,1,0,0,1,0,1
http://verify-site.net,22,1,0,1,0,0,0
http://verify-login.co,22,1,0,0,1,0,1
http://www-bracbank.org,23,1,0,0,1,0,1
http://online-update.net,24,1,0,0,1,0,1
http://secure-service.net,25,1,0,1,0,0,0
http://update-site.org,22,1,0,0,0,0,0
http://verify-portal.co,23,1,0,0,0,0,0
http://login-ebl.org,20,1,0,0,1,0,1
http://secure-service.co,24,1,0,0,0,0,0
http://login-shop.co,20,1,0,1,0,0,0
http://verify-banglalink.co,27,1,0,0,1,0,1
http://login-update.io,22,1,0,0,1,0,1
http://update-site.net,22,1,0,1,0,0,0
http://secure-service.co,24,1,0,1,0,0,0
http://online-login.io,22,1,0,0,1,0,1
http://online-secure.org,24,1,0,0,1,0,1
http://verify-ebl.net,21,1,0,0,1,0,1
http://www-service.com,22,1,0,1,0,0,0
http://verify-site.gov,22,1,0,0,0,0,0
http://verify-service.co,24,1,0,0,1,0,1
http://login-ebl.com,20,1,0,0,1,0,1
http://verify-shop.io,21,1,0,1,0,0,0
http://secure-bank.com,22,1,0,0,1,0,1
http://online-service.net,25,1,0,0,0,0,0
http://verify-secure.io,23,1,0,0,1,0,1
http://secure-update.gov,24,1,0,0,1,0,1
http://www-bank.com,19,1,0,1,0,0,0
http://secure-login.org,23,1,0,0,1,0,1
http://verify-bank.io,21,1,0,1,0,0,0
http://login-bank.gov,21,1,0,0,0,0,0
http://login-portal.org,23,1,0,0,0,0,0
http://verify-login.gov,23,1,0,0,1,0,1
http://login-bank.org,21,1,0,0,0,0,0
http://update-portal.org,24,1,0,1,0,0,0
http://secure-service.io,24,1,0,0,0,0,0
http://verify-banglalink.io,27,1,0,0,1,0,1
http://login-service.gov,24,1,0,0,0,0,0
http://www-portal.co,20,1,0,1,0,0,0
http://update-shop.io,21,1,0,1,0,0,0
http://verify-site.org,22,1,0,1,0,0,0
http://login-bank.co,20,1,0,0,1,0,1
http://online-amazon.co,23,1,0,0,1,0,1
http://www-update.com,21,1,0,0,1,0,1
http://www-shop.org,19,1,0,1,0,0,0
http://secure-update.co,23,1,0,0,1,0,1
http://verify-shop.gov,22,1,0,0,0,0,0
http://verify-service.com,25,1,0,0,0,0,0
http://verify-secure.com,24,1,0,0,1,0,1
http://www-site.gov,19,1,0,1,0,0,0
http://online-portal.gov,24,1,0,0,0,0,0
http://update-shop.org,22,1,0,0,0,0,0
http://online-bank.io,21,1,0,0,0,0,0
http://secure-shop.gov,22,1,0,0,0,0,0
http://online-service.io,24,1,0,0,0,0,0
http://update-amazon.net,24,1,0,0,1,0,1
http://update-banglalink.org,28,1,0,0,1,0,1
http://www-bank.gov,19,1,0,0,1,0,1
http://update-update.io,23,1,0,0,1,0,1
http://login-banglalink.gov,27,1,0,0,1,0,1
http://update-bank.gov,22,1,0,0,0,0,0
http://verify-site.org,22,1,0,1,0,0,0
http://www-secure.com,21,1,0,0,1,0,1
http://online-service.io,24,1,0,0,0,0,0
http://login-login.io,21,1,0,0,1,0,1
http://update-service.net,25,1,0,1,0,0,0
http://update-paypal.gov,24,1,0,0,1,0,1
http://online-bank.co,21,1,0,0,0,0,0
http://update-secure.org,24,1,0,0,1,0,1
http://www-paypal.com,21,1,0,0,1,0,1
http://update-secure.gov,24,1,0,0,1,0,1
http://update-bracbank.io,25,1,0,0,1,0,1
http://online-bank.net,22,1,0,0,1,0,1
http://update-paypal.gov,24,1,0,0,1,0,1
http://update-banglalink.co,27,1,0,0,1,0,1
http://online-bank.org,22,1,0,1,0,0,0
http://online-bracbank.org,26,1,0,0,1,0,1
http://verify-ebl.io,20,1,0,0,1,0,1
http://secure-shop.co,21,1,0,0,0,0,0
http://verify-site.org,22,1,0,1,0,0,0
http://update-paypal.net,24,1,0,0,1,0,1
http://login-login.com,22,1,0,0,1,0,1
http://verify-shop.gov,22,1,0,1,0,0,0
http://secure-paypal.com,24,1,0,0,1,0,1
http://www-bank.co,18,1,0,0,1,0,1
http://login-ebl.io,19,1,0,0,1,0,1
http://secure-shop.net,22,1,0,1,0,0,0
http://secure-service.org,25,1,0,0,1,0,1
http://www-service.co,21,1,0,0,1,0,1
http://update-shop.net,22,1,0,0,0,0,0
http://verify-paypal.gov,24,1,0,0,1,0,1
http://login-site.co,20,1,0,1,0,0,0
http://www-bank.gov,19,1,0,0,0,0,0
http://login-portal.com,23,1,0,1,0,0,0
http://secure-service.net,25,1,0,1,0,0,0
http://login-portal.co,22,1,0,1,0,0,0
http://verify-ebl.org,21,1,0,0,1,0,1
http://login-site.net,21,1,0,1,0,0,0
http://www-bank.co,18,1,0,0,0,0,0
http://www-bank.gov,19,1,0,0,1,0,1
http://online-paypal.gov,24,1,0,0,1,0,1
http://secure-site.net,22,1,0,1,0,0,0
http://verify-banglalink.gov,28,1,0,0,1,0,1
http://online-service.org,25,1,0,1,0,0,0
http://online-amazon.net,24,1,0,0,1,0,1
http://www-portal.com,21,1,0,0,0,0,0
http://verify-login.net,23,1,0,0,1,0,1
http://www-bracbank.io,22,1,0,0,1,0,1
http://online-bank.io,21,1,0,0,1,0,1
http://verify-shop.io,21,1,0,1,0,0,0
http://login-shop.net,21,1,0,1,0,0,0
http://secure-amazon.org,24,1,0,0,1,0,1
http://update-shop.net,22,1,0,1,0,0,0
http://login-shop.io,20,1,0,0,0,0,0
http://update-shop.io,21,1,0,0,0,0,0
http://verify-bracbank.org,26,1,0,0,1,0,1
http://secure-bracbank.gov,26,1,0,0,1,0,1
http://online-shop.net,22,1,0,0,0,0,0
http://online-shop.org,22,1,0,1,0,0,0
http://secure-site.io,21,1,0,0,0,0,0
http://www-paypal.co,20,1,0,0,1,0,1
http://www-banglalink.gov,25,1,0,0,1,0,1
http://online-service.com,25,1,0,1,0,0,0
http://login-service.gov,24,1,0,1,0,0,0
http://secure-service.gov,25,1,0,1,0,0,0
http://verify-paypal.net,24,1,0,0,1,0,1
http://www-portal.gov,21,1,0,1,0,0,0
http://www-site.co,18,1,0,0,0,0,0
http://verify-banglalink.net,28,1,0,0,1,0,1
http://update-bank.org,22,1,0,1,0,0,0
http://www-service.co,21,1,0,0,1,0,1
http://www-banglalink.org,25,1,0,0,1,0,1
http://update-login.com,23,1,0,0,1,0,1
http://verify-bank.gov,22,1,0,1,0,0,0
http://online-login.io,22,1,0,0,1,0,1
http://update-portal.com,24,1,0,0,0,0,0
http://online-service.co,24,1,0,0,1,0,1
http://secure-bracbank.net,26,1,0,0,1,0,1
http://update-secure.co,23,1,0,0,1,0,1
http://verify-site.io,21,1,0,1,0,0,0
http://verify-login.gov,23,1,0,0,1,0,1
http://update-service.co,24,1,0,1,0,0,0
http://secure-secure.org,24,1,0,0,1,0,1
http://secure-update.gov,24,1,0,0,1,0,1
http://verify-login.gov,23,1,0,0,1,0,1
http://online-site.org,22,1,0,1,0,0,0
http://update-paypal.com,24,1,0,0,1,0,1
http://update-service.gov,25,1,0,0,1,0,1
http://online-ebl.com,21,1,0,0,1,0,1
http://login-service.net,24,1,0,1,0,0,0
http://update-amazon.com,24,1,0,0,1,0,1
http://www-secure.com,21,1,0,0,1,0,1
http://secure-portal.org,24,1,0,0,0,0,0
http://www-amazon.co,20,1,0,0,1,0,1
http://update-shop.gov,22,1,0,1,0,0,0
http://online-bank.gov,22,1,0,0,0,0,0
http://update-update.co,23,1,0,0,1,0,1
http://www-service.org,22,1,0,0,0,0,0
http://verify-bank.org,22,1,0,0,1,0,1
http://update-secure.net,24,1,0,0,1,0,1
http://www-banglalink.org,25,1,0,0,1,0,1
http://login-service.net,24,1,0,0,0,0,0
http://secure-bank.co,21,1,0,0,0,0,0
http://verify-paypal.io,23,1,0,0,1,0,1
http://secure-site.net,22,1,0,0,0,0,0
http://www-shop.co,18,1,0,1,0,0,0
http://verify-ebl.net,21,1,0,0,1,0,1
http://secure-bank.io,21,1,0,0,1,0,1
http://www-update.net,21,1,0,0,1,0,1
http://update-ebl.net,21,1,0,0,1,0,1
http://login-shop.gov,21,1,0,0,0,0,0
http://update-secure.co,23,1,0,0,1,0,1
http://secure-banglalink.gov,28,1,0,0,1,0,1
http://secure-ebl.net,21,1,0,0,1,0,1
http://verify-shop.io,21,1,0,0,0,0,0
http://login-service.co,23,1,0,0,1,0,1
http://login-site.co,20,1,0,0,0,0,0
http://online-bank.com,22,1,0,0,1,0,1
http://update-site.gov,22,1,0,0,0,0,0
http://www-bank.co,18,1,0,0,0,0,0
http://update-login.co,22,1,0,0,1,0,1
http://online-banglalink.co,27,1,0,0,1,0,1
http://update-update.io,23,1,0,0,1,0,1
http://www-service.gov,22,1,0,0,0,0,0
http://www-portal.net,21,1,0,1,0,0,0
http://verify-bracbank.org,26,1,0,0,1,0,1
http://secure-portal.com,24,1,0,0,0,0,0
http://www-site.net,19,1,0,1,0,0,0
http://www-paypal.net,21,1,0,0,1,0,1
http://login-portal.org,23,1,0,0,0,0,0
http://secure-bank.co,21,1,0,1,0,0,0
http://www-shop.co,18,1,0,0,0,0,0
http://verify-login.io,22,1,0,0,1,0,1
http://www-ebl.gov,18,1,0,0,1,0,1
http://login-banglalink.org,27,1,0,0,1,0,1
http://verify-site.co,21,1,0,0,0,0,0
http://secure-ebl.net,21,1,0,0,1,0,1
http://update-shop.co,21,1,0,1,0,0,0
http://verify-bank.com,22,1,0,0,0,0,0
http://www-paypal.co,20,1,0,0,1,0,1
http://update-secure.gov,24,1,0,0,1,0,1
http://login-bank.org,21,1,0,0,0,0,0
http://www-bank.co,18,1,0,1,0,0,0
http://login-portal.co,22,1,0,1,0,0,0
http://login-site.gov,21,1,0,1,0,0,0
http://online-update.com,24,1,0,0,1,0,1
http://update-site.net,22,1,0,1,0,0,0
http://secure-site.com,22,1,0,0,0,0,0
http://login-update.org,23,1,0,0,1,0,1
http://online-bank.net,22,1,0,1,0,0,0
http://login-bank.gov,21,1,0,1,0,0,0
http://login-service.org,24,1,0,1,0,0,0
http://login-shop.io,20,1,0,0,0,0,0
http://verify-service.io,24,1,0,0,1,0,1
http://secure-site.org,22,1,0,1,0,0,0
http://login-portal.io,22,1,0,1,0,0,0
http://verify-site.co,21,1,0,1,0,0,0
http://verify-login.com,23,1,0,0,1,0,1
http://www-service.com,22,1,0,0,0,0,0
http://verify-shop.net,22,1,0,0,0,0,0
http://online-amazon.io,23,1,0,0,1,0,1
http://update-portal.gov,24,1,0,1,0,0,0
http://secure-banglalink.co,27,1,0,0,1,0,1
http://online-paypal.io,23,1,0,0,1,0,1
http://online-service.gov,25,1,0,0,0,0,0
http://www-bank.com,19,1,0,0,1,0,1
http://update-paypal.org,24,1,0,0,1,0,1
http://online-service.net,25,1,0,0,1,0,1
http://verify-service.io,24,1,0,0,0,0,0
http://online-portal.co,23,1,0,1,0,0,0
http://verify-bracbank.com,26,1,0,0,1,0,1
http://login-bracbank.org,25,1,0,0,1,0,1
http://update-site.com,22,1,0,0,0,0,0
http://update-site.net,22,1,0,0,0,0,0
http://verify-service.co,24,1,0,0,1,0,1
http://www-service.io,21,1,0,1,0,0,0
http://online-amazon.co,23,1,0,0,1,0,1
http://online-site.com,22,1,0,1,0,0,0
http://online-secure.gov,24,1,0,0,1,0,1
http://www-ebl.net,18,1,0,0,1,0,1
http://secure-update.org,24,1,0,0,1,0,1
http://www-ebl.io,17,1,0,0,1,0,1
http://secure-bracbank.com,26,1,0,0,1,0,1
http://update-site.net,22,1,0,0,0,0,0
http://www-bank.org,19,1,0,1,0,0,0
http://verify-shop.org,22,1,0,0,0,0,0
http://online-paypal.com,24,1,0,0,1,0,1
http://www-ebl.gov,18,1,0,0,1,0,1
http://login-service.gov,24,1,0,0,1,0,1
http://verify-bank.net,22,1,0,1,0,0,0
http://verify-portal.io,23,1,0,1,0,0,0
http://verify-site.com,22,1,0,1,0,0,0
http://login-service.org,24,1,0,1,0,0,0
http://www-site.io,18,1,0,0,0,0,0
http://secure-bank.gov,22,1,0,1,0,0,0
http://www-service.gov,22,1,0,0,1,0,1
http://update-bank.org,22,1,0,0,1,0,1
http://online-site.gov,22,1,0,0,0,0,0
http://online-bank.org,22,1,0,1,0,0,0
http://online-bank.gov,22,1,0,0,1,0,1
http://secure-paypal.org,24,1,0,0,1,0,1
http://update-portal.co,23,1,0,1,0,0,0
http://login-portal.io,22,1,0,1,0,0,0
http://www-ebl.org,18,1,0,0,1,0,1
http://update-shop.co,21,1,0,1,0,0,0
http://www-service.com,22,1,0,0,1,0,1
http://secure-banglalink.com,28,1,0,0,1,0,1
http://login-amazon.gov,23,1,0,0,1,0,1
http://secure-service.com,25,1,0,0,0,0,0
http://update-shop.io,21,1,0,0,0,0,0
http://online-paypal.gov,24,1,0,0,1,0,1
http://www-update.org,21,1,0,0,1,0,1
http://update-amazon.net,24,1,0,0,1,0,1
http://www-banglalink.gov,25,1,0,0,1,0,1
http://www-login.com,20,1,0,0,1,0,1
http://secure-ebl.gov,21,1,0,0,1,0,1
http://update-bracbank.io,25,1,0,0,1,0,1
http://online-update.gov,24,1,0,0,1,0,1
http://secure-shop.net,22,1,0,0,0,0,0
http://online-site.gov,22,1,0,0,0,0,0
http://online-shop.gov,22,1,0,1,0,0,0
http://verify-portal.gov,24,1,0,0,0,0,0
http://verify-ebl.io,20,1,0,0,1,0,1
http://login-shop.gov,21,1,0,0,0,0,0
http://update-bank.net,22,1,0,0,1,0,1
http://www-bank.com,19,1,0,0,1,0,1
http://secure-banglalink.net,28,1,0,0,1,0,1
http://secure-shop.net,22,1,0,0,0,0,0
http://verify-banglalink.gov,28,1,0,0,1,0,1
http://online-bank.co,21,1,0,0,1,0,1
http://login-site.io,20,1,0,0,0,0,0
http://online-service.com,25,1,0,0,0,0,0
http://secure-amazon.io,23,1,0,0,1,0,1
http://update-update.io,23,1,0,0,1,0,1
http://online-site.co,21,1,0,0,0,0,0
http://www-service.org,22,1,0,0,1,0,1
http://secure-bank.org,22,1,0,0,0,0,0
http://login-secure.org,23,1,0,0,1,0,1
http://update-login.gov,23,1,0,0,1,0,1
http://www-secure.com,21,1,0,0,1,0,1
http://update-login.org,23,1,0,0,1,0,1
http://update-service.io,24,1,0,1,0,0,0
http://login-login.io,21,1,0,0,1,0,1
http://secure-banglalink.org,28,1,0,0,1,0,1
http://secure-update.co,23,1,0,0,1,0,1
http://verify-banglalink.gov,28,1,0,0,1,0,1
http://secure-bank.io,21,1,0,0,0,0,0
http://login-amazon.com,23,1,0,0,1,0,1
http://verify-ebl.co,20,1,0,0,1,0,1
http://update-service.net,25,1,0,0,0,0,0
http://login-ebl.io,19,1,0,0,1,0,1
http://update-update.net,24,1,0,0,1,0,1
http://secure-site.com,22,1,0,1,0,0,0
http://online-bank.com,22,1,0,0,1,0,1
http://update-portal.org,24,1,0,1,0,0,0
http://www-site.net,19,1,0,1,0,0,0
http://www-service.io,21,1,0,0,1,0,1
http://www-bank.net,19,1,0,0,0,0,0
http://www-portal.io,20,1,0,1,0,0,0
http://login-bank.com,21,1,0,1,0,0,0
http://verify-banglalink.org,28,1,0,0,1,0,1
http://update-banglalink.net,28,1,0,0,1,0,1
http://verify-banglalink.org,28,1,0,0,1,0,1
http://verify-bank.gov,22,1,0,0,0,0,0
http://update-secure.org,24,1,0,0,1,0,1
http://login-service.org,24,1,0,0,1,0,1
http://login-service.gov,24,1,0,1,0,0,0
http://online-secure.gov,24,1,0,0,1,0,1
http://update-amazon.io,23,1,0,0,1,0,1
http://login-bank.net,21,1,0,1,0,0,0
http://verify-ebl.com,21,1,0,0,1,0,1
http://login-update.io,22,1,0,0,1,0,1
http://update-bracbank.net,26,1,0,0,1,0,1
http://www-bank.com,19,1,0,1,0,0,0
http://verify-site.gov,22,1,0,0,0,0,0
http://online-login.org,23,1,0,0,1,0,1
http://login-service.io,23,1,0,0,0,0,0
http://login-service.org,24,1,0,0,0,0,0
http://login-portal.gov,23,1,0,1,0,0,0
http://login-secure.co,22,1,0,0,1,0,1
http://secure-shop.co,21,1,0,1,0,0,0
http://www-secure.org,21,1,0,0,1,0,1
http://verify-service.com,25,1,0,0,0,0,0
http://secure-amazon.io,23,1,0,0,1,0,1
http://verify-bracbank.net,26,1,0,0,1,0,1
http://www-site.co,18,1,0,1,0,0,0
http://secure-paypal.net,24,1,0,0,1,0,1
http://login-bank.co,20,1,0,0,1,0,1
http://verify-site.io,21,1,0,1,0,0,0
http://update-bank.net,22,1,0,0,0,0,0
http://online-shop.io,21,1,0,0,0,0,0
http://update-site.org,22,1,0,0,0,0,0
http://online-service.io,24,1,0,0,1,0,1
http://verify-service.io,24,1,0,0,1,0,1
http://verify-shop.net,22,1,0,1,0,0,0
http://www-banglalink.net,25,1,0,0,1,0,1
http://online-login.org,23,1,0,0,1,0,1
http://www-portal.com,21,1,0,0,0,0,0
http://verify-service.gov,25,1,0,0,0,0,0
http://online-shop.co,21,1,0,1,0,0,0
http://login-bracbank.com,25,1,0,0,1,0,1
http://online-ebl.co,20,1,0,0,1,0,1
http://login-service.io,23,1,0,1,0,0,0
http://online-shop.io,21,1,0,0,0,0,0
http://online-banglalink.com,28,1,0,0,1,0,1
http://verify-bank.com,22,1,0,0,0,0,0
http://online-service.org,25,1,0,0,1,0,1
http://update-service.net,25,1,0,0,0,0,0
http://update-shop.co,21,1,0,0,0,0,0
http://verify-bank.gov,22,1,0,1,0,0,0
http://verify-service.gov,25,1,0,0,0,0,0
http://verify-bracbank.net,26,1,0,0,1,0,1
http://www-site.com,19,1,0,1,0,0,0
http://www-shop.net,19,1,0,1,0,0,0
http://www-login.net,20,1,0,0,1,0,1
http://update-amazon.gov,24,1,0,0,1,0,1
http://login-paypal.gov,23,1,0,0,1,0,1
http://www-portal.io,20,1,0,0,0,0,0
http://www-update.io,20,1,0,0,1,0,1
http://secure-ebl.gov,21,1,0,0,1,0,1
http://www-portal.co,20,1,0,1,0,0,0
http://login-bank.com,21,1,0,0,1,0,1
http://verify-secure.co,23,1,0,0,1,0,1
http://online-update.co,23,1,0,0,1,0,1
http://update-banglalink.io,27,1,0,0,1,0,1
http://update-login.net,23,1,0,0,1,0,1
http://update-amazon.com,24,1,0,0,1,0,1
http://update-bank.net,22,1,0,0,0,0,0
http://online-portal.co,23,1,0,1,0,0,0
http://secure-amazon.gov,24,1,0,0,1,0,1
http://update-site.io,21,1,0,1,0,0,0
http://secure-portal.org,24,1,0,1,0,0,0
http://secure-ebl.net,21,1,0,0,1,0,1
http://verify-bank.org,22,1,0,1,0,0,0
http://online-bank.io,21,1,0,0,0,0,0
http://online-secure.com,24,1,0,0,1,0,1
http://login-portal.gov,23,1,0,0,0,0,0
http://update-banglalink.com,28,1,0,0,1,0,1
http://login-banglalink.com,27,1,0,0,1,0,1
http://update-shop.com,22,1,0,0,0,0,0
http://login-login.com,22,1,0,0,1,0,1
http://secure-site.io,21,1,0,0,0,0,0
http://www-amazon.co,20,1,0,0,1,0,1
http://update-site.com,22,1,0,1,0,0,0
http://update-login.co,22,1,0,0,1,0,1
http://secure-login.io,22,1,0,0,1,0,1
http://online-shop.gov,22,1,0,1,0,0,0
http://www-shop.com,19,1,0,1,0,0,0
http://verify-ebl.gov,21,1,0,0,1,0,1
http://verify-secure.gov,24,1,0,0,1,0,1
http://www-banglalink.com,25,1,0,0,1,0,1
http://www-service.com,22,1,0,0,0,0,0
http://online-secure.gov,24,1,0,0,1,0,1
http://login-login.io,21,1,0,0,1,0,1
http://verify-bank.net,22,1,0,1,0,0,0
http://www-paypal.gov,21,1,0,0,1,0,1
http://update-site.co,21,1,0,1,0,0,0
http://update-update.co,23,1,0,0,1,0,1
http://login-portal.org,23,1,0,0,0,0,0
http://update-bank.com,22,1,0,1,0,0,0
http://verify-bank.gov,22,1,0,0,1,0,1
http://login-ebl.net,20,1,0,0,1,0,1
http://verify-portal.co,23,1,0,0,0,0,0
http://online-bank.co,21,1,0,0,1,0,1
http://login-banglalink.gov,27,1,0,0,1,0,1
http://verify-bracbank.gov,26,1,0,0,1,0,1
http://online-update.co,23,1,0,0,1,0,1
http://verify-service.org,25,1,0,1,0,0,0
http://secure-paypal.com,24,1,0,0,1,0,1
http://secure-shop.gov,22,1,0,0,0,0,0
http://update-login.com,23,1,0,0,1,0,1
http://online-bracbank.org,26,1,0,0,1,0,1
http://secure-banglalink.com,28,1,0,0,1,0,1
http://www-site.io,18,1,0,0,0,0,0
http://www-bank.gov,19,1,0,0,1,0,1
http://login-portal.io,22,1,0,1,0,0,0
http://online-secure.gov,24,1,0,0,1,0,1
http://login-paypal.io,22,1,0,0,1,0,1
http://www-site.com,19,1,0,0,0,0,0
http://update-ebl.gov,21,1,0,0,1,0,1
http://update-site.gov,22,1,0,1,0,0,0
http://verify-ebl.co,20,1,0,0,1,0,1
http://verify-bank.gov,22,1,0,1,0,0,0
http://secure-site.com,22,1,0,0,0,0,0
http://verify-login.co,22,1,0,0,1,0,1
http://secure-site.gov,22,1,0,0,0,0,0
http://update-secure.org,24,1,0,0,1,0,1
http://secure-shop.co,21,1,0,0,0,0,0
http://secure-bank.gov,22,1,0,1,0,0,0
http://verify-bank.gov,22,1,0,0,0,0,0
http://secure-shop.net,22,1,0,0,0,0,0
http://login-bank.com,21,1,0,0,1,0,1
http://update-service.com,25,1,0,0,0,0,0
http://update-bank.net,22,1,0,1,0,0,0
http://online-shop.net,22,1,0,1,0,0,0
http://verify-amazon.co,23,1,0,0,1,0,1
http://online-bank.org,22,1,0,0,0,0,0
http://www-login.io,19,1,0,0,1,0,1
http://verify-login.net,23,1,0,0,1,0,1
http://update-banglalink.gov,28,1,0,0,1,0,1
http://online-shop.gov,22,1,0,0,0,0,0
http://login-service.io,23,1,0,0,0,0,0
http://secure-amazon.co,23,1,0,0,1,0,1
http://login-amazon.net,23,1,0,0,1,0,1
http://verify-update.io,23,1,0,0,1,0,1
http://www-paypal.com,21,1,0,0,1,0,1
http://login-site.com,21,1,0,0,0,0,0
http://verify-shop.com,22,1,0,1,0,0,0
http://online-bracbank.com,26,1,0,0,1,0,1
http://online-service.io,24,1,0,1,0,0,0
http://secure-portal.com,24,1,0,0,0,0,0
http://update-shop.org,22,1,0,0,0,0,0
http://secure-secure.org,24,1,0,0,1,0,1
http://secure-site.org,22,1,0,0,0,0,0
http://www-bracbank.net,23,1,0,0,1,0,1
http://login-portal.com,23,1,0,0,0,0,0
http://www-shop.io,18,1,0,0,0,0,0
http://secure-amazon.com,24,1,0,0,1,0,1
http://secure-shop.co,21,1,0,0,0,0,0
http://www-portal.io,20,1,0,0,0,0,0
http://online-bank.org,22,1,0,1,0,0,0
http://secure-service.net,25,1,0,1,0,0,0
http://verify-bank.gov,22,1,0,0,0,0,0
http://online-paypal.gov,24,1,0,0,1,0,1
http://www-amazon.gov,21,1,0,0,1,0,1
http://www-bank.co,18,1,0,0,0,0,0
http://www-ebl.io,17,1,0,0,1,0,1
http://online-site.io,21,1,0,1,0,0,0
http://verify-portal.net,24,1,0,0,0,0,0
http://secure-secure.org,24,1,0,0,1,0,1
http://online-update.net,24,1,0,0,1,0,1
http://secure-portal.com,24,1,0,0,0,0,0
http://secure-update.org,24,1,0,0,1,0,1
http://login-bank.com,21,1,0,1,0,0,0
http://online-shop.org,22,1,0,0,0,0,0
http://online-bank.net,22,1,0,0,0,0,0
http://verify-shop.co,21,1,0,1,0,0,0
http://www-amazon.io,20,1,0,0,1,0,1
http://update-site.net,22,1,0,0,0,0,0
http://secure-bank.org,22,1,0,1,0,0,0
http://online-shop.gov,22,1,0,0,0,0,0
http://www-portal.co,20,1,0,1,0,0,0
http://secure-service.gov,25,1,0,0,0,0,0
http://secure-bracbank.gov,26,1,0,0,1,0,1
http://login-bank.com,21,1,0,0,0,0,0
http://online-bracbank.io,25,1,0,0,1,0,1
http://login-update.co,22,1,0,0,1,0,1
http://www-portal.org,21,1,0,1,0,0,0
http://secure-service.net,25,1,0,0,1,0,1
http://update-secure.gov,24,1,0,0,1,0,1
http://login-portal.org,23,1,0,1,0,0,0
http://verify-secure.org,24,1,0,0,1,0,1
http://verify-site.net,22,1,0,0,0,0,0
http://secure-shop.co,21,1,0,0,0,0,0
http://verify-paypal.co,23,1,0,0,1,0,1
http://online-update.gov,24,1,0,0,1,0,1
http://login-service.com,24,1,0,0,1,0,1
http://update-bank.org,22,1,0,0,0,0,0
http://verify-portal.org,24,1,0,0,0,0,0
http://update-secure.com,24,1,0,0,1,0,1
http://update-update.org,24,1,0,0,1,0,1
http://verify-site.org,22,1,0,0,0,0,0
http://secure-site.co,21,1,0,1,0,0,0
http://online-site.gov,22,1,0,1,0,0,0
http://update-service.io,24,1,0,1,0,0,0
http://www-service.co,21,1,0,0,0,0,0
http://verify-bracbank.io,25,1,0,0,1,0,1
http://online-service.co,24,1,0,1,0,0,0
http://online-secure.gov,24,1,0,0,1,0,1
http://update-update.io,23,1,0,0,1,0,1
http://secure-portal.net,24,1,0,1,0,0,0
http://www-service.co,21,1,0,0,0,0,0
http://online-bank.com,22,1,0,0,0,0,0
http://online-site.gov,22,1,0,1,0,0,0
http://update-portal.co,23,1,0,0,0,0,0
http://online-shop.co,21,1,0,0,0,0,0
http://secure-site.io,21,1,0,1,0,0,0
http://login-site.net,21,1,0,1,0,0,0
http://verify-amazon.co,23,1,0,0,1,0,1
http://www-service.gov,22,1,0,0,0,0,0
http://verify-ebl.gov,21,1,0,0,1,0,1
http://online-portal.org,24,1,0,1,0,0,0
http://online-site.io,21,1,0,1,0,0,0
http://verify-update.io,23,1,0,0,1,0,1
http://online-banglalink.org,28,1,0,0,1,0,1
http://secure-bank.co,21,1,0,1,0,0,0
http://login-portal.org,23,1,0,1,0,0,0
http://update-amazon.org,24,1,0,0,1,0,1
http://login-service.io,23,1,0,0,0,0,0
http://verify-site.io,21,1,0,0,0,0,0
http://online-secure.net,24,1,0,0,1,0,1
http://verify-service.co,24,1,0,0,0,0,0
http://update-login.net,23,1,0,0,1,0,1
http://www-shop.co,18,1,0,1,0,0,0
http://secure-service.net,25,1,0,0,0,0,0
http://www-secure.com,21,1,0,0,1,0,1
http://secure-shop.co,21,1,0,0,0,0,0
http://www-bank.com,19,1,0,0,0,0,0
http://secure-banglalink.co,27,1,0,0,1,0,1
http://verify-site.net,22,1,0,0,0,0,0
http://www-service.gov,22,1,0,1,0,0,0
http://secure-bank.gov,22,1,0,1,0,0,0
http://update-service.net,25,1,0,0,0,0,0
http://verify-service.com,25,1,0,1,0,0,0
http://www-ebl.co,17,1,0,0,1,0,1
http://online-shop.io,21,1,0,0,0,0,0
http://secure-paypal.gov,24,1,0,0,1,0,1
http://login-amazon.io,22,1,0,0,1,0,1
http://update-ebl.com,21,1,0,0,1,0,1
http://secure-ebl.co,20,1,0,0,1,0,1
http://update-shop.io,21,1,0,0,0,0,0
http://verify-portal.net,24,1,0,1,0,0,0
http://secure-shop.org,22,1,0,1,0,0,0
http://online-bank.com,22,1,0,0,0,0,0
http://update-login.co,22,1,0,0,1,0,1
http://verify-update.gov,24,1,0,0,1,0,1
http://login-banglalink.org,27,1,0,0,1,0,1
http://verify-bank.gov,22,1,0,0,1,0,1
http://www-portal.io,20,1,0,0,0,0,0
http://secure-paypal.org,24,1,0,0,1,0,1
http://login-service.net,24,1,0,0,1,0,1
http://update-update.net,24,1,0,0,1,0,1
http://www-bank.gov,19,1,0,0,1,0,1
http://update-shop.net,22,1,0,1,0,0,0
http://verify-amazon.net,24,1,0,0,1,0,1
http://login-bracbank.gov,25,1,0,0,1,0,1
http://www-ebl.net,18,1,0,0,1,0,1
http://online-paypal.net,24,1,0,0,1,0,1
http://online-portal.io,23,1,0,1,0,0,0
http://login-portal.gov,23,1,0,1,0,0,0
http://verify-service.org,25,1,0,0,0,0,0
http://www-site.org,19,1,0,0,0,0,0
http://online-service.co,24,1,0,0,1,0,1
http://verify-service.com,25,1,0,0,0,0,0
http://secure-portal.net,24,1,0,0,0,0,0
http://secure-update.org,24,1,0,0,1,0,1
http://online-login.org,23,1,0,0,1,0,1
http://update-login.com,23,1,0,0,1,0,1
http://www-service.org,22,1,0,0,1,0,1
http://www-banglalink.net,25,1,0,0,1,0,1
http://update-service.co,24,1,0,0,1,0,1
http://update-login.com,23,1,0,0,1,0,1
http://secure-service.com,25,1,0,0,0,0,0
http://verify-service.io,24,1,0,0,0,0,0
http://online-site.gov,22,1,0,1,0,0,0
http://secure-bank.com,22,1,0,1,0,0,0
http://www-shop.co,18,1,0,0,0,0,0
http://login-service.net,24,1,0,0,0,0,0
http://login-bank.net,21,1,0,0,0,0,0
http://login-shop.com,21,1,0,1,0,0,0
http://verify-bank.com,22,1,0,0,1,0,1
http://secure-site.co,21,1,0,0,0,0,0
http://secure-portal.co,23,1,0,1,0,0,0
http://login-update.co,22,1,0,0,1,0,1
http://login-service.com,24,1,0,1,0,0,0
http://verify-update.co,23,1,0,0,1,0,1
http://www-service.org,22,1,0,0,1,0,1
http://secure-portal.gov,24,1,0,0,0,0,0
http://secure-amazon.gov,24,1,0,0,1,0,1
http://login-bank.org,21,1,0,0,0,0,0
http://secure-paypal.org,24,1,0,0,1,0,1
http://online-paypal.io,23,1,0,0,1,0,1
http://verify-bank.io,21,1,0,1,0,0,0
http://online-update.io,23,1,0,0,1,0,1
http://www-service.io,21,1,0,0,1,0,1
http://www-portal.gov,21,1,0,0,0,0,0
http://online-login.co,22,1,0,0,1,0,1
http://www-update.com,21,1,0,0,1,0,1
http://online-site.io,21,1,0,0,0,0,0
http://update-site.io,21,1,0,0,0,0,0
http://update-shop.net,22,1,0,0,0,0,0
http://online-service.io,24,1,0,0,1,0,1
http://verify-service.org,25,1,0,1,0,0,0
http://verify-shop.io,21,1,0,1,0,0,0
http://update-paypal.co,23,1,0,0,1,0,1
http://online-bank.co,21,1,0,1,0,0,0
http://secure-paypal.com,24,1,0,0,1,0,1
http://online-bracbank.com,26,1,0,0,1,0,1
http://secure-secure.gov,24,1,0,0,1,0,1
http://www-banglalink.com,25,1,0,0,1,0,1
http://update-bank.co,21,1,0,0,1,0,1
http://login-bank.io,20,1,0,0,1,0,1
http://online-bracbank.org,26,1,0,0,1,0,1
http://online-site.io,21,1,0,1,0,0,0
http://login-banglalink.io,26,1,0,0,1,0,1
http://verify-service.co,24,1,0,0,1,0,1
http://secure-site.gov,22,1,0,0,0,0,0
http://login-amazon.gov,23,1,0,0,1,0,1
http://online-paypal.io,23,1,0,0,1,0,1
http://update-shop.org,22,1,0,1,0,0,0
http://online-secure.co,23,1,0,0,1,0,1
http://www-bank.net,19,1,0,0,1,0,1
http://online-amazon.co,23,1,0,0,1,0,1
http://secure-portal.net,24,1,0,0,0,0,0
http://login-update.co,22,1,0,0,1,0,1
http://online-service.co,24,1,0,0,0,0,0
http://www-service.org,22,1,0,0,0,0,0
http://www-shop.net,19,1,0,0,0,0,0
http://www-portal.io,20,1,0,1,0,0,0
http://login-banglalink.co,26,1,0,0,1,0,1
http://secure-shop.co,21,1,0,0,0,0,0
http://verify-service.gov,25,1,0,0,0,0,0
http://login-site.io,20,1,0,0,0,0,0
http://www-site.io,18,1,0,0,0,0,0
http://online-paypal.io,23,1,0,0,1,0,1
http://online-bracbank.co,25,1,0,0,1,0,1
http://online-portal.io,23,1,0,1,0,0,0
http://update-login.io,22,1,0,0,1,0,1
http://www-site.gov,19,1,0,1,0,0,0
http://online-bank.net,22,1,0,0,1,0,1
http://secure-shop.net,22,1,0,1,0,0,0
http://update-amazon.io,23,1,0,0,1,0,1
http://secure-site.co,21,1,0,1,0,0,0
http://verify-bracbank.org,26,1,0,0,1,0,1
http://update-service.org,25,1,0,0,0,0,0
http://verify-site.gov,22,1,0,0,0,0,0
http://online-ebl.org,21,1,0,0,1,0,1
http://secure-bank.co,21,1,0,0,0,0,0
http://update-update.net,24,1,0,0,1,0,1
http://secure-service.co,24,1,0,0,0,0,0
http://login-ebl.com,20,1,0,0,1,0,1
http://secure-service.com,25,1,0,0,1,0,1
http://verify-bank.io,21,1,0,0,0,0,0
http://login-banglalink.net,27,1,0,0,1,0,1
http://verify-site.com,22,1,0,1,0,0,0
http://update-bank.io,21,1,0,1,0,0,0
http://verify-secure.io,23,1,0,0,1,0,1
http://online-portal.net,24,1,0,0,0,0,0
http://login-portal.net,23,1,0,0,0,0,0
http://login-paypal.org,23,1,0,0,1,0,1
http://www-bracbank.co,22,1,0,0,1,0,1
http://update-site.com,22,1,0,1,0,0,0
http://login-secure.com,23,1,0,0,1,0,1
http://update-secure.io,23,1,0,0,1,0,1
http://secure-portal.io,23,1,0,0,0,0,0
http://verify-shop.co,21,1,0,0,0,0,0
http://www-paypal.com,21,1,0,0,1,0,1
http://login-paypal.gov,23,1,0,0,1,0,1
http://www-service.com,22,1,0,1,0,0,0
http://secure-service.com,25,1,0,1,0,0,0
http://secure-paypal.io,23,1,0,0,1,0,1
http://verify-service.net,25,1,0,0,1,0,1
http://online-ebl.io,20,1,0,0,1,0,1
http://secure-banglalink.com,28,1,0,0,1,0,1
http://www-banglalink.com,25,1,0,0,1,0,1
http://verify-update.io,23,1,0,0,1,0,1
http://online-portal.net,24,1,0,0,0,0,0
http://online-site.gov,22,1,0,0,0,0,0
http://verify-site.io,21,1,0,1,0,0,0
http://online-portal.io,23,1,0,0,0,0,0
http://online-service.co,24,1,0,0,1,0,1
http://www-secure.gov,21,1,0,0,1,0,1
http://verify-portal.org,24,1,0,1,0,0,0
http://login-bank.co,20,1,0,1,0,0,0
http://www-paypal.co,20,1,0,0,1,0,1
http://login-bank.com,21,1,0,0,0,0,0
http://www-secure.com,21,1,0,0,1,0,1
http://login-bracbank.org,25,1,0,0,1,0,1
http://secure-secure.org,24,1,0,0,1,0,1
http://secure-bank.net,22,1,0,1,0,0,0
http://update-portal.io,23,1,0,0,0,0,0
http://www-bank.io,18,1,0,0,1,0,1
http://secure-banglalink.co,27,1,0,0,1,0,1
http://login-portal.net,23,1,0,0,0,0,0
http://www-portal.gov,21,1,0,0,0,0,0
http://login-banglalink.io,26,1,0,0,1,0,1
http://online-bank.co,21,1,0,0,1,0,1
http://login-login.com,22,1,0,0,1,0,1
http://www-bank.gov,19,1,0,0,1,0,1
http://update-bank.co,21,1,0,1,0,0,0
http://secure-ebl.org,21,1,0,0,1,0,1
http://online-portal.gov,24,1,0,0,0,0,0
http://login-shop.com,21,1,0,0,0,0,0
http://secure-site.co,21,1,0,0,0,0,0
http://secure-site.co,21,1,0,1,0,0,0
http://secure-shop.io,21,1,0,1,0,0,0
http://secure-amazon.io,23,1,0,0,1,0,1
http://update-amazon.net,24,1,0,0,1,0,1
http://online-service.gov,25,1,0,1,0,0,0
http://secure-shop.co,21,1,0,1,0,0,0
http://login-ebl.com,20,1,0,0,1,0,1
http://verify-update.co,23,1,0,0,1,0,1
http://update-update.org,24,1,0,0,1,0,1
http://www-portal.org,21,1,0,0,0,0,0
http://update-secure.co,23,1,0,0,1,0,1
http://secure-bracbank.net,26,1,0,0,1,0,1
http://verify-service.org,25,1,0,0,1,0,1
http://update-bank.io,21,1,0,1,0,0,0
http://update-secure.org,24,1,0,0,1,0,1
http://online-paypal.io,23,1,0,0,1,0,1
http://online-bank.com,22,1,0,0,1,0,1
http://update-portal.net,24,1,0,1,0,0,0
http://secure-portal.io,23,1,0,1,0,0,0
http://secure-service.com,25,1,0,0,1,0,1
http://secure-portal.org,24,1,0,0,0,0,0
http://online-bank.net,22,1,0,0,0,0,0
http://update-shop.org,22,1,0,1,0,0,0
http://login-paypal.net,23,1,0,0,1,0,1
http://update-banglalink.net,28,1,0,0,1,0,1
http://verify-site.net,22,1,0,0,0,0,0
http://verify-update.com,24,1,0,0,1,0,1
http://login-service.co,23,1,0,0,0,0,0
http://verify-secure.org,24,1,0,0,1,0,1
http://login-bank.org,21,1,0,0,0,0,0
http://secure-bank.org,22,1,0,1,0,0,0
http://verify-ebl.org,21,1,0,0,1,0,1
http://login-service.com,24,1,0,0,0,0,0
http://www-site.net,19,1,0,1,0,0,0
http://update-bracbank.org,26,1,0,0,1,0,1
http://secure-bank.com,22,1,0,0,1,0,1
http://verify-site.org,22,1,0,1,0,0,0
http://secure-site.com,22,1,0,0,0,0,0
http://online-service.com,25,1,0,1,0,0,0
http://verify-portal.co,23,1,0,0,0,0,0
http://www-bank.io,18,1,0,1,0,0,0
http://login-service.io,23,1,0,1,0,0,0
http://login-bank.co,20,1,0,1,0,0,0
http://update-portal.net,24,1,0,1,0,0,0
http://verify-bank.io,21,1,0,0,1,0,1
http://secure-shop.gov,22,1,0,1,0,0,0
http://secure-portal.co,23,1,0,0,0,0,0
http://www-bank.io,18,1,0,0,0,0,0
http://secure-secure.gov,24,1,0,0,1,0,1
http://online-shop.com,22,1,0,1,0,0,0
http://online-amazon.net,24,1,0,0,1,0,1
http://secure-portal.co,23,1,0,1,0,0,0
http://verify-bank.gov,22,1,0,1,0,0,0
http://login-update.co,22,1,0,0,1,0,1
http://verify-login.io,22,1,0,0,1,0,1
http://login-bank.co,20,1,0,0,1,0,1
http://online-bank.com,22,1,0,0,0,0,0
http://secure-shop.gov,22,1,0,0,0,0,0
http://online-shop.org,22,1,0,1,0,0,0
http://verify-service.io,24,1,0,1,0,0,0
http://online-bracbank.gov,26,1,0,0,1,0,1
http://verify-bank.com,22,1,0,0,0,0,0
http://secure-service.org,25,1,0,0,1,0,1
http://verify-service.gov,25,1,0,1,0,0,0
http://verify-paypal.co,23,1,0,0,1,0,1
http://online-shop.io,21,1,0,0,0,0,0
http://www-site.co,18,1,0,1,0,0,0
http://secure-site.co,21,1,0,0,0,0,0
http://login-login.co,21,1,0,0,1,0,1
http://www-login.net,20,1,0,0,1,0,1
http://login-paypal.net,23,1,0,0,1,0,1
http://online-bracbank.co,25,1,0,0,1,0,1
http://verify-login.org,23,1,0,0,1,0,1
http://www-shop.org,19,1,0,0,0,0,0
http://update-service.net,25,1,0,1,0,0,0
http://online-bank.net,22,1,0,0,1,0,1
http://online-portal.net,24,1,0,0,0,0,0
http://secure-shop.gov,22,1,0,1,0,0,0
http://verify-service.gov,25,1,0,0,0,0,0
http://online-login.org,23,1,0,0,1,0,1
http://verify-portal.gov,24,1,0,1,0,0,0
http://login-bank.com,21,1,0,1,0,0,0
http://verify-banglalink.com,28,1,0,0,1,0,1
http://online-service.net,25,1,0,1,0,0,0
http://verify-site.co,21,1,0,1,0,0,0
http://online-service.io,24,1,0,0,1,0,1
http://update-portal.co,23,1,0,1,0,0,0
http://login-service.gov,24,1,0,0,0,0,0
http://online-site.org,22,1,0,1,0,0,0
http://update-portal.org,24,1,0,1,0,0,0
http://verify-portal.io,23,1,0,1,0,0,0
http://secure-bank.io,21,1,0,0,1,0,1
http://verify-bank.co,21,1,0,0,1,0,1
http://login-site.org,21,1,0,1,0,0,0
http://login-service.com,24,1,0,0,1,0,1
http://verify-service.io,24,1,0,0,0,0,0
http://update-bank.net,22,1,0,1,0,0,0
http://secure-portal.io,23,1,0,0,0,0,0
http://secure-update.com,24,1,0,0,1,0,1
http://www-service.gov,22,1,0,1,0,0,0
http://login-bank.co,20,1,0,1,0,0,0
http://login-amazon.org,23,1,0,0,1,0,1
http://update-update.com,24,1,0,0,1,0,1
http://online-bank.gov,22,1,0,0,0,0,0
http://secure-login.com,23,1,0,0,1,0,1
http://verify-secure.com,24,1,0,0,1,0,1
http://secure-site.com,22,1,0,1,0,0,0
http://verify-update.gov,24,1,0,0,1,0,1
http://update-portal.io,23,1,0,0,0,0,0
http://secure-service.net,25,1,0,0,0,0,0
http://verify-site.gov,22,1,0,1,0,0,0
http://online-portal.gov,24,1,0,0,0,0,0
http://update-bank.net,22,1,0,0,0,0,0
http://online-portal.com,24,1,0,1,0,0,0
http://verify-bank.com,22,1,0,0,1,0,1
http://verify-service.org,25,1,0,1,0,0,0
http://www-banglalink.org,25,1,0,0,1,0,1
http://secure-site.net,22,1,0,0,0,0,0
http://online-portal.io,23,1,0,0,0,0,0
http://login-paypal.io,22,1,0,0,1,0,1
http://www-ebl.co,17,1,0,0,1,0,1
http://verify-bank.gov,22,1,0,0,1,0,1
http://update-bank.com,22,1,0,0,1,0,1
http://update-shop.gov,22,1,0,1,0,0,0
http://login-secure.net,23,1,0,0,1,0,1
http://update-update.com,24,1,0,0,1,0,1
http://www-site.io,18,1,0,0,0,0,0
http://www-site.gov,19,1,0,0,0,0,0
http://secure-portal.com,24,1,0,1,0,0,0
http://secure-site.io,21,1,0,0,0,0,0
http://verify-paypal.io,23,1,0,0,1,0,1
http://login-update.net,23,1,0,0,1,0,1
http://secure-service.gov,25,1,0,1,0,0,0
http://login-bank.org,21,1,0,1,0,0,0
http://www-bank.com,19,1,0,1,0,0,0
http://login-paypal.co,22,1,0,0,1,0,1
http://login-site.gov,21,1,0,0,0,0,0
http://verify-bracbank.net,26,1,0,0,1,0,1
http://login-service.gov,24,1,0,0,1,0,1
http://secure-service.gov,25,1,0,1,0,0,0
http://online-paypal.co,23,1,0,0,1,0,1
http://login-portal.com,23,1,0,0,0,0,0
http://login-bracbank.co,24,1,0,0,1,0,1
http://online-amazon.net,24,1,0,0,1,0,1
http://login-site.net,21,1,0,0,0,0,0
http://secure-amazon.gov,24,1,0,0,1,0,1
http://verify-portal.co,23,1,0,0,0,0,0
http://www-amazon.io,20,1,0,0,1,0,1
http://secure-portal.net,24,1,0,0,0,0,0
http://www-bracbank.com,23,1,0,0,1,0,1
http://online-site.org,22,1,0,1,0,0,0
http://update-portal.org,24,1,0,1,0,0,0
http://update-paypal.com,24,1,0,0,1,0,1
http://update-secure.gov,24,1,0,0,1,0,1
http://secure-banglalink.gov,28,1,0,0,1,0,1
http://online-site.org,22,1,0,1,0,0,0
http://update-portal.net,24,1,0,1,0,0,0
http://secure-service.co,24,1,0,0,0,0,0
http://www-bank.com,19,1,0,1,0,0,0
http://login-amazon.com,23,1,0,0,1,0,1
http://update-portal.net,24,1,0,0,0,0,0
http://secure-portal.co,23,1,0,1,0,0,0
http://update-shop.gov,22,1,0,0,0,0,0
http://www-bracbank.gov,23,1,0,0,1,0,1
http://www-shop.io,18,1,0,0,0,0,0
http://verify-secure.gov,24,1,0,0,1,0,1
http://update-shop.net,22,1,0,1,0,0,0
http://secure-site.com,22,1,0,1,0,0,0
http://login-ebl.gov,20,1,0,0,1,0,1
http://secure-portal.com,24,1,0,0,0,0,0
http://update-site.co,21,1,0,1,0,0,0
http://verify-paypal.org,24,1,0,0,1,0,1
http://www-login.io,19,1,0,0,1,0,1
http://update-service.co,24,1,0,0,1,0,1
http://verify-portal.org,24,1,0,1,0,0,0
http://www-login.org,20,1,0,0,1,0,1
http://update-service.gov,25,1,0,0,1,0,1
http://online-service.net,25,1,0,0,1,0,1
http://verify-login.co,22,1,0,0,1,0,1
http://verify-ebl.gov,21,1,0,0,1,0,1
http://verify-shop.co,21,1,0,0,0,0,0
http://verify-login.gov,23,1,0,0,1,0,1
http://update-service.net,25,1,0,1,0,0,0
http://www-bank.org,19,1,0,0,1,0,1
http://secure-portal.gov,24,1,0,1,0,0,0
http://online-portal.io,23,1,0,1,0,0,0
http://login-paypal.net,23,1,0,0,1,0,1
http://login-bank.gov,21,1,0,0,1,0,1
http://verify-portal.io,23,1,0,1,0,0,0
http://online-bank.co,21,1,0,1,0,0,0
http://online-service.gov,25,1,0,0,0,0,0
http://secure-paypal.net,24,1,0,0,1,0,1
http://verify-shop.io,21,1,0,0,0,0,0
http://verify-bracbank.com,26,1,0,0,1,0,1
http://login-login.io,21,1,0,0,1,0,1
http://online-banglalink.com,28,1,0,0,1,0,1
http://verify-portal.gov,24,1,0,1,0,0,0
http://login-paypal.gov,23,1,0,0,1,0,1
http://online-login.com,23,1,0,0,1,0,1
http://verify-amazon.org,24,1,0,0,1,0,1
http://secure-ebl.org,21,1,0,0,1,0,1
http://verify-bracbank.org,26,1,0,0,1,0,1
http://www-login.net,20,1,0,0,1,0,1
http://www-paypal.com,21,1,0,0,1,0,1
http://update-portal.io,23,1,0,1,0,0,0
http://www-ebl.net,18,1,0,0,1,0,1
http://update-banglalink.gov,28,1,0,0,1,0,1
http://secure-bank.org,22,1,0,0,0,0,0
http://secure-login.org,23,1,0,0,1,0,1
http://www-site.com,19,1,0,1,0,0,0
http://online-secure.gov,24,1,0,0,1,0,1
http://update-service.co,24,1,0,0,1,0,1
http://login-update.gov,23,1,0,0,1,0,1
http://login-bank.net,21,1,0,1,0,0,0
http://secure-bank.gov,22,1,0,1,0,0,0
http://www-shop.gov,19,1,0,0,0,0,0
http://update-site.io,21,1,0,1,0,0,0
http://online-banglalink.gov,28,1,0,0,1,0,1
http://update-bracbank.com,26,1,0,0,1,0,1
http://online-bank.gov,22,1,0,0,1,0,1
http://login-update.com,23,1,0,0,1,0,1
http://update-banglalink.co,27,1,0,0,1,0,1
http://verify-bracbank.co,25,1,0,0,1,0,1
http://verify-portal.net,24,1,0,1,0,0,0
http://verify-update.net,24,1,0,0,1,0,1
http://online-portal.co,23,1,0,1,0,0,0
http://online-bank.gov,22,1,0,1,0,0,0
http://online-bank.co,21,1,0,0,0,0,0
http://www-shop.co,18,1,0,0,0,0,0
http://update-bracbank.com,26,1,0,0,1,0,1
http://login-portal.org,23,1,0,0,0,0,0
http://verify-site.gov,22,1,0,1,0,0,0
http://www-update.net,21,1,0,0,1,0,1
http://secure-ebl.io,20,1,0,0,1,0,1
http://secure-banglalink.io,27,1,0,0,1,0,1
http://login-site.io,20,1,0,1,0,0,0
http://secure-bracbank.net,26,1,0,0,1,0,1
http://verify-login.com,23,1,0,0,1,0,1
http://online-portal.gov,24,1,0,1,0,0,0
http://online-paypal.co,23,1,0,0,1,0,1
http://secure-bank.io,21,1,0,1,0,0,0
http://secure-service.com,25,1,0,0,1,0,1
http://update-bank.co,21,1,0,0,1,0,1
http://www-update.co,20,1,0,0,1,0,1
http://secure-paypal.org,24,1,0,0,1,0,1
http://secure-service.io,24,1,0,0,1,0,1
http://verify-portal.co,23,1,0,1,0,0,0
http://login-ebl.com,20,1,0,0,1,0,1
http://update-portal.net,24,1,0,0,0,0,0
http://login-ebl.org,20,1,0,0,1,0,1
http://secure-paypal.co,23,1,0,0,1,0,1
http://www-service.org,22,1,0,0,1,0,1
http://update-secure.gov,24,1,0,0,1,0,1
http://login-site.com,21,1,0,1,0,0,0
http://online-bank.io,21,1,0,0,1,0,1
http://online-bank.gov,22,1,0,0,1,0,1
http://update-paypal.org,24,1,0,0,1,0,1
http://verify-paypal.gov,24,1,0,0,1,0,1
http://update-ebl.org,21,1,0,0,1,0,1
http://update-login.io,22,1,0,0,1,0,1
http://login-bracbank.co,24,1,0,0,1,0,1
http://online-service.gov,25,1,0,0,1,0,1
http://verify-login.net,23,1,0,0,1,0,1
http://verify-service.io,24,1,0,0,1,0,1
http://update-bracbank.net,26,1,0,0,1,0,1
http://login-update.io,22,1,0,0,1,0,1
http://verify-shop.io,21,1,0,1,0,0,0
http://verify-shop.io,21,1,0,1,0,0,0
http://login-site.co,20,1,0,0,0,0,0
http://online-banglalink.io,27,1,0,0,1,0,1
http://verify-bank.org,22,1,0,0,0,0,0
http://www-bank.org,19,1,0,0,0,0,0
http://online-service.io,24,1,0,0,0,0,0
http://www-site.io,18,1,0,1,0,0,0
http://secure-bank.com,22,1,0,0,0,0,0
http://verify-portal.io,23,1,0,0,0,0,0
http://secure-shop.com,22,1,0,1,0,0,0
http://login-site.co,20,1,0,1,0,0,0
http://secure-portal.gov,24,1,0,1,0,0,0
http://update-bracbank.org,26,1,0,0,1,0,1
http://online-service.org,25,1,0,0,1,0,1
http://online-update.org,24,1,0,0,1,0,1
http://www-portal.com,21,1,0,0,0,0,0
http://login-shop.net,21,1,0,0,0,0,0
http://update-amazon.org,24,1,0,0,1,0,1
http://secure-shop.org,22,1,0,1,0,0,0
http://verify-update.net,24,1,0,0,1,0,1
http://online-banglalink.net,28,1,0,0,1,0,1
http://verify-login.co,22,1,0,0,1,0,1
http://login-update.org,23,1,0,0,1,0,1
http://www-shop.com,19,1,0,0,0,0,0
http://www-paypal.org,21,1,0,0,1,0,1
http://secure-site.io,21,1,0,1,0,0,0
http://update-portal.org,24,1,0,1,0,0,0
http://verify-service.gov,25,1,0,0,1,0,1
http://update-login.co,22,1,0,0,1,0,1
http://secure-shop.com,22,1,0,0,0,0,0
http://online-bracbank.io,25,1,0,0,1,0,1
http://login-bank.gov,21,1,0,0,0,0,0
http://online-amazon.gov,24,1,0,0,1,0,1
http://verify-bank.org,22,1,0,0,0,0,0
http://online-site.com,22,1,0,0,0,0,0
http://secure-paypal.org,24,1,0,0,1,0,1
http://verify-shop.co,21,1,0,1,0,0,0
http://update-service.gov,25,1,0,0,0,0,0
http://update-secure.org,24,1,0,0,1,0,1
http://www-shop.net,19,1,0,0,0,0,0
http://update-update.com,24,1,0,0,1,0,1
http://www-portal.net,21,1,0,0,0,0,0
http://secure-shop.com,22,1,0,0,0,0,0
http://www-bank.org,19,1,0,0,0,0,0
http://online-site.io,21,1,0,0,0,0,0
http://secure-bank.net,22,1,0,0,0,0,0
http://online-secure.org,24,1,0,0,1,0,1
http://update-secure.com,24,1,0,0,1,0,1
http://verify-ebl.net,21,1,0,0,1,0,1
http://secure-service.org,25,1,0,0,0,0,0
http://verify-portal.net,24,1,0,0,0,0,0
http://update-paypal.co,23,1,0,0,1,0,1
http://secure-amazon.co,23,1,0,0,1,0,1
http://verify-service.net,25,1,0,0,1,0,1
http://update-shop.gov,22,1,0,0,0,0,0
http://www-site.net,19,1,0,1,0,0,0
http://update-site.com,22,1,0,1,0,0,0
http://www-secure.gov,21,1,0,0,1,0,1
http://update-service.net,25,1,0,0,0,0,0
http://online-update.org,24,1,0,0,1,0,1
http://update-site.net,22,1,0,0,0,0,0
http://www-ebl.org,18,1,0,0,1,0,1
http://www-amazon.org,21,1,0,0,1,0,1
http://www-shop.com,19,1,0,0,0,0,0
http://verify-shop.com,22,1,0,1,0,0,0
http://online-secure.com,24,1,0,0,1,0,1
http://online-bracbank.net,26,1,0,0,1,0,1
http://www-bank.com,19,1,0,0,1,0,1
http://login-ebl.org,20,1,0,0,1,0,1
http://online-banglalink.co,27,1,0,0,1,0,1
http://update-service.gov,25,1,0,0,0,0,0
http://update-shop.io,21,1,0,1,0,0,0
http://secure-site.com,22,1,0,0,0,0,0
http://www-bank.com,19,1,0,1,0,0,0
http://secure-shop.net,22,1,0,0,0,0,0
http://www-service.com,22,1,0,0,0,0,0
http://verify-site.com,22,1,0,0,0,0,0
http://login-amazon.co,22,1,0,0,1,0,1
http://login-service.net,24,1,0,0,1,0,1
http://update-bracbank.gov,26,1,0,0,1,0,1
http://www-service.net,22,1,0,1,0,0,0
http://login-bank.net,21,1,0,0,0,0,0
http://verify-service.io,24,1,0,0,0,0,0
http://online-login.net,23,1,0,0,1,0,1
http://login-bank.co,20,1,0,0,0,0,0
http://online-bank.co,21,1,0,0,0,0,0
http://www-bank.gov,19,1,0,0,0,0,0
http://secure-portal.net,24,1,0,0,0,0,0
http://verify-bank.io,21,1,0,0,0,0,0
http://secure-login.net,23,1,0,0,1,0,1
http://login-bank.org,21,1,0,0,0,0,0
http://update-shop.com,22,1,0,1,0,0,0
http://verify-bank.net,22,1,0,0,0,0,0
http://login-shop.io,20,1,0,0,0,0,0
http://online-site.com,22,1,0,1,0,0,0
http://verify-amazon.net,24,1,0,0,1,0,1
http://www-login.co,19,1,0,0,1,0,1
http://verify-portal.com,24,1,0,1,0,0,0
http://login-portal.org,23,1,0,0,0,0,0
http://update-update.org,24,1,0,0,1,0,1
http://login-update.gov,23,1,0,0,1,0,1
http://secure-service.co,24,1,0,0,0,0,0
http://secure-bank.com,22,1,0,1,0,0,0
http://online-site.gov,22,1,0,1,0,0,0
http://secure-secure.io,23,1,0,0,1,0,1
http://www-secure.com,21,1,0,0,1,0,1
http://update-portal.co,23,1,0,1,0,0,0
http://verify-ebl.co,20,1,0,0,1,0,1
http://online-service.co,24,1,0,1,0,0,0
http://secure-amazon.net,24,1,0,0,1,0,1
http://secure-banglalink.io,27,1,0,0,1,0,1
http://login-site.org,21,1,0,1,0,0,0
http://update-bracbank.net,26,1,0,0,1,0,1
http://www-paypal.com,21,1,0,0,1,0,1
http://update-bank.gov,22,1,0,0,1,0,1
http://online-site.org,22,1,0,1,0,0,0
http://www-bank.net,19,1,0,0,0,0,0
http://secure-paypal.io,23,1,0,0,1,0,1
http://verify-portal.com,24,1,0,1,0,0,0
http://www-amazon.com,21,1,0,0,1,0,1
http://verify-update.net,24,1,0,0,1,0,1
http://secure-service.com,25,1,0,0,0,0,0
http://online-paypal.io,23,1,0,0,1,0,1
http://login-secure.org,23,1,0,0,1,0,1
http://update-portal.net,24,1,0,0,0,0,0
http://online-service.net,25,1,0,0,0,0,0
http://secure-service.com,25,1,0,0,1,0,1
http://secure-service.gov,25,1,0,0,0,0,0
http://online-service.org,25,1,0,0,0,0,0
http://online-ebl.net,21,1,0,0,1,0,1
http://login-banglalink.co,26,1,0,0,1,0,1
http://update-paypal.org,24,1,0,0,1,0,1
http://www-bracbank.net,23,1,0,0,1,0,1
http://secure-shop.co,21,1,0,1,0,0,0
http://www-portal.co,20,1,0,1,0,0,0
http://update-ebl.org,21,1,0,0,1,0,1
http://login-bracbank.net,25,1,0,0,1,0,1
http://update-banglalink.co,27,1,0,0,1,0,1
http://update-site.gov,22,1,0,0,0,0,0
http://secure-portal.gov,24,1,0,1,0,0,0
http://online-site.com,22,1,0,0,0,0,0
http://online-bank.io,21,1,0,0,1,0,1
http://login-service.org,24,1,0,0,1,0,1
http://update-secure.net,24,1,0,0,1,0,1
http://verify-ebl.io,20,1,0,0,1,0,1
http://login-bank.net,21,1,0,0,0,0,0
http://secure-shop.com,22,1,0,1,0,0,0
http://verify-bank.io,21,1,0,0,0,0,0
http://update-portal.org,24,1,0,0,0,0,0
http://online-bracbank.net,26,1,0,0,1,0,1
http://secure-site.org,22,1,0,0,0,0,0
http://verify-bank.com,22,1,0,0,1,0,1
http://www-secure.co,20,1,0,0,1,0,1
http://login-portal.co,22,1,0,0,0,0,0
http://secure-banglalink.io,27,1,0,0,1,0,1
http://verify-login.gov,23,1,0,0,1,0,1
http://www-bank.com,19,1,0,1,0,0,0
http://verify-update.org,24,1,0,0,1,0,1
http://verify-portal.io,23,1,0,1,0,0,0
http://www-bank.com,19,1,0,1,0,0,0
http://online-bank.org,22,1,0,1,0,0,0
http://online-portal.co,23,1,0,1,0,0,0
http://online-portal.gov,24,1,0,1,0,0,0
http://secure-bank.net,22,1,0,0,0,0,0
http://update-bracbank.gov,26,1,0,0,1,0,1
http://www-bank.org,19,1,0,1,0,0,0
http://secure-paypal.io,23,1,0,0,1,0,1
http://online-site.net,22,1,0,0,0,0,0
http://secure-site.org,22,1,0,0,0,0,0
http://verify-update.io,23,1,0,0,1,0,1
http://online-service.com,25,1,0,1,0,0,0
http://update-secure.org,24,1,0,0,1,0,1
http://www-site.com,19,1,0,0,0,0,0
http://secure-ebl.org,21,1,0,0,1,0,1
http://www-shop.com,19,1,0,1,0,0,0
http://online-bank.co,21,1,0,1,0,0,0
http://update-bracbank.co,25,1,0,0,1,0,1
http://update-bracbank.org,26,1,0,0,1,0,1
http://online-banglalink.com,28,1,0,0,1,0,1
http://online-portal.net,24,1,0,0,0,0,0
http://online-site.org,22,1,0,1,0,0,0
http://secure-service.io,24,1,0,0,0,0,0
http://www-login.io,19,1,0,0,1,0,1
http://secure-ebl.co,20,1,0,0,1,0,1
http://verify-secure.com,24,1,0,0,1,0,1
http://update-login.com,23,1,0,0,1,0,1
http://update-update.com,24,1,0,0,1,0,1
http://secure-shop.co,21,1,0,1,0,0,0
http://login-site.net,21,1,0,1,0,0,0
http://verify-bank.io,21,1,0,0,0,0,0
http://update-amazon.com,24,1,0,0,1,0,1
http://verify-service.net,25,1,0,0,1,0,1
http://login-shop.io,20,1,0,1,0,0,0
http://www-paypal.com,21,1,0,0,1,0,1
http://www-secure.org,21,1,0,0,1,0,1
http://www-paypal.co,20,1,0,0,1,0,1
http://update-shop.org,22,1,0,1,0,0,0
http://verify-service.co,24,1,0,0,0,0,0
http://online-login.gov,23,1,0,0,1,0,1
http://verify-amazon.co,23,1,0,0,1,0,1
http://www-ebl.io,17,1,0,0,1,0,1
http://update-secure.io,23,1,0,0,1,0,1
http://login-service.io,23,1,0,0,0,0,0
http://www-login.net,20,1,0,0,1,0,1
http://update-shop.gov,22,1,0,0,0,0,0
http://verify-secure.gov,24,1,0,0,1,0,1
http://verify-banglalink.org,28,1,0,0,1,0,1
http://login-ebl.io,19,1,0,0,1,0,1
http://www-service.io,21,1,0,1,0,0,0
http://www-paypal.com,21,1,0,0,1,0,1
http://online-bank.com,22,1,0,0,0,0,0
http://verify-shop.org,22,1,0,0,0,0,0
http://secure-site.co,21,1,0,1,0,0,0
http://online-secure.com,24,1,0,0,1,0,1
http://login-secure.co,22,1,0,0,1,0,1
http://login-update.gov,23,1,0,0,1,0,1
http://online-service.net,25,1,0,0,0,0,0
http://login-banglalink.gov,27,1,0,0,1,0,1
http://online-bank.co,21,1,0,1,0,0,0
http://online-banglalink.com,28,1,0,0,1,0,1
http://online-service.org,25,1,0,0,1,0,1
http://www-site.gov,19,1,0,0,0,0,0
http://update-login.io,22,1,0,0,1,0,1
http://update-bracbank.io,25,1,0,0,1,0,1
http://login-portal.io,22,1,0,1,0,0,0
http://verify-bracbank.net,26,1,0,0,1,0,1
http://login-service.org,24,1,0,0,0,0,0
http://verify-banglalink.co,27,1,0,0,1,0,1
http://update-bank.gov,22,1,0,0,1,0,1
http://update-paypal.net,24,1,0,0,1,0,1
http://online-login.gov,23,1,0,0,1,0,1
http://online-service.io,24,1,0,0,0,0,0
http://verify-amazon.io,23,1,0,0,1,0,1
http://secure-bank.net,22,1,0,0,1,0,1
http://verify-shop.gov,22,1,0,1,0,0,0
http://online-bank.co,21,1,0,1,0,0,0
http://login-bank.co,20,1,0,0,0,0,0
http://update-banglalink.gov,28,1,0,0,1,0,1
http://login-bank.com,21,1,0,0,1,0,1
http://update-bank.io,21,1,0,0,1,0,1
http://www-service.com,22,1,0,1,0,0,0
http://online-site.io,21,1,0,1,0,0,0
http://secure-bank.gov,22,1,0,1,0,0,0
http://login-service.org,24,1,0,0,0,0,0
http://update-bank.net,22,1,0,0,0,0,0
http://secure-shop.co,21,1,0,1,0,0,0
http://secure-service.com,25,1,0,0,0,0,0
http://secure-shop.org,22,1,0,1,0,0,0
http://verify-portal.io,23,1,0,1,0,0,0
http://update-service.co,24,1,0,0,1,0,1
http://login-banglalink.gov,27,1,0,0,1,0,1
http://www-login.gov,20,1,0,0,1,0,1
http://www-portal.co,20,1,0,1,0,0,0
http://secure-bank.com,22,1,0,0,0,0,0
http://verify-bank.net,22,1,0,0,0,0,0
http://online-portal.org,24,1,0,1,0,0,0
http://login-ebl.com,20,1,0,0,1,0,1
http://secure-paypal.com,24,1,0,0,1,0,1
http://online-bank.gov,22,1,0,1,0,0,0
http://secure-paypal.net,24,1,0,0,1,0,1
http://secure-amazon.io,23,1,0,0,1,0,1
http://verify-bank.org,22,1,0,0,1,0,1
http://www-bank.io,18,1,0,0,0,0,0
http://online-bank.io,21,1,0,0,0,0,0
http://secure-secure.org,24,1,0,0,1,0,1
http://online-bracbank.org,26,1,0,0,1,0,1
http://login-bracbank.org,25,1,0,0,1,0,1
http://www-login.com,20,1,0,0,1,0,1
http://online-ebl.com,21,1,0,0,1,0,1
http://login-shop.net,21,1,0,1,0,0,0
http://secure-service.co,24,1,0,1,0,0,0
http://update-site.io,21,1,0,1,0,0,0
http://update-secure.net,24,1,0,0,1,0,1
http://secure-portal.io,23,1,0,1,0,0,0
http://update-paypal.net,24,1,0,0,1,0,1
http://login-shop.com,21,1,0,0,0,0,0
http://secure-shop.gov,22,1,0,1,0,0,0
http://update-secure.co,23,1,0,0,1,0,1
http://update-update.com,24,1,0,0,1,0,1
http://www-site.co,18,1,0,1,0,0,0
http://login-shop.io,20,1,0,1,0,0,0
http://verify-service.com,25,1,0,1,0,0,0
http://online-portal.io,23,1,0,0,0,0,0
http://www-site.net,19,1,0,0,0,0,0
http://secure-portal.co,23,1,0,1,0,0,0
http://verify-ebl.io,20,1,0,0,1,0,1
http://verify-site.co,21,1,0,1,0,0,0
http://verify-amazon.io,23,1,0,0,1,0,1
http://update-ebl.net,21,1,0,0,1,0,1
http://update-shop.io,21,1,0,0,0,0,0
http://login-service.io,23,1,0,1,0,0,0
http://verify-ebl.com,21,1,0,0,1,0,1
http://update-update.gov,24,1,0,0,1,0,1
http://login-site.org,21,1,0,0,0,0,0
http://secure-service.com,25,1,0,0,1,0,1
http://www-service.com,22,1,0,1,0,0,0
http://update-portal.gov,24,1,0,1,0,0,0
http://www-banglalink.org,25,1,0,0,1,0,1
http://update-secure.org,24,1,0,0,1,0,1
http://www-ebl.co,17,1,0,0,1,0,1
http://verify-service.com,25,1,0,0,0,0,0
http://www-service.com,22,1,0,0,0,0,0
http://secure-banglalink.net,28,1,0,0,1,0,1
http://online-bank.io,21,1,0,0,0,0,0
http://login-bank.co,20,1,0,1,0,0,0
http://secure-shop.gov,22,1,0,0,0,0,0
http://update-paypal.com,24,1,0,0,1,0,1
http://update-login.com,23,1,0,0,1,0,1
http://verify-shop.net,22,1,0,1,0,0,0
http://www-shop.com,19,1,0,0,0,0,0
http://www-shop.org,19,1,0,0,0,0,0
http://update-ebl.net,21,1,0,0,1,0,1
http://update-shop.com,22,1,0,1,0,0,0
http://update-paypal.org,24,1,0,0,1,0,1
http://secure-portal.org,24,1,0,1,0,0,0
http://verify-service.org,25,1,0,1,0,0,0
http://update-paypal.io,23,1,0,0,1,0,1
http://update-bank.org,22,1,0,0,1,0,1
http://secure-service.com,25,1,0,0,0,0,0
http://update-shop.io,21,1,0,1,0,0,0
http://online-service.org,25,1,0,0,1,0,1
http://update-amazon.com,24,1,0,0,1,0,1
http://www-service.org,22,1,0,0,0,0,0
http://secure-site.com,22,1,0,1,0,0,0
http://login-bank.com,21,1,0,1,0,0,0
http://secure-update.com,24,1,0,0,1,0,1
http://verify-secure.org,24,1,0,0,1,0,1
http://online-bank.com,22,1,0,0,1,0,1
http://www-banglalink.net,25,1,0,0,1,0,1
http://login-ebl.gov,20,1,0,0,1,0,1
http://www-site.co,18,1,0,1,0,0,0
http://secure-paypal.io,23,1,0,0,1,0,1
http://verify-bank.io,21,1,0,1,0,0,0
http://login-service.gov,24,1,0,0,1,0,1
http://login-portal.gov,23,1,0,1,0,0,0
http://www-portal.io,20,1,0,0,0,0,0
http://update-update.gov,24,1,0,0,1,0,1
http://login-update.com,23,1,0,0,1,0,1
http://login-secure.org,23,1,0,0,1,0,1
http://verify-secure.net,24,1,0,0,1,0,1
http://online-site.com,22,1,0,0,0,0,0
http://login-bank.com,21,1,0,0,0,0,0
http://update-service.co,24,1,0,1,0,0,0
http://update-secure.io,23,1,0,0,1,0,1
http://online-bracbank.net,26,1,0,0,1,0,1
http://online-login.io,22,1,0,0,1,0,1
http://www-paypal.org,21,1,0,0,1,0,1
http://online-bank.co,21,1,0,0,1,0,1
http://www-bracbank.com,23,1,0,0,1,0,1
http://secure-secure.com,24,1,0,0,1,0,1
http://www-service.io,21,1,0,0,0,0,0
http://login-secure.gov,23,1,0,0,1,0,1
http://login-service.org,24,1,0,1,0,0,0
http://verify-banglalink.co,27,1,0,0,1,0,1
http://secure-banglalink.net,28,1,0,0,1,0,1
http://update-update.com,24,1,0,0,1,0,1
http://update-site.net,22,1,0,1,0,0,0
http://verify-service.net,25,1,0,0,1,0,1
http://secure-bank.io,21,1,0,0,0,0,0
http://login-portal.net,23,1,0,1,0,0,0
http://www-portal.gov,21,1,0,0,0,0,0
http://update-shop.net,22,1,0,1,0,0,0
http://login-shop.com,21,1,0,1,0,0,0
http://online-portal.com,24,1,0,0,0,0,0
http://verify-site.io,21,1,0,1,0,0,0
http://update-bank.co,21,1,0,0,1,0,1
http://update-banglalink.co,27,1,0,0,1,0,1
http://verify-site.org,22,1,0,1,0,0,0
http://verify-paypal.net,24,1,0,0,1,0,1
http://login-bank.gov,21,1,0,0,0,0,0
http://www-service.org,22,1,0,0,1,0,1
http://www-banglalink.net,25,1,0,0,1,0,1
http://secure-site.co,21,1,0,1,0,0,0
http://verify-amazon.gov,24,1,0,0,1,0,1
http://online-bank.net,22,1,0,0,0,0,0
http://secure-bank.co,21,1,0,0,0,0,0
http://update-amazon.co,23,1,0,0,1,0,1
http://secure-site.io,21,1,0,1,0,0,0
http://verify-ebl.org,21,1,0,0,1,0,1
http://secure-secure.org,24,1,0,0,1,0,1
http://online-portal.net,24,1,0,0,0,0,0
http://secure-site.org,22,1,0,0,0,0,0
http://update-shop.net,22,1,0,0,0,0,0
http://secure-service.gov,25,1,0,1,0,0,0
http://www-site.gov,19,1,0,1,0,0,0
http://verify-login.org,23,1,0,0,1,0,1
http://www-banglalink.net,25,1,0,0,1,0,1
http://www-bank.io,18,1,0,1,0,0,0
http://verify-secure.gov,24,1,0,0,1,0,1
http://update-shop.net,22,1,0,0,0,0,0
http://online-bank.org,22,1,0,1,0,0,0
http://login-site.org,21,1,0,1,0,0,0
http://online-service.com,25,1,0,0,0,0,0
http://secure-service.gov,25,1,0,0,0,0,0
http://verify-bracbank.org,26,1,0,0,1,0,1
http://www-secure.io,20,1,0,0,1,0,1
http://secure-shop.co,21,1,0,1,0,0,0
http://verify-shop.co,21,1,0,0,0,0,0
http://www-shop.net,19,1,0,1,0,0,0
http://update-bank.co,21,1,0,1,0,0,0
http://verify-bank.io,21,1,0,0,1,0,1
http://update-service.io,24,1,0,0,1,0,1
http://secure-portal.com,24,1,0,1,0,0,0
http://online-shop.gov,22,1,0,1,0,0,0
http://verify-site.org,22,1,0,1,0,0,0
http://update-shop.org,22,1,0,1,0,0,0
http://verify-paypal.org,24,1,0,0,1,0,1
http://secure-service.com,25,1,0,1,0,0,0
http://secure-bank.gov,22,1,0,0,0,0,0
http://online-update.net,24,1,0,0,1,0,1
http://update-amazon.io,23,1,0,0,1,0,1
http://online-bank.co,21,1,0,0,0,0,0
http://login-paypal.io,22,1,0,0,1,0,1
http://update-bank.co,21,1,0,1,0,0,0
http://update-shop.io,21,1,0,0,0,0,0
http://login-service.io,23,1,0,0,1,0,1
http://login-shop.net,21,1,0,1,0,0,0
http://secure-site.co,21,1,0,0,0,0,0
http://update-service.com,25,1,0,1,0,0,0
http://www-amazon.net,21,1,0,0,1,0,1
http://secure-update.net,24,1,0,0,1,0,1
http://login-service.gov,24,1,0,1,0,0,0
http://www-bank.org,19,1,0,1,0,0,0
http://login-service.com,24,1,0,0,0,0,0
http://secure-login.com,23,1,0,0,1,0,1
http://secure-paypal.co,23,1,0,0,1,0,1
http://secure-update.gov,24,1,0,0,1,0,1
http://login-ebl.net,20,1,0,0,1,0,1
http://www-paypal.gov,21,1,0,0,1,0,1
http://secure-site.net,22,1,0,0,0,0,0
http://www-update.net,21,1,0,0,1,0,1
http://online-portal.co,23,1,0,0,0,0,0
http://secure-service.com,25,1,0,1,0,0,0
http://login-amazon.org,23,1,0,0,1,0,1
http://secure-shop.co,21,1,0,0,0,0,0
http://secure-bank.gov,22,1,0,0,1,0,1
http://verify-bank.net,22,1,0,0,0,0,0
http://update-banglalink.io,27,1,0,0,1,0,1
http://verify-update.org,24,1,0,0,1,0,1
http://login-service.com,24,1,0,1,0,0,0
http://verify-service.gov,25,1,0,1,0,0,0
http://www-service.net,22,1,0,1,0,0,0
http://www-update.org,21,1,0,0,1,0,1
http://login-amazon.net,23,1,0,0,1,0,1
http://update-paypal.io,23,1,0,0,1,0,1
http://login-banglalink.org,27,1,0,0,1,0,1
http://update-shop.org,22,1,0,0,0,0,0
http://verify-portal.gov,24,1,0,0,0,0,0
http://verify-banglalink.net,28,1,0,0,1,0,1
http://verify-shop.gov,22,1,0,1,0,0,0
http://online-update.io,23,1,0,0,1,0,1
http://verify-bank.gov,22,1,0,0,0,0,0
http://www-service.net,22,1,0,0,1,0,1
http://login-ebl.org,20,1,0,0,1,0,1
http://update-service.co,24,1,0,0,0,0,0
http://verify-banglalink.gov,28,1,0,0,1,0,1
http://update-login.co,22,1,0,0,1,0,1
http://secure-paypal.com,24,1,0,0,1,0,1
http://update-amazon.co,23,1,0,0,1,0,1
http://secure-amazon.co,23,1,0,0,1,0,1
http://login-login.gov,22,1,0,0,1,0,1
http://update-ebl.gov,21,1,0,0,1,0,1
http://update-amazon.gov,24,1,0,0,1,0,1
http://login-service.com,24,1,0,0,1,0,1
http://secure-shop.co,21,1,0,1,0,0,0
http://www-bank.com,19,1,0,0,1,0,1
http://www-shop.com,19,1,0,0,0,0,0
http://www-site.gov,19,1,0,0,0,0,0
http://update-bank.co,21,1,0,1,0,0,0
http://verify-service.gov,25,1,0,0,0,0,0
http://secure-secure.gov,24,1,0,0,1,0,1
http://secure-site.co,21,1,0,1,0,0,0
http://online-bank.net,22,1,0,0,0,0,0
http://verify-bank.org,22,1,0,1,0,0,0
http://online-update.co,23,1,0,0,1,0,1
http://verify-login.net,23,1,0,0,1,0,1
http://update-bank.co,21,1,0,0,0,0,0
http://update-service.org,25,1,0,0,0,0,0
http://verify-shop.io,21,1,0,0,0,0,0
http://www-ebl.com,18,1,0,0,1,0,1
http://www-secure.gov,21,1,0,0,1,0,1
http://login-amazon.net,23,1,0,0,1,0,1
http://online-bank.com,22,1,0,1,0,0,0
http://www-site.com,19,1,0,1,0,0,0
http://verify-banglalink.net,28,1,0,0,1,0,1
http://update-update.com,24,1,0,0,1,0,1
http://online-bank.net,22,1,0,0,1,0,1
http://online-bank.io,21,1,0,0,1,0,1
http://www-site.co,18,1,0,0,0,0,0
http://online-site.org,22,1,0,1,0,0,0
http://secure-paypal.com,24,1,0,0,1,0,1
http://update-bank.net,22,1,0,1,0,0,0
http://online-shop.co,21,1,0,0,0,0,0
http://verify-banglalink.co,27,1,0,0,1,0,1
http://secure-paypal.co,23,1,0,0,1,0,1
http://update-bank.net,22,1,0,0,1,0,1
http://login-portal.com,23,1,0,0,0,0,0
http://secure-service.co,24,1,0,0,0,0,0
http://update-site.org,22,1,0,0,0,0,0
http://verify-update.co,23,1,0,0,1,0,1
http://login-secure.io,22,1,0,0,1,0,1
http://online-bank.net,22,1,0,0,0,0,0
http://login-ebl.net,20,1,0,0,1,0,1
http://login-bank.com,21,1,0,0,0,0,0
http://www-shop.org,19,1,0,0,0,0,0
http://verify-ebl.com,21,1,0,0,1,0,1
http://verify-bank.net,22,1,0,0,1,0,1
http://login-service.co,23,1,0,0,0,0,0
http://login-bank.org,21,1,0,0,0,0,0
http://login-update.net,23,1,0,0,1,0,1
http://www-secure.net,21,1,0,0,1,0,1
http://update-bank.com,22,1,0,0,0,0,0
http://secure-service.com,25,1,0,0,0,0,0
http://verify-paypal.com,24,1,0,0,1,0,1
http://www-bank.co,18,1,0,1,0,0,0
http://secure-bank.com,22,1,0,0,0,0,0
http://www-shop.io,18,1,0,0,0,0,0
http://online-shop.co,21,1,0,0,0,0,0
http://secure-bracbank.net,26,1,0,0,1,0,1
http://secure-bank.com,22,1,0,1,0,0,0
http://www-bank.net,19,1,0,1,0,0,0
http://online-update.io,23,1,0,0,1,0,1
http://verify-portal.org,24,1,0,1,0,0,0
http://update-ebl.org,21,1,0,0,1,0,1
http://login-portal.com,23,1,0,1,0,0,0
http://verify-shop.net,22,1,0,1,0,0,0
http://login-portal.io,22,1,0,0,0,0,0
http://verify-bracbank.org,26,1,0,0,1,0,1
http://secure-shop.com,22,1,0,1,0,0,0
http://login-shop.io,20,1,0,1,0,0,0
http://www-bank.io,18,1,0,0,0,0,0
http://online-service.gov,25,1,0,0,1,0,1
http://www-bracbank.co,22,1,0,0,1,0,1
http://secure-bracbank.gov,26,1,0,0,1,0,1
http://verify-service.org,25,1,0,0,0,0,0
http://login-bank.io,20,1,0,0,1,0,1
http://online-site.org,22,1,0,0,0,0,0
http://update-bank.co,21,1,0,0,0,0,0
http://login-portal.co,22,1,0,0,0,0,0
http://www-shop.gov,19,1,0,0,0,0,0
http://online-shop.com,22,1,0,0,0,0,0
http://login-banglalink.org,27,1,0,0,1,0,1
http://verify-site.net,22,1,0,0,0,0,0
http://update-bracbank.com,26,1,0,0,1,0,1
http://secure-bank.co,21,1,0,0,1,0,1
http://update-secure.co,23,1,0,0,1,0,1
http://www-bank.net,19,1,0,0,0,0,0
http://online-service.gov,25,1,0,1,0,0,0
http://login-service.gov,24,1,0,1,0,0,0
http://verify-service.org,25,1,0,0,0,0,0
http://online-bank.io,21,1,0,0,1,0,1
http://verify-service.gov,25,1,0,0,0,0,0
http://secure-amazon.gov,24,1,0,0,1,0,1
http://online-update.co,23,1,0,0,1,0,1
http://online-amazon.org,24,1,0,0,1,0,1
http://update-login.gov,23,1,0,0,1,0,1
http://login-bracbank.co,24,1,0,0,1,0,1
http://www-site.gov,19,1,0,1,0,0,0
http://secure-bank.com,22,1,0,0,0,0,0
http://www-login.com,20,1,0,0,1,0,1
http://verify-service.org,25,1,0,1,0,0,0
http://secure-service.io,24,1,0,1,0,0,0
http://verify-bank.gov,22,1,0,0,1,0,1
http://login-update.net,23,1,0,0,1,0,1
http://www-paypal.co,20,1,0,0,1,0,1
http://www-login.org,20,1,0,0,1,0,1
http://login-ebl.io,19,1,0,0,1,0,1
http://online-service.org,25,1,0,0,0,0,0
http://login-bank.org,21,1,0,0,0,0,0
http://www-shop.gov,19,1,0,1,0,0,0
http://login-paypal.gov,23,1,0,0,1,0,1
http://online-portal.io,23,1,0,1,0,0,0
http://www-login.co,19,1,0,0,1,0,1
http://update-amazon.gov,24,1,0,0,1,0,1
http://www-bank.gov,19,1,0,0,1,0,1
http://update-bank.co,21,1,0,0,1,0,1
http://online-service.gov,25,1,0,0,0,0,0
http://secure-shop.net,22,1,0,1,0,0,0
http://update-secure.net,24,1,0,0,1,0,1
http://secure-service.gov,25,1,0,0,0,0,0
http://secure-ebl.co,20,1,0,0,1,0,1
http://login-bank.net,21,1,0,0,0,0,0
http://online-paypal.co,23,1,0,0,1,0,1
http://online-shop.org,22,1,0,1,0,0,0
http://update-portal.com,24,1,0,1,0,0,0
http://login-update.io,22,1,0,0,1,0,1
http://verify-bank.com,22,1,0,0,0,0,0
http://www-bank.co,18,1,0,0,1,0,1
http://login-update.org,23,1,0,0,1,0,1
http://www-paypal.com,21,1,0,0,1,0,1
http://www-amazon.net,21,1,0,0,1,0,1
http://secure-portal.gov,24,1,0,1,0,0,0
http://www-bank.org,19,1,0,0,0,0,0
http://verify-update.gov,24,1,0,0,1,0,1
http://online-service.com,25,1,0,0,1,0,1
http://verify-bank.io,21,1,0,1,0,0,0
http://www-secure.com,21,1,0,0,1,0,1
http://update-bracbank.gov,26,1,0,0,1,0,1
http://verify-bank.io,21,1,0,1,0,0,0
http://www-portal.gov,21,1,0,0,0,0,0
http://online-update.io,23,1,0,0,1,0,1
http://update-service.org,25,1,0,0,1,0,1
http://update-ebl.co,20,1,0,0,1,0,1
http://update-site.co,21,1,0,0,0,0,0
http://online-banglalink.com,28,1,0,0,1,0,1
http://www-shop.com,19,1,0,1,0,0,0
http://update-bracbank.io,25,1,0,0,1,0,1
http://update-shop.com,22,1,0,0,0,0,0
http://secure-update.com,24,1,0,0,1,0,1
http://update-amazon.gov,24,1,0,0,1,0,1
http://update-secure.gov,24,1,0,0,1,0,1
http://update-bank.net,22,1,0,0,1,0,1
http://secure-ebl.org,21,1,0,0,1,0,1
http://secure-site.org,22,1,0,0,0,0,0
http://login-bank.com,21,1,0,1,0,0,0
http://login-login.com,22,1,0,0,1,0,1
http://www-banglalink.co,24,1,0,0,1,0,1
http://update-bank.com,22,1,0,1,0,0,0
http://www-service.org,22,1,0,0,0,0,0
http://www-banglalink.io,24,1,0,0,1,0,1
http://verify-service.net,25,1,0,0,0,0,0
http://www-ebl.org,18,1,0,0,1,0,1
http://secure-secure.gov,24,1,0,0,1,0,1
http://update-service.org,25,1,0,0,0,0,0
http://online-service.gov,25,1,0,1,0,0,0
http://www-amazon.net,21,1,0,0,1,0,1
http://update-bank.net,22,1,0,1,0,0,0
http://www-bank.io,18,1,0,0,1,0,1
http://verify-service.com,25,1,0,0,0,0,0
http://www-site.io,18,1,0,1,0,0,0
http://verify-service.gov,25,1,0,0,0,0,0
http://login-shop.gov,21,1,0,1,0,0,0
http://secure-secure.net,24,1,0,0,1,0,1
http://verify-shop.io,21,1,0,1,0,0,0
http://www-update.gov,21,1,0,0,1,0,1
http://online-service.co,24,1,0,1,0,0,0
http://login-shop.org,21,1,0,0,0,0,0
http://verify-banglalink.com,28,1,0,0,1,0,1
http://secure-site.gov,22,1,0,1,0,0,0
http://www-site.org,19,1,0,1,0,0,0
http://verify-update.gov,24,1,0,0,1,0,1
http://www-portal.com,21,1,0,1,0,0,0
http://secure-secure.org,24,1,0,0,1,0,1
http://verify-shop.gov,22,1,0,1,0,0,0
http://www-shop.com,19,1,0,1,0,0,0
http://login-login.com,22,1,0,0,1,0,1
http://login-login.io,21,1,0,0,1,0,1
http://secure-site.co,21,1,0,1,0,0,0
http://secure-site.gov,22,1,0,1,0,0,0
http://verify-service.org,25,1,0,0,1,0,1
http://update-portal.co,23,1,0,0,0,0,0
http://login-shop.io,20,1,0,1,0,0,0
http://online-secure.io,23,1,0,0,1,0,1
http://secure-bank.co,21,1,0,1,0,0,0
http://verify-bracbank.com,26,1,0,0,1,0,1
http://www-site.io,18,1,0,0,0,0,0
http://online-site.gov,22,1,0,0,0,0,0
http://update-banglalink.org,28,1,0,0,1,0,1
http://secure-login.org,23,1,0,0,1,0,1
http://update-update.net,24,1,0,0,1,0,1
http://www-site.org,19,1,0,1,0,0,0
http://www-paypal.co,20,1,0,0,1,0,1
http://update-amazon.co,23,1,0,0,1,0,1
http://online-shop.org,22,1,0,1,0,0,0
http://secure-bracbank.net,26,1,0,0,1,0,1
http://www-bracbank.co,22,1,0,0,1,0,1
http://www-banglalink.com,25,1,0,0,1,0,1
http://verify-portal.net,24,1,0,1,0,0,0
http://www-site.co,18,1,0,1,0,0,0
http://secure-login.org,23,1,0,0,1,0,1
http://www-bank.gov,19,1,0,0,0,0,0
http://verify-bracbank.net,26,1,0,0,1,0,1
http://online-amazon.org,24,1,0,0,1,0,1
http://update-secure.co,23,1,0,0,1,0,1
http://update-update.gov,24,1,0,0,1,0,1
http://secure-site.org,22,1,0,1,0,0,0
http://verify-banglalink.io,27,1,0,0,1,0,1
http://online-bank.org,22,1,0,0,1,0,1
http://secure-shop.co,21,1,0,1,0,0,0
http://online-service.io,24,1,0,0,0,0,0
http://www-bracbank.io,22,1,0,0,1,0,1
http://update-shop.net,22,1,0,0,0,0,0
http://update-amazon.co,23,1,0,0,1,0,1
http://secure-bracbank.co,25,1,0,0,1,0,1
http://online-site.io,21,1,0,1,0,0,0
http://online-ebl.co,20,1,0,0,1,0,1
http://online-ebl.io,20,1,0,0,1,0,1
http://verify-bank.net,22,1,0,1,0,0,0
http://login-paypal.co,22,1,0,0,1,0,1
http://online-banglalink.org,28,1,0,0,1,0,1
http://update-secure.com,24,1,0,0,1,0,1
http://www-site.gov,19,1,0,1,0,0,0
http://update-bracbank.org,26,1,0,0,1,0,1
http://online-shop.co,21,1,0,1,0,0,0
http://secure-amazon.gov,24,1,0,0,1,0,1
http://online-ebl.io,20,1,0,0,1,0,1
http://update-shop.org,22,1,0,0,0,0,0
http://update-service.org,25,1,0,0,1,0,1
http://secure-service.com,25,1,0,0,1,0,1
http://online-bank.gov,22,1,0,0,1,0,1
http://online-service.co,24,1,0,0,1,0,1
http://online-site.gov,22,1,0,0,0,0,0
http://verify-bank.org,22,1,0,0,1,0,1
http://secure-secure.co,23,1,0,0,1,0,1
http://verify-banglalink.net,28,1,0,0,1,0,1
http://login-portal.com,23,1,0,0,0,0,0
http://www-banglalink.gov,25,1,0,0,1,0,1
http://login-secure.io,22,1,0,0,1,0,1
http://online-ebl.net,21,1,0,0,1,0,1
http://online-ebl.io,20,1,0,0,1,0,1
http://secure-service.io,24,1,0,0,0,0,0
http://verify-shop.net,22,1,0,0,0,0,0
http://www-login.com,20,1,0,0,1,0,1
http://login-bank.org,21,1,0,1,0,0,0
http://login-site.co,20,1,0,1,0,0,0
http://secure-update.gov,24,1,0,0,1,0,1
http://update-portal.gov,24,1,0,1,0,0,0
http://secure-shop.io,21,1,0,0,0,0,0
http://update-service.org,25,1,0,0,0,0,0
http://update-service.io,24,1,0,1,0,0,0
http://secure-portal.com,24,1,0,1,0,0,0
http://update-service.co,24,1,0,0,1,0,1
http://www-site.com,19,1,0,1,0,0,0
http://online-bank.gov,22,1,0,0,1,0,1
http://update-update.org,24,1,0,0,1,0,1
http://secure-site.co,21,1,0,1,0,0,0
http://verify-portal.gov,24,1,0,0,0,0,0
http://update-service.org,25,1,0,0,0,0,0
http://www-service.com,22,1,0,0,1,0,1
http://update-bank.net,22,1,0,0,0,0,0
http://online-site.org,22,1,0,0,0,0,0
http://online-paypal.org,24,1,0,0,1,0,1
http://login-amazon.com,23,1,0,0,1,0,1
http://secure-shop.gov,22,1,0,0,0,0,0
http://login-bracbank.com,25,1,0,0,1,0,1
http://www-service.com,22,1,0,0,1,0,1
http://verify-banglalink.org,28,1,0,0,1,0,1
http://login-bank.io,20,1,0,1,0,0,0
http://secure-service.org,25,1,0,0,1,0,1
http://verify-service.com,25,1,0,1,0,0,0
http://verify-bank.io,21,1,0,1,0,0,0
http://verify-service.gov,25,1,0,0,1,0,1
http://update-paypal.gov,24,1,0,0,1,0,1
http://verify-secure.io,23,1,0,0,1,0,1
http://verify-portal.co,23,1,0,0,0,0,0
http://login-ebl.com,20,1,0,0,1,0,1
http://www-amazon.io,20,1,0,0,1,0,1
http://online-shop.gov,22,1,0,1,0,0,0
http://login-portal.com,23,1,0,0,0,0,0
http://online-shop.net,22,1,0,1,0,0,0
http://secure-service.co,24,1,0,0,1,0,1
http://www-bank.net,19,1,0,0,0,0,0
http://secure-update.org,24,1,0,0,1,0,1
http://verify-paypal.co,23,1,0,0,1,0,1
http://verify-service.io,24,1,0,0,0,0,0
http://verify-portal.org,24,1,0,1,0,0,0
http://verify-site.com,22,1,0,1,0,0,0
http://www-bank.gov,19,1,0,0,1,0,1
http://secure-bank.gov,22,1,0,0,1,0,1
http://login-bank.org,21,1,0,1,0,0,0
http://www-portal.co,20,1,0,1,0,0,0
http://verify-service.org,25,1,0,0,0,0,0
http://verify-amazon.org,24,1,0,0,1,0,1
http://login-shop.org,21,1,0,0,0,0,0
http://online-bracbank.co,25,1,0,0,1,0,1
http://verify-service.io,24,1,0,0,1,0,1
http://www-portal.com,21,1,0,0,0,0,0
http://verify-bank.net,22,1,0,0,1,0,1
http://update-banglalink.gov,28,1,0,0,1,0,1
http://update-site.io,21,1,0,1,0,0,0
http://online-update.io,23,1,0,0,1,0,1
http://verify-portal.com,24,1,0,0,0,0,0
http://update-service.net,25,1,0,1,0,0,0
http://verify-paypal.org,24,1,0,0,1,0,1
http://verify-site.net,22,1,0,0,0,0,0
http://secure-service.gov,25,1,0,0,1,0,1
http://update-service.gov,25,1,0,1,0,0,0
http://online-paypal.gov,24,1,0,0,1,0,1
http://verify-site.com,22,1,0,1,0,0,0
http://update-secure.net,24,1,0,0,1,0,1
http://login-bank.gov,21,1,0,0,1,0,1
http://www-bank.net,19,1,0,0,0,0,0
http://online-service.io,24,1,0,0,1,0,1
http://login-login.co,21,1,0,0,1,0,1
http://online-shop.org,22,1,0,0,0,0,0
http://secure-update.co,23,1,0,0,1,0,1
http://secure-service.com,25,1,0,0,1,0,1
http://online-secure.gov,24,1,0,0,1,0,1
http://secure-amazon.net,24,1,0,0,1,0,1
http://secure-service.gov,25,1,0,1,0,0,0
http://www-service.io,21,1,0,0,1,0,1
http://www-secure.com,21,1,0,0,1,0,1
http://verify-bracbank.com,26,1,0,0,1,0,1
http://update-portal.org,24,1,0,1,0,0,0
http://online-secure.com,24,1,0,0,1,0,1
http://www-amazon.net,21,1,0,0,1,0,1
http://secure-site.net,22,1,0,1,0,0,0
http://online-banglalink.net,28,1,0,0,1,0,1
http://www-site.gov,19,1,0,1,0,0,0
http://login-bank.gov,21,1,0,0,1,0,1
http://www-login.io,19,1,0,0,1,0,1
http://update-amazon.co,23,1,0,0,1,0,1
http://login-bank.com,21,1,0,0,0,0,0
http://online-update.com,24,1,0,0,1,0,1
http://verify-shop.org,22,1,0,1,0,0,0
http://www-site.co,18,1,0,1,0,0,0
http://secure-secure.co,23,1,0,0,1,0,1
http://online-service.net,25,1,0,0,1,0,1
http://www-update.co,20,1,0,0,1,0,1
http://online-bank.io,21,1,0,0,0,0,0
http://www-banglalink.net,25,1,0,0,1,0,1
http://www-ebl.io,17,1,0,0,1,0,1
http://verify-bracbank.net,26,1,0,0,1,0,1
http://secure-bracbank.org,26,1,0,0,1,0,1
http://verify-bracbank.gov,26,1,0,0,1,0,1
http://verify-portal.co,23,1,0,0,0,0,0
http://online-site.io,21,1,0,0,0,0,0
http://online-paypal.com,24,1,0,0,1,0,1
http://verify-shop.com,22,1,0,1,0,0,0
http://update-service.gov,25,1,0,0,1,0,1
http://secure-paypal.co,23,1,0,0,1,0,1
http://login-ebl.net,20,1,0,0,1,0,1
http://update-portal.com,24,1,0,0,0,0,0
http://update-bank.co,21,1,0,1,0,0,0
http://online-shop.co,21,1,0,1,0,0,0
http://verify-portal.com,24,1,0,0,0,0,0
http://www-shop.gov,19,1,0,0,0,0,0
http://update-bracbank.io,25,1,0,0,1,0,1
http://update-site.gov,22,1,0,0,0,0,0
http://verify-service.gov,25,1,0,1,0,0,0
http://login-paypal.net,23,1,0,0,1,0,1
http://update-service.net,25,1,0,0,0,0,0
http://login-secure.org,23,1,0,0,1,0,1
http://login-shop.com,21,1,0,1,0,0,0
http://login-paypal.com,23,1,0,0,1,0,1
http://login-bank.co,20,1,0,1,0,0,0
http://www-shop.io,18,1,0,0,0,0,0
http://update-bank.net,22,1,0,0,0,0,0
http://login-service.com,24,1,0,0,1,0,1
http://update-portal.co,23,1,0,0,0,0,0
http://secure-shop.io,21,1,0,0,0,0,0
http://www-service.gov,22,1,0,0,1,0,1
http://login-update.org,23,1,0,0,1,0,1
http://secure-bank.co,21,1,0,1,0,0,0
http://update-bank.co,21,1,0,0,1,0,1
http://secure-portal.io,23,1,0,0,0,0,0
http://verify-service.io,24,1,0,0,1,0,1
http://verify-update.org,24,1,0,0,1,0,1
http://verify-portal.net,24,1,0,0,0,0,0
http://www-portal.co,20,1,0,0,0,0,0
http://secure-site.org,22,1,0,0,0,0,0
http://verify-bracbank.gov,26,1,0,0,1,0,1
http://www-portal.co,20,1,0,0,0,0,0
http://login-service.gov,24,1,0,1,0,0,0
http://verify-site.gov,22,1,0,0,0,0,0
http://secure-service.io,24,1,0,0,0,0,0
http://verify-banglalink.net,28,1,0,0,1,0,1
http://verify-banglalink.net,28,1,0,0,1,0,1
http://login-bank.com,21,1,0,0,0,0,0
http://verify-bracbank.co,25,1,0,0,1,0,1
http://secure-portal.com,24,1,0,1,0,0,0
http://online-bank.com,22,1,0,0,1,0,1
http://login-bank.org,21,1,0,0,1,0,1
http://www-site.com,19,1,0,0,0,0,0
http://secure-shop.org,22,1,0,1,0,0,0
http://verify-secure.net,24,1,0,0,1,0,1
http://secure-shop.io,21,1,0,0,0,0,0
http://verify-secure.com,24,1,0,0,1,0,1
http://login-site.io,20,1,0,1,0,0,0
http://secure-shop.org,22,1,0,0,0,0,0
http://login-site.io,20,1,0,1,0,0,0
http://online-login.gov,23,1,0,0,1,0,1
http://online-portal.gov,24,1,0,0,0,0,0
http://verify-service.com,25,1,0,1,0,0,0
http://login-secure.io,22,1,0,0,1,0,1
http://online-portal.gov,24,1,0,0,0,0,0
http://secure-shop.co,21,1,0,1,0,0,0
http://login-bank.net,21,1,0,0,1,0,1
http://secure-shop.com,22,1,0,0,0,0,0
http://login-service.gov,24,1,0,0,0,0,0
http://verify-login.net,23,1,0,0,1,0,1
http://update-shop.com,22,1,0,1,0,0,0
http://login-site.com,21,1,0,1,0,0,0
http://login-secure.io,22,1,0,0,1,0,1
http://secure-amazon.org,24,1,0,0,1,0,1
http://update-shop.org,22,1,0,0,0,0,0
http://verify-bracbank.net,26,1,0,0,1,0,1
http://online-bank.net,22,1,0,0,1,0,1
http://login-paypal.co,22,1,0,0,1,0,1
http://login-update.net,23,1,0,0,1,0,1
http://login-shop.net,21,1,0,0,0,0,0
http://secure-paypal.co,23,1,0,0,1,0,1
http://update-service.gov,25,1,0,0,1,0,1
http://verify-bank.org,22,1,0,0,1,0,1
http://online-shop.net,22,1,0,1,0,0,0
http://verify-secure.org,24,1,0,0,1,0,1
http://login-site.org,21,1,0,1,0,0,0
http://www-portal.co,20,1,0,0,0,0,0
http://update-bank.com,22,1,0,1,0,0,0
http://update-service.net,25,1,0,0,0,0,0
http://update-shop.org,22,1,0,0,0,0,0
http://update-banglalink.org,28,1,0,0,1,0,1
http://www-secure.io,20,1,0,0,1,0,1
http://login-portal.gov,23,1,0,0,0,0,0
http://verify-service.io,24,1,0,0,0,0,0
http://update-amazon.gov,24,1,0,0,1,0,1
http://online-shop.gov,22,1,0,0,0,0,0
http://www-bank.com,19,1,0,0,0,0,0
http://secure-login.gov,23,1,0,0,1,0,1
http://online-secure.net,24,1,0,0,1,0,1
http://online-update.org,24,1,0,0,1,0,1
http://online-shop.io,21,1,0,1,0,0,0
http://update-bank.org,22,1,0,0,1,0,1
http://update-portal.io,23,1,0,1,0,0,0
http://www-service.org,22,1,0,0,1,0,1
http://verify-banglalink.com,28,1,0,0,1,0,1
http://verify-portal.net,24,1,0,1,0,0,0
http://secure-portal.gov,24,1,0,0,0,0,0
http://login-banglalink.gov,27,1,0,0,1,0,1
http://online-ebl.gov,21,1,0,0,1,0,1
http://secure-service.io,24,1,0,0,1,0,1
http://login-portal.gov,23,1,0,0,0,0,0
http://login-portal.io,22,1,0,1,0,0,0
http://update-bank.gov,22,1,0,0,0,0,0
http://update-bank.io,21,1,0,0,0,0,0
http://www-banglalink.org,25,1,0,0,1,0,1
http://login-banglalink.gov,27,1,0,0,1,0,1
http://update-shop.gov,22,1,0,0,0,0,0
http://secure-service.io,24,1,0,0,0,0,0
http://update-service.net,25,1,0,0,1,0,1
http://verify-portal.net,24,1,0,0,0,0,0
http://verify-service.io,24,1,0,0,1,0,1
http://www-site.co,18,1,0,0,0,0,0
http://online-site.com,22,1,0,0,0,0,0
http://login-secure.net,23,1,0,0,1,0,1
http://verify-portal.org,24,1,0,1,0,0,0
http://secure-bracbank.com,26,1,0,0,1,0,1
http://online-paypal.io,23,1,0,0,1,0,1
http://login-secure.net,23,1,0,0,1,0,1
http://update-amazon.com,24,1,0,0,1,0,1
http://verify-portal.org,24,1,0,0,0,0,0
http://update-amazon.gov,24,1,0,0,1,0,1
http://login-secure.com,23,1,0,0,1,0,1
http://login-ebl.co,19,1,0,0,1,0,1
http://www-shop.net,19,1,0,1,0,0,0
http://verify-service.gov,25,1,0,0,1,0,1
http://update-shop.com,22,1,0,0,0,0,0
http://secure-bank.io,21,1,0,0,1,0,1
http://online-shop.io,21,1,0,1,0,0,0
http://login-site.gov,21,1,0,1,0,0,0
http://update-service.gov,25,1,0,0,1,0,1
http://login-portal.org,23,1,0,0,0,0,0
http://update-amazon.co,23,1,0,0,1,0,1
http://verify-service.gov,25,1,0,0,1,0,1
http://verify-amazon.org,24,1,0,0,1,0,1
http://secure-secure.io,23,1,0,0,1,0,1
http://www-service.gov,22,1,0,0,0,0,0
http://online-update.org,24,1,0,0,1,0,1
http://login-bank.org,21,1,0,0,1,0,1
http://secure-ebl.org,21,1,0,0,1,0,1
http://www-site.gov,19,1,0,0,0,0,0
http://secure-portal.com,24,1,0,0,0,0,0
http://login-banglalink.gov,27,1,0,0,1,0,1
http://verify-paypal.gov,24,1,0,0,1,0,1
http://online-ebl.io,20,1,0,0,1,0,1
http://secure-ebl.net,21,1,0,0,1,0,1
http://www-portal.gov,21,1,0,0,0,0,0
http://login-update.org,23,1,0,0,1,0,1
http://www-service.gov,22,1,0,0,0,0,0
http://verify-site.org,22,1,0,0,0,0,0
http://verify-portal.gov,24,1,0,0,0,0,0
http://login-paypal.io,22,1,0,0,1,0,1
http://update-site.co,21,1,0,0,0,0,0
http://www-update.org,21,1,0,0,1,0,1
http://update-portal.org,24,1,0,0,0,0,0
http://www-service.org,22,1,0,1,0,0,0
http://secure-bracbank.net,26,1,0,0,1,0,1
http://secure-amazon.gov,24,1,0,0,1,0,1
http://verify-site.net,22,1,0,0,0,0,0
http://www-service.com,22,1,0,0,0,0,0
http://login-paypal.gov,23,1,0,0,1,0,1
http://update-bank.io,21,1,0,0,1,0,1
http://login-service.org,24,1,0,0,1,0,1
http://secure-ebl.net,21,1,0,0,1,0,1
http://secure-service.io,24,1,0,0,1,0,1
http://online-bank.io,21,1,0,0,0,0,0
http://secure-portal.org,24,1,0,0,0,0,0
http://login-site.gov,21,1,0,1,0,0,0
http://secure-service.gov,25,1,0,1,0,0,0
http://online-service.com,25,1,0,1,0,0,0
http://login-site.co,20,1,0,1,0,0,0
http://verify-update.net,24,1,0,0,1,0,1
http://online-portal.io,23,1,0,0,0,0,0
http://secure-banglalink.gov,28,1,0,0,1,0,1
http://update-portal.gov,24,1,0,0,0,0,0
http://update-bank.co,21,1,0,0,1,0,1
http://login-paypal.net,23,1,0,0,1,0,1
http://secure-service.gov,25,1,0,0,1,0,1
http://secure-shop.org,22,1,0,1,0,0,0
http://www-shop.com,19,1,0,1,0,0,0
http://update-shop.com,22,1,0,1,0,0,0
http://update-site.io,21,1,0,1,0,0,0
http://update-bank.co,21,1,0,0,0,0,0
http://update-ebl.gov,21,1,0,0,1,0,1
http://login-bank.net,21,1,0,1,0,0,0
http://secure-portal.com,24,1,0,1,0,0,0
http://secure-secure.co,23,1,0,0,1,0,1
http://online-amazon.org,24,1,0,0,1,0,1
http://verify-bracbank.io,25,1,0,0,1,0,1
http://update-paypal.org,24,1,0,0,1,0,1
http://secure-site.gov,22,1,0,1,0,0,0
http://online-shop.net,22,1,0,1,0,0,0
http://online-bank.io,21,1,0,1,0,0,0
http://online-service.net,25,1,0,0,1,0,1
http://secure-update.org,24,1,0,0,1,0,1
http://online-bank.com,22,1,0,1,0,0,0
http://secure-portal.gov,24,1,0,1,0,0,0
http://www-service.com,22,1,0,0,1,0,1
http://update-paypal.org,24,1,0,0,1,0,1
http://www-service.org,22,1,0,1,0,0,0
http://secure-bank.com,22,1,0,0,0,0,0
http://update-shop.gov,22,1,0,0,0,0,0
http://secure-login.com,23,1,0,0,1,0,1
http://update-service.org,25,1,0,0,1,0,1
http://login-bank.gov,21,1,0,0,1,0,1
http://online-ebl.co,20,1,0,0,1,0,1
http://www-shop.net,19,1,0,0,0,0,0
http://login-portal.org,23,1,0,1,0,0,0
http://update-bank.org,22,1,0,1,0,0,0
http://login-shop.com,21,1,0,1,0,0,0
http://verify-shop.gov,22,1,0,0,0,0,0
http://secure-update.gov,24,1,0,0,1,0,1
http://login-site.co,20,1,0,1,0,0,0
http://secure-login.com,23,1,0,0,1,0,1
http://secure-bracbank.org,26,1,0,0,1,0,1
http://login-portal.gov,23,1,0,0,0,0,0
http://www-login.io,19,1,0,0,1,0,1
http://www-site.gov,19,1,0,1,0,0,0
http://www-paypal.co,20,1,0,0,1,0,1
http://online-secure.com,24,1,0,0,1,0,1
http://verify-ebl.io,20,1,0,0,1,0,1
http://verify-login.co,22,1,0,0,1,0,1
http://secure-site.io,21,1,0,1,0,0,0
http://online-portal.io,23,1,0,1,0,0,0
http://update-shop.net,22,1,0,1,0,0,0
http://secure-secure.org,24,1,0,0,1,0,1
http://update-login.gov,23,1,0,0,1,0,1
http://www-service.org,22,1,0,0,0,0,0
http://update-bank.org,22,1,0,0,0,0,0
http://secure-shop.co,21,1,0,1,0,0,0
http://www-portal.org,21,1,0,1,0,0,0
http://online-site.io,21,1,0,1,0,0,0
http://login-portal.io,22,1,0,1,0,0,0
http://secure-bank.gov,22,1,0,1,0,0,0
http://secure-paypal.com,24,1,0,0,1,0,1
http://secure-portal.org,24,1,0,1,0,0,0
http://www-bracbank.co,22,1,0,0,1,0,1
http://www-service.org,22,1,0,0,0,0,0
http://secure-bracbank.net,26,1,0,0,1,0,1
http://www-banglalink.io,24,1,0,0,1,0,1
http://www-ebl.net,18,1,0,0,1,0,1
http://online-bank.com,22,1,0,1,0,0,0
http://secure-shop.co,21,1,0,0,0,0,0
http://login-update.co,22,1,0,0,1,0,1
http://secure-bank.net,22,1,0,1,0,0,0
http://login-login.gov,22,1,0,0,1,0,1
http://secure-site.co,21,1,0,0,0,0,0
http://update-service.com,25,1,0,0,1,0,1
http://www-shop.com,19,1,0,0,0,0,0
http://online-shop.net,22,1,0,1,0,0,0
http://www-shop.gov,19,1,0,0,0,0,0
http://online-bank.io,21,1,0,0,1,0,1
http://verify-login.net,23,1,0,0,1,0,1
http://secure-amazon.com,24,1,0,0,1,0,1
http://login-site.net,21,1,0,1,0,0,0
http://online-shop.io,21,1,0,0,0,0,0
http://www-banglalink.net,25,1,0,0,1,0,1
http://update-login.gov,23,1,0,0,1,0,1
http://update-bank.org,22,1,0,0,1,0,1
http://secure-portal.co,23,1,0,1,0,0,0
http://secure-portal.gov,24,1,0,0,0,0,0
http://online-bank.org,22,1,0,1,0,0,0
http://update-service.co,24,1,0,0,0,0,0
http://verify-secure.io,23,1,0,0,1,0,1
http://verify-service.co,24,1,0,1,0,0,0
http://update-shop.com,22,1,0,1,0,0,0
http://online-service.co,24,1,0,0,1,0,1
http://verify-shop.io,21,1,0,0,0,0,0
http://update-update.co,23,1,0,0,1,0,1
http://login-portal.io,22,1,0,0,0,0,0
http://online-bank.net,22,1,0,0,1,0,1
http://www-service.co,21,1,0,1,0,0,0
http://login-service.co,23,1,0,1,0,0,0
http://update-update.net,24,1,0,0,1,0,1
http://secure-service.gov,25,1,0,0,1,0,1
http://verify-shop.net,22,1,0,0,0,0,0
http://update-shop.gov,22,1,0,0,0,0,0
http://online-bank.co,21,1,0,1,0,0,0
http://www-ebl.net,18,1,0,0,1,0,1
http://update-bracbank.net,26,1,0,0,1,0,1
http://www-banglalink.net,25,1,0,0,1,0,1
http://www-site.io,18,1,0,0,0,0,0
http://secure-portal.gov,24,1,0,1,0,0,0
http://update-amazon.co,23,1,0,0,1,0,1
http://update-service.gov,25,1,0,0,0,0,0
http://update-shop.gov,22,1,0,1,0,0,0
http://online-update.co,23,1,0,0,1,0,1
http://secure-service.io,24,1,0,1,0,0,0
http://secure-service.io,24,1,0,1,0,0,0
http://secure-amazon.net,24,1,0,0,1,0,1
http://login-ebl.net,20,1,0,0,1,0,1
http://secure-portal.org,24,1,0,0,0,0,0
http://verify-shop.io,21,1,0,0,0,0,0
http://login-service.org,24,1,0,0,1,0,1
http://verify-bank.org,22,1,0,1,0,0,0
http://login-secure.org,23,1,0,0,1,0,1
http://online-service.co,24,1,0,0,0,0,0
http://update-login.org,23,1,0,0,1,0,1
http://verify-portal.io,23,1,0,0,0,0,0
http://www-portal.org,21,1,0,1,0,0,0
http://www-banglalink.net,25,1,0,0,1,0,1
http://login-bank.org,21,1,0,0,0,0,0
http://verify-service.org,25,1,0,1,0,0,0
http://www-ebl.net,18,1,0,0,1,0,1
http://verify-bank.gov,22,1,0,0,1,0,1
http://secure-shop.net,22,1,0,0,0,0,0
http://verify-service.com,25,1,0,0,1,0,1
http://online-service.gov,25,1,0,0,0,0,0
http://www-shop.net,19,1,0,1,0,0,0
http://verify-bracbank.co,25,1,0,0,1,0,1
http://verify-bank.gov,22,1,0,0,0,0,0
http://www-service.co,21,1,0,1,0,0,0
http://login-portal.io,22,1,0,0,0,0,0
http://www-service.org,22,1,0,0,1,0,1
http://www-bank.co,18,1,0,0,1,0,1
http://www-amazon.org,21,1,0,0,1,0,1
http://login-service.gov,24,1,0,0,1,0,1
http://online-login.io,22,1,0,0,1,0,1
http://www-service.gov,22,1,0,0,0,0,0
http://www-site.com,19,1,0,1,0,0,0
http://update-site.gov,22,1,0,1,0,0,0
http://secure-bank.io,21,1,0,1,0,0,0
http://login-ebl.io,19,1,0,0,1,0,1
http://update-amazon.org,24,1,0,0,1,0,1
http://update-paypal.com,24,1,0,0,1,0,1
http://login-secure.io,22,1,0,0,1,0,1
http://login-amazon.net,23,1,0,0,1,0,1
http://login-service.com,24,1,0,0,0,0,0
http://update-ebl.gov,21,1,0,0,1,0,1
http://online-shop.net,22,1,0,1,0,0,0
http://login-login.io,21,1,0,0,1,0,1
http://secure-portal.org,24,1,0,0,0,0,0
http://www-service.io,21,1,0,1,0,0,0
http://verify-amazon.org,24,1,0,0,1,0,1
http://online-update.gov,24,1,0,0,1,0,1
http://secure-banglalink.io,27,1,0,0,1,0,1
http://verify-site.org,22,1,0,0,0,0,0
http://update-service.org,25,1,0,1,0,0,0
http://verify-bank.co,21,1,0,0,1,0,1
http://secure-banglalink.org,28,1,0,0,1,0,1
http://update-bank.io,21,1,0,1,0,0,0
http://update-paypal.io,23,1,0,0,1,0,1
http://www-login.net,20,1,0,0,1,0,1
http://update-secure.net,24,1,0,0,1,0,1
http://www-bank.co,18,1,0,0,0,0,0
http://update-shop.net,22,1,0,0,0,0,0
http://www-amazon.co,20,1,0,0,1,0,1
http://update-shop.gov,22,1,0,1,0,0,0
http://login-bank.gov,21,1,0,0,1,0,1
http://www-amazon.io,20,1,0,0,1,0,1
http://online-portal.org,24,1,0,0,0,0,0
http://online-shop.io,21,1,0,0,0,0,0
http://online-site.net,22,1,0,0,0,0,0
http://verify-ebl.co,20,1,0,0,1,0,1
http://verify-shop.io,21,1,0,0,0,0,0
http://verify-portal.co,23,1,0,0,0,0,0
http://www-site.co,18,1,0,1,0,0,0
http://online-bank.gov,22,1,0,1,0,0,0
http://secure-login.org,23,1,0,0,1,0,1
http://verify-portal.io,23,1,0,1,0,0,0
http://verify-site.org,22,1,0,0,0,0,0
http://verify-bank.co,21,1,0,0,1,0,1
http://verify-shop.org,22,1,0,0,0,0,0
http://verify-update.gov,24,1,0,0,1,0,1
http://update-paypal.com,24,1,0,0,1,0,1
http://login-paypal.io,22,1,0,0,1,0,1
http://www-paypal.com,21,1,0,0,1,0,1
http://www-shop.gov,19,1,0,0,0,0,0
http://login-site.io,20,1,0,0,0,0,0
http://secure-portal.org,24,1,0,0,0,0,0
http://www-bank.io,18,1,0,1,0,0,0
http://www-login.io,19,1,0,0,1,0,1
http://login-update.com,23,1,0,0,1,0,1
http://verify-shop.co,21,1,0,1,0,0,0
http://login-secure.com,23,1,0,0,1,0,1
http://secure-shop.io,21,1,0,0,0,0,0
http://secure-bank.org,22,1,0,0,0,0,0
http://login-site.io,20,1,0,1,0,0,0
http://login-portal.gov,23,1,0,0,0,0,0
http://online-secure.gov,24,1,0,0,1,0,1
http://login-shop.co,20,1,0,1,0,0,0
http://login-site.org,21,1,0,0,0,0,0
http://www-site.gov,19,1,0,0,0,0,0
http://login-shop.net,21,1,0,1,0,0,0
http://secure-amazon.com,24,1,0,0,1,0,1
http://verify-banglalink.co,27,1,0,0,1,0,1
http://online-service.io,24,1,0,1,0,0,0
http://login-ebl.co,19,1,0,0,1,0,1
http://login-amazon.io,22,1,0,0,1,0,1
http://update-bank.com,22,1,0,1,0,0,0
http://online-bank.io,21,1,0,0,1,0,1
http://update-portal.io,23,1,0,0,0,0,0
http://update-secure.gov,24,1,0,0,1,0,1
http://update-site.co,21,1,0,0,0,0,0
http://www-update.net,21,1,0,0,1,0,1
http://www-banglalink.com,25,1,0,0,1,0,1
http://update-service.com,25,1,0,0,1,0,1
http://update-service.gov,25,1,0,0,1,0,1
http://online-shop.io,21,1,0,0,0,0,0
http://www-bank.co,18,1,0,1,0,0,0
http://login-shop.co,20,1,0,0,0,0,0
http://update-bracbank.co,25,1,0,0,1,0,1
http://update-ebl.com,21,1,0,0,1,0,1
http://login-site.io,20,1,0,1,0,0,0
http://login-banglalink.co,26,1,0,0,1,0,1
http://verify-service.gov,25,1,0,0,1,0,1
http://www-update.co,20,1,0,0,1,0,1
http://www-portal.io,20,1,0,0,0,0,0
http://verify-service.co,24,1,0,1,0,0,0
http://update-update.io,23,1,0,0,1,0,1
http://login-ebl.io,19,1,0,0,1,0,1
http://update-site.co,21,1,0,0,0,0,0
http://update-bank.org,22,1,0,0,1,0,1
http://www-amazon.org,21,1,0,0,1,0,1
http://secure-service.com,25,1,0,0,1,0,1
http://update-portal.org,24,1,0,0,0,0,0
http://login-portal.net,23,1,0,1,0,0,0
http://www-update.co,20,1,0,0,1,0,1
http://update-shop.com,22,1,0,0,0,0,0
http://www-secure.co,20,1,0,0,1,0,1
http://secure-amazon.co,23,1,0,0,1,0,1
http://update-ebl.co,20,1,0,0,1,0,1
http://secure-paypal.org,24,1,0,0,1,0,1
http://secure-banglalink.com,28,1,0,0,1,0,1
http://login-banglalink.com,27,1,0,0,1,0,1
http://login-update.co,22,1,0,0,1,0,1
http://secure-amazon.io,23,1,0,0,1,0,1
http://update-service.io,24,1,0,1,0,0,0
http://www-amazon.gov,21,1,0,0,1,0,1
http://www-service.co,21,1,0,1,0,0,0
http://login-bank.org,21,1,0,0,0,0,0
http://www-portal.gov,21,1,0,1,0,0,0
http://online-ebl.io,20,1,0,0,1,0,1
http://online-site.net,22,1,0,0,0,0,0
http://online-ebl.net,21,1,0,0,1,0,1
http://update-login.io,22,1,0,0,1,0,1
http://www-bank.org,19,1,0,0,0,0,0
http://secure-secure.org,24,1,0,0,1,0,1
http://secure-bracbank.io,25,1,0,0,1,0,1
http://update-service.io,24,1,0,0,0,0,0
http://online-bracbank.io,25,1,0,0,1,0,1
http://secure-portal.com,24,1,0,1,0,0,0
http://secure-login.net,23,1,0,0,1,0,1
http://login-site.com,21,1,0,0,0,0,0
http://update-shop.org,22,1,0,0,0,0,0
http://update-bank.co,21,1,0,1,0,0,0
http://www-login.gov,20,1,0,0,1,0,1
http://login-site.com,21,1,0,0,0,0,0
http://verify-banglalink.org,28,1,0,0,1,0,1
http://online-portal.io,23,1,0,1,0,0,0
http://online-site.co,21,1,0,1,0,0,0
http://login-service.org,24,1,0,0,0,0,0
http://online-ebl.co,20,1,0,0,1,0,1
http://update-service.net,25,1,0,0,1,0,1
http://www-update.net,21,1,0,0,1,0,1
http://secure-service.co,24,1,0,0,0,0,0
http://online-service.gov,25,1,0,0,1,0,1
http://verify-service.co,24,1,0,1,0,0,0
http://www-secure.co,20,1,0,0,1,0,1
http://secure-portal.co,23,1,0,0,0,0,0
http://login-banglalink.io,26,1,0,0,1,0,1
http://online-secure.com,24,1,0,0,1,0,1
http://update-bank.org,22,1,0,1,0,0,0
http://login-service.net,24,1,0,0,0,0,0
http://secure-service.gov,25,1,0,0,1,0,1
http://online-shop.net,22,1,0,1,0,0,0
http://login-bank.gov,21,1,0,1,0,0,0
http://www-site.org,19,1,0,1,0,0,0
http://login-ebl.gov,20,1,0,0,1,0,1
http://update-shop.com,22,1,0,1,0,0,0
http://online-bracbank.org,26,1,0,0,1,0,1
http://secure-banglalink.org,28,1,0,0,1,0,1
http://secure-site.io,21,1,0,0,0,0,0
http://www-portal.org,21,1,0,0,0,0,0
http://online-ebl.org,21,1,0,0,1,0,1
http://secure-paypal.gov,24,1,0,0,1,0,1
http://login-ebl.co,19,1,0,0,1,0,1
http://verify-service.gov,25,1,0,1,0,0,0
http://secure-paypal.co,23,1,0,0,1,0,1
http://www-bank.net,19,1,0,0,1,0,1
http://update-portal.org,24,1,0,0,0,0,0
http://login-paypal.com,23,1,0,0,1,0,1
http://www-ebl.io,17,1,0,0,1,0,1
http://verify-bank.com,22,1,0,0,0,0,0
http://update-service.co,24,1,0,0,1,0,1
http://www-portal.gov,21,1,0,1,0,0,0
http://online-service.net,25,1,0,0,0,0,0
http://secure-shop.co,21,1,0,0,0,0,0
http://www-shop.co,18,1,0,1,0,0,0
http://verify-shop.net,22,1,0,0,0,0,0
http://update-shop.io,21,1,0,1,0,0,0
http://secure-shop.com,22,1,0,1,0,0,0
http://www-service.io,21,1,0,0,0,0,0
http://update-banglalink.gov,28,1,0,0,1,0,1
http://secure-banglalink.org,28,1,0,0,1,0,1
http://update-shop.com,22,1,0,0,0,0,0
http://secure-amazon.com,24,1,0,0,1,0,1
http://verify-site.org,22,1,0,0,0,0,0
http://login-site.net,21,1,0,1,0,0,0
http://secure-portal.gov,24,1,0,1,0,0,0
http://update-service.io,24,1,0,0,1,0,1
http://www-site.com,19,1,0,1,0,0,0
http://online-bracbank.io,25,1,0,0,1,0,1
http://online-service.gov,25,1,0,1,0,0,0
http://update-amazon.net,24,1,0,0,1,0,1
http://secure-bracbank.org,26,1,0,0,1,0,1
http://secure-update.co,23,1,0,0,1,0,1
http://login-secure.io,22,1,0,0,1,0,1
http://login-bracbank.org,25,1,0,0,1,0,1
http://secure-update.net,24,1,0,0,1,0,1
http://secure-paypal.gov,24,1,0,0,1,0,1
http://login-bank.com,21,1,0,0,0,0,0
http://secure-login.co,22,1,0,0,1,0,1
http://www-paypal.co,20,1,0,0,1,0,1
http://login-site.com,21,1,0,0,0,0,0
http://www-service.co,21,1,0,0,0,0,0
http://online-bank.co,21,1,0,0,1,0,1
http://www-shop.co,18,1,0,1,0,0,0
http://secure-secure.net,24,1,0,0,1,0,1
http://online-amazon.gov,24,1,0,0,1,0,1
http://verify-portal.io,23,1,0,1,0,0,0
http://www-ebl.co,17,1,0,0,1,0,1
http://update-portal.org,24,1,0,1,0,0,0
http://www-ebl.com,18,1,0,0,1,0,1
http://secure-site.gov,22,1,0,1,0,0,0
http://login-site.org,21,1,0,0,0,0,0
http://secure-secure.co,23,1,0,0,1,0,1
http://secure-secure.co,23,1,0,0,1,0,1
http://online-bracbank.org,26,1,0,0,1,0,1
http://verify-site.net,22,1,0,0,0,0,0
http://login-service.com,24,1,0,0,0,0,0
http://secure-site.com,22,1,0,0,0,0,0
http://www-ebl.org,18,1,0,0,1,0,1
http://online-portal.io,23,1,0,0,0,0,0
http://secure-amazon.io,23,1,0,0,1,0,1
http://secure-portal.gov,24,1,0,0,0,0,0
http://www-portal.io,20,1,0,0,0,0,0
http://online-site.co,21,1,0,0,0,0,0
http://verify-bank.io,21,1,0,0,1,0,1
http://verify-bank.co,21,1,0,1,0,0,0
http://update-bracbank.org,26,1,0,0,1,0,1
http://update-banglalink.org,28,1,0,0,1,0,1
http://www-bank.co,18,1,0,0,0,0,0
http://login-portal.net,23,1,0,0,0,0,0
http://secure-shop.io,21,1,0,0,0,0,0
http://www-site.gov,19,1,0,1,0,0,0
http://secure-portal.io,23,1,0,1,0,0,0
http://update-bank.gov,22,1,0,0,0,0,0
http://update-secure.io,23,1,0,0,1,0,1
http://verify-portal.io,23,1,0,1,0,0,0
http://online-service.gov,25,1,0,1,0,0,0
http://online-service.org,25,1,0,1,0,0,0
http://www-service.co,21,1,0,1,0,0,0
http://online-login.net,23,1,0,0,1,0,1
http://www-secure.org,21,1,0,0,1,0,1
http://update-portal.co,23,1,0,0,0,0,0
http://verify-bank.gov,22,1,0,0,0,0,0
http://www-shop.com,19,1,0,1,0,0,0
http://update-paypal.co,23,1,0,0,1,0,1
http://login-paypal.co,22,1,0,0,1,0,1
http://login-secure.org,23,1,0,0,1,0,1
http://verify-shop.io,21,1,0,0,0,0,0
http://verify-shop.gov,22,1,0,1,0,0,0
http://secure-amazon.co,23,1,0,0,1,0,1
http://online-bank.co,21,1,0,0,1,0,1
http://online-bracbank.io,25,1,0,0,1,0,1
http://login-portal.com,23,1,0,1,0,0,0
http://login-ebl.co,19,1,0,0,1,0,1
http://verify-bracbank.org,26,1,0,0,1,0,1
http://online-portal.io,23,1,0,0,0,0,0
http://www-shop.gov,19,1,0,1,0,0,0
http://www-site.org,19,1,0,0,0,0,0
http://verify-site.io,21,1,0,0,0,0,0
http://online-ebl.net,21,1,0,0,1,0,1
http://login-bank.net,21,1,0,1,0,0,0
http://online-amazon.org,24,1,0,0,1,0,1
http://login-portal.com,23,1,0,0,0,0,0
http://www-service.gov,22,1,0,0,1,0,1
http://www-shop.co,18,1,0,1,0,0,0
http://verify-portal.net,24,1,0,0,0,0,0
http://online-portal.co,23,1,0,0,0,0,0
http://verify-bank.gov,22,1,0,0,0,0,0
http://online-amazon.co,23,1,0,0,1,0,1
http://online-update.com,24,1,0,0,1,0,1
http://update-secure.org,24,1,0,0,1,0,1
http://login-portal.gov,23,1,0,1,0,0,0
http://www-site.co,18,1,0,0,0,0,0
http://login-shop.net,21,1,0,1,0,0,0
http://update-banglalink.org,28,1,0,0,1,0,1
http://www-portal.org,21,1,0,0,0,0,0
http://www-amazon.org,21,1,0,0,1,0,1
http://verify-shop.net,22,1,0,1,0,0,0
http://online-shop.com,22,1,0,0,0,0,0
http://verify-bank.org,22,1,0,0,1,0,1
http://verify-login.com,23,1,0,0,1,0,1
http://update-portal.net,24,1,0,0,0,0,0
http://online-paypal.net,24,1,0,0,1,0,1
http://verify-amazon.gov,24,1,0,0,1,0,1
http://login-site.gov,21,1,0,1,0,0,0
http://login-bank.io,20,1,0,0,1,0,1
http://www-update.com,21,1,0,0,1,0,1
http://secure-site.net,22,1,0,0,0,0,0
http://www-paypal.org,21,1,0,0,1,0,1
http://online-banglalink.io,27,1,0,0,1,0,1
http://online-bracbank.net,26,1,0,0,1,0,1
http://online-bank.com,22,1,0,0,1,0,1
http://login-site.com,21,1,0,1,0,0,0
http://www-service.com,22,1,0,0,1,0,1
http://secure-paypal.co,23,1,0,0,1,0,1
http://verify-banglalink.co,27,1,0,0,1,0,1
http://www-bank.org,19,1,0,1,0,0,0
http://www-amazon.net,21,1,0,0,1,0,1
http://verify-banglalink.io,27,1,0,0,1,0,1
http://login-service.com,24,1,0,0,0,0,0
http://www-service.net,22,1,0,1,0,0,0
http://online-shop.net,22,1,0,1,0,0,0
http://verify-portal.co,23,1,0,1,0,0,0
http://login-site.org,21,1,0,0,0,0,0
http://www-ebl.gov,18,1,0,0,1,0,1
http://online-site.net,22,1,0,1,0,0,0
http://secure-bracbank.gov,26,1,0,0,1,0,1
http://login-bank.com,21,1,0,1,0,0,0
http://www-bank.io,18,1,0,1,0,0,0
http://online-portal.io,23,1,0,0,0,0,0
http://www-shop.co,18,1,0,1,0,0,0
http://secure-login.org,23,1,0,0,1,0,1
http://www-shop.net,19,1,0,0,0,0,0
http://login-shop.co,20,1,0,0,0,0,0
http://login-bank.io,20,1,0,0,0,0,0
http://online-site.gov,22,1,0,1,0,0,0
http://update-banglalink.gov,28,1,0,0,1,0,1
http://update-site.net,22,1,0,0,0,0,0
http://secure-update.io,23,1,0,0,1,0,1
http://update-service.org,25,1,0,0,1,0,1
http://secure-shop.gov,22,1,0,1,0,0,0
http://www-secure.gov,21,1,0,0,1,0,1
http://www-ebl.net,18,1,0,0,1,0,1
http://update-ebl.io,20,1,0,0,1,0,1
http://www-bracbank.org,23,1,0,0,1,0,1
http://update-site.net,22,1,0,0,0,0,0
http://www-bank.io,18,1,0,1,0,0,0
http://verify-site.co,21,1,0,1,0,0,0
http://update-shop.gov,22,1,0,0,0,0,0
http://verify-update.org,24,1,0,0,1,0,1
http://online-banglalink.net,28,1,0,0,1,0,1
http://verify-paypal.co,23,1,0,0,1,0,1
http://secure-portal.com,24,1,0,0,0,0,0
http://www-banglalink.io,24,1,0,0,1,0,1
http://www-bank.gov,19,1,0,0,1,0,1
http://www-bank.io,18,1,0,1,0,0,0
http://www-site.com,19,1,0,1,0,0,0
http://login-amazon.gov,23,1,0,0,1,0,1
http://online-bracbank.gov,26,1,0,0,1,0,1
http://secure-service.net,25,1,0,1,0,0,0
http://online-bank.com,22,1,0,1,0,0,0
http://update-secure.gov,24,1,0,0,1,0,1
http://secure-service.gov,25,1,0,0,1,0,1
http://www-site.io,18,1,0,0,0,0,0
http://verify-paypal.com,24,1,0,0,1,0,1
http://update-service.io,24,1,0,0,1,0,1
http://secure-bracbank.gov,26,1,0,0,1,0,1
http://login-bank.org,21,1,0,1,0,0,0
http://www-shop.net,19,1,0,1,0,0,0
http://www-shop.com,19,1,0,1,0,0,0
http://online-site.co,21,1,0,0,0,0,0
http://www-bank.com,19,1,0,0,1,0,1
http://secure-login.com,23,1,0,0,1,0,1
http://secure-site.io,21,1,0,0,0,0,0
http://www-service.io,21,1,0,1,0,0,0
http://www-portal.co,20,1,0,0,0,0,0
http://verify-shop.org,22,1,0,1,0,0,0
http://verify-bank.org,22,1,0,0,0,0,0
http://verify-portal.net,24,1,0,1,0,0,0
http://update-bank.com,22,1,0,0,0,0,0
http://secure-bank.net,22,1,0,0,0,0,0
http://login-site.net,21,1,0,1,0,0,0
http://verify-service.gov,25,1,0,1,0,0,0
http://www-portal.co,20,1,0,1,0,0,0
http://verify-shop.io,21,1,0,1,0,0,0
http://update-amazon.co,23,1,0,0,1,0,1
http://verify-bank.gov,22,1,0,1,0,0,0
http://login-service.com,24,1,0,0,1,0,1
http://verify-shop.gov,22,1,0,0,0,0,0
http://www-bracbank.co,22,1,0,0,1,0,1
http://login-site.io,20,1,0,1,0,0,0
http://www-bank.gov,19,1,0,0,0,0,0
http://online-portal.gov,24,1,0,0,0,0,0
http://www-ebl.com,18,1,0,0,1,0,1
http://secure-portal.gov,24,1,0,0,0,0,0
http://www-banglalink.io,24,1,0,0,1,0,1
http://login-service.gov,24,1,0,0,0,0,0
http://verify-service.com,25,1,0,1,0,0,0
http://verify-login.org,23,1,0,0,1,0,1
http://online-update.io,23,1,0,0,1,0,1
http://secure-bank.org,22,1,0,1,0,0,0
http://secure-secure.net,24,1,0,0,1,0,1
http://www-portal.com,21,1,0,0,0,0,0
http://online-paypal.org,24,1,0,0,1,0,1
http://verify-site.io,21,1,0,1,0,0,0
http://www-bank.co,18,1,0,1,0,0,0
http://login-secure.co,22,1,0,0,1,0,1
http://update-update.gov,24,1,0,0,1,0,1
http://online-site.net,22,1,0,1,0,0,0
http://secure-portal.co,23,1,0,1,0,0,0
http://verify-paypal.net,24,1,0,0,1,0,1
http://verify-service.gov,25,1,0,0,1,0,1
http://update-banglalink.co,27,1,0,0,1,0,1
http://online-secure.co,23,1,0,0,1,0,1
http://verify-site.net,22,1,0,1,0,0,0
http://secure-portal.co,23,1,0,0,0,0,0
http://login-banglalink.gov,27,1,0,0,1,0,1
http://login-banglalink.gov,27,1,0,0,1,0,1
http://update-ebl.gov,21,1,0,0,1,0,1
http://update-site.net,22,1,0,0,0,0,0
http://secure-banglalink.io,27,1,0,0,1,0,1
http://secure-bank.co,21,1,0,0,1,0,1
http://verify-shop.org,22,1,0,0,0,0,0
http://secure-ebl.co,20,1,0,0,1,0,1
http://www-bracbank.org,23,1,0,0,1,0,1
http://update-login.net,23,1,0,0,1,0,1
http://www-site.io,18,1,0,1,0,0,0
http://secure-site.com,22,1,0,0,0,0,0
http://www-bank.org,19,1,0,0,1,0,1
http://www-banglalink.com,25,1,0,0,1,0,1
http://login-site.gov,21,1,0,0,0,0,0
http://verify-portal.org,24,1,0,0,0,0,0
http://login-bank.org,21,1,0,0,1,0,1
http://www-site.com,19,1,0,1,0,0,0
http://online-secure.net,24,1,0,0,1,0,1
http://verify-service.org,25,1,0,0,0,0,0
http://verify-bank.io,21,1,0,1,0,0,0
http://login-site.net,21,1,0,0,0,0,0
http://www-site.com,19,1,0,1,0,0,0
http://update-site.net,22,1,0,1,0,0,0
http://secure-banglalink.com,28,1,0,0,1,0,1
http://update-login.io,22,1,0,0,1,0,1
http://online-service.net,25,1,0,1,0,0,0
http://online-paypal.com,24,1,0,0,1,0,1
http://secure-banglalink.co,27,1,0,0,1,0,1
http://update-portal.com,24,1,0,0,0,0,0
http://www-secure.com,21,1,0,0,1,0,1
http://update-service.org,25,1,0,0,0,0,0
http://update-bracbank.org,26,1,0,0,1,0,1
http://online-paypal.co,23,1,0,0,1,0,1
http://online-ebl.gov,21,1,0,0,1,0,1
http://online-service.com,25,1,0,0,1,0,1
http://secure-bank.gov,22,1,0,1,0,0,0
http://secure-amazon.com,24,1,0,0,1,0,1
http://www-secure.co,20,1,0,0,1,0,1
http://login-service.co,23,1,0,0,0,0,0
http://update-bank.gov,22,1,0,1,0,0,0
http://www-portal.co,20,1,0,0,0,0,0
http://verify-shop.org,22,1,0,0,0,0,0
http://www-secure.org,21,1,0,0,1,0,1
http://login-paypal.org,23,1,0,0,1,0,1
http://login-site.gov,21,1,0,0,0,0,0
http://secure-site.io,21,1,0,0,0,0,0
http://secure-bracbank.org,26,1,0,0,1,0,1
http://online-ebl.io,20,1,0,0,1,0,1
http://online-login.org,23,1,0,0,1,0,1
http://secure-portal.com,24,1,0,1,0,0,0
http://login-site.io,20,1,0,1,0,0,0
http://update-bank.io,21,1,0,0,0,0,0
http://update-site.net,22,1,0,0,0,0,0
http://verify-paypal.gov,24,1,0,0,1,0,1
http://secure-site.co,21,1,0,1,0,0,0
http://update-site.com,22,1,0,1,0,0,0
http://login-secure.io,22,1,0,0,1,0,1
http://update-portal.co,23,1,0,0,0,0,0
http://www-shop.com,19,1,0,1,0,0,0
http://login-banglalink.io,26,1,0,0,1,0,1
http://login-site.org,21,1,0,0,0,0,0
http://login-service.gov,24,1,0,0,1,0,1
http://secure-service.gov,25,1,0,0,0,0,0
http://online-login.net,23,1,0,0,1,0,1
http://update-login.io,22,1,0,0,1,0,1
http://verify-bank.io,21,1,0,1,0,0,0
http://login-update.gov,23,1,0,0,1,0,1
http://secure-service.net,25,1,0,0,1,0,1
http://login-service.com,24,1,0,0,1,0,1
http://online-site.net,22,1,0,0,0,0,0
http://online-service.io,24,1,0,0,1,0,1
http://verify-amazon.co,23,1,0,0,1,0,1
http://www-banglalink.com,25,1,0,0,1,0,1
http://online-banglalink.org,28,1,0,0,1,0,1
http://verify-site.co,21,1,0,0,0,0,0
http://online-amazon.com,24,1,0,0,1,0,1
http://update-service.net,25,1,0,0,1,0,1
http://www-paypal.gov,21,1,0,0,1,0,1
http://verify-bank.org,22,1,0,1,0,0,0
http://update-site.co,21,1,0,1,0,0,0
http://login-service.com,24,1,0,0,0,0,0
http://update-login.gov,23,1,0,0,1,0,1
http://login-update.gov,23,1,0,0,1,0,1
http://online-site.gov,22,1,0,1,0,0,0
http://online-service.net,25,1,0,0,1,0,1
http://www-bracbank.net,23,1,0,0,1,0,1
http://verify-amazon.gov,24,1,0,0,1,0,1
http://secure-bank.co,21,1,0,0,1,0,1
http://verify-service.org,25,1,0,0,1,0,1
http://online-amazon.net,24,1,0,0,1,0,1
http://online-ebl.net,21,1,0,0,1,0,1
http://www-update.co,20,1,0,0,1,0,1
http://online-bank.net,22,1,0,1,0,0,0
http://online-service.co,24,1,0,0,0,0,0
http://secure-amazon.net,24,1,0,0,1,0,1
http://www-login.com,20,1,0,0,1,0,1
http://www-banglalink.io,24,1,0,0,1,0,1
http://secure-service.org,25,1,0,0,0,0,0
http://www-bracbank.com,23,1,0,0,1,0,1
http://update-portal.com,24,1,0,0,0,0,0
http://www-bank.com,19,1,0,1,0,0,0
http://update-bank.org,22,1,0,1,0,0,0
http://login-service.co,23,1,0,0,1,0,1
http://online-portal.co,23,1,0,0,0,0,0
http://verify-service.org,25,1,0,0,0,0,0
http://update-site.io,21,1,0,1,0,0,0
http://online-service.org,25,1,0,1,0,0,0
http://login-ebl.net,20,1,0,0,1,0,1
http://verify-shop.net,22,1,0,1,0,0,0
http://update-update.co,23,1,0,0,1,0,1
http://update-bracbank.co,25,1,0,0,1,0,1
http://verify-update.gov,24,1,0,0,1,0,1
http://login-banglalink.org,27,1,0,0,1,0,1
http://verify-portal.net,24,1,0,0,0,0,0
http://login-bank.com,21,1,0,0,0,0,0
http://www-site.org,19,1,0,1,0,0,0
http://secure-shop.gov,22,1,0,1,0,0,0
http://secure-amazon.gov,24,1,0,0,1,0,1
http://www-shop.io,18,1,0,0,0,0,0
http://www-service.io,21,1,0,0,0,0,0
http://update-site.org,22,1,0,1,0,0,0
http://secure-bank.com,22,1,0,0,0,0,0
http://verify-paypal.co,23,1,0,0,1,0,1
http://secure-secure.co,23,1,0,0,1,0,1
http://verify-service.gov,25,1,0,0,1,0,1
http://www-portal.io,20,1,0,0,0,0,0
http://secure-service.org,25,1,0,0,1,0,1
http://secure-amazon.org,24,1,0,0,1,0,1
http://online-paypal.gov,24,1,0,0,1,0,1
http://secure-bank.net,22,1,0,0,1,0,1
http://update-paypal.co,23,1,0,0,1,0,1
http://secure-service.co,24,1,0,0,0,0,0
http://verify-paypal.co,23,1,0,0,1,0,1
http://login-update.org,23,1,0,0,1,0,1
http://update-update.org,24,1,0,0,1,0,1
http://secure-paypal.gov,24,1,0,0,1,0,1
http://secure-portal.gov,24,1,0,0,0,0,0
http://online-site.net,22,1,0,1,0,0,0
http://www-bank.org,19,1,0,0,0,0,0
http://update-ebl.co,20,1,0,0,1,0,1
http://www-amazon.io,20,1,0,0,1,0,1
http://verify-service.co,24,1,0,1,0,0,0
http://update-service.com,25,1,0,0,0,0,0
http://update-bank.org,22,1,0,0,1,0,1
http://www-service.io,21,1,0,0,1,0,1
http://www-login.io,19,1,0,0,1,0,1
http://update-login.io,22,1,0,0,1,0,1
http://login-site.io,20,1,0,0,0,0,0
http://online-bank.gov,22,1,0,0,0,0,0
http://login-site.co,20,1,0,0,0,0,0
http://verify-bank.co,21,1,0,1,0,0,0
http://update-service.io,24,1,0,0,1,0,1
http://online-secure.com,24,1,0,0,1,0,1
http://secure-secure.com,24,1,0,0,1,0,1
http://update-service.net,25,1,0,0,1,0,1
http://update-shop.co,21,1,0,0,0,0,0
http://update-bracbank.com,26,1,0,0,1,0,1
http://login-secure.org,23,1,0,0,1,0,1
http://login-bank.gov,21,1,0,0,1,0,1
http://login-site.net,21,1,0,0,0,0,0
http://update-portal.org,24,1,0,1,0,0,0
http://online-update.com,24,1,0,0,1,0,1
http://secure-bank.gov,22,1,0,0,0,0,0
http://secure-ebl.io,20,1,0,0,1,0,1
http://secure-site.org,22,1,0,1,0,0,0
http://online-ebl.io,20,1,0,0,1,0,1
http://online-shop.net,22,1,0,1,0,0,0
http://online-bank.com,22,1,0,0,0,0,0
http://login-paypal.io,22,1,0,0,1,0,1
http://login-paypal.co,22,1,0,0,1,0,1
http://login-service.org,24,1,0,1,0,0,0
http://secure-paypal.io,23,1,0,0,1,0,1
http://www-banglalink.com,25,1,0,0,1,0,1
http://login-service.co,23,1,0,0,1,0,1
http://verify-shop.org,22,1,0,1,0,0,0
http://update-shop.co,21,1,0,1,0,0,0
http://verify-portal.net,24,1,0,0,0,0,0
http://www-site.io,18,1,0,0,0,0,0
http://online-service.gov,25,1,0,1,0,0,0
http://verify-site.io,21,1,0,0,0,0,0
http://login-bracbank.co,24,1,0,0,1,0,1
http://secure-service.gov,25,1,0,0,1,0,1
http://www-bank.com,19,1,0,1,0,0,0
http://www-service.co,21,1,0,0,1,0,1
http://secure-bank.gov,22,1,0,0,0,0,0
http://update-banglalink.org,28,1,0,0,1,0,1
http://www-amazon.net,21,1,0,0,1,0,1
http://update-banglalink.net,28,1,0,0,1,0,1
http://www-site.io,18,1,0,1,0,0,0
http://verify-site.io,21,1,0,1,0,0,0
http://online-secure.co,23,1,0,0,1,0,1
http://login-banglalink.net,27,1,0,0,1,0,1
http://www-site.com,19,1,0,1,0,0,0
http://login-site.gov,21,1,0,0,0,0,0
http://update-bracbank.net,26,1,0,0,1,0,1
http://online-update.org,24,1,0,0,1,0,1
http://verify-ebl.net,21,1,0,0,1,0,1
http://login-banglalink.io,26,1,0,0,1,0,1
http://online-shop.net,22,1,0,0,0,0,0
http://login-service.co,23,1,0,1,0,0,0
http://www-ebl.co,17,1,0,0,1,0,1
http://login-service.com,24,1,0,1,0,0,0
http://verify-site.com,22,1,0,0,0,0,0
http://verify-service.gov,25,1,0,0,1,0,1
http://update-amazon.com,24,1,0,0,1,0,1
http://www-portal.co,20,1,0,0,0,0,0
http://update-bracbank.net,26,1,0,0,1,0,1
http://verify-bank.com,22,1,0,1,0,0,0
http://secure-bank.com,22,1,0,0,0,0,0
http://www-site.net,19,1,0,1,0,0,0
http://verify-portal.net,24,1,0,1,0,0,0
http://update-login.co,22,1,0,0,1,0,1
http://verify-update.net,24,1,0,0,1,0,1
http://verify-bank.org,22,1,0,1,0,0,0
http://www-secure.org,21,1,0,0,1,0,1
http://login-service.gov,24,1,0,0,0,0,0
http://login-paypal.com,23,1,0,0,1,0,1
http://login-shop.gov,21,1,0,0,0,0,0
http://update-ebl.io,20,1,0,0,1,0,1
http://update-portal.net,24,1,0,1,0,0,0
http://login-bank.net,21,1,0,0,0,0,0
http://online-shop.co,21,1,0,0,0,0,0
http://login-service.co,23,1,0,0,0,0,0
http://update-shop.com,22,1,0,1,0,0,0
http://secure-paypal.io,23,1,0,0,1,0,1
http://secure-bank.gov,22,1,0,0,0,0,0
http://secure-login.net,23,1,0,0,1,0,1
http://secure-portal.net,24,1,0,1,0,0,0
http://secure-portal.net,24,1,0,0,0,0,0
http://www-login.io,19,1,0,0,1,0,1
http://secure-bracbank.org,26,1,0,0,1,0,1
http://verify-ebl.gov,21,1,0,0,1,0,1
http://verify-site.org,22,1,0,0,0,0,0
http://update-portal.org,24,1,0,1,0,0,0
http://www-shop.org,19,1,0,0,0,0,0
http://www-update.org,21,1,0,0,1,0,1
http://www-amazon.co,20,1,0,0,1,0,1
http://secure-bank.net,22,1,0,1,0,0,0
http://login-banglalink.gov,27,1,0,0,1,0,1
http://verify-service.io,24,1,0,0,1,0,1
http://login-bracbank.net,25,1,0,0,1,0,1
http://verify-shop.co,21,1,0,0,0,0,0
http://online-paypal.gov,24,1,0,0,1,0,1
http://secure-site.com,22,1,0,1,0,0,0
http://secure-shop.co,21,1,0,1,0,0,0
http://verify-paypal.co,23,1,0,0,1,0,1
http://online-bank.net,22,1,0,0,0,0,0
http://secure-ebl.gov,21,1,0,0,1,0,1
http://login-bank.co,20,1,0,0,1,0,1
http://www-paypal.gov,21,1,0,0,1,0,1
http://verify-update.co,23,1,0,0,1,0,1
http://login-site.co,20,1,0,1,0,0,0
http://secure-service.gov,25,1,0,0,1,0,1
http://online-service.org,25,1,0,0,1,0,1
http://www-site.org,19,1,0,0,0,0,0
http://login-service.io,23,1,0,0,0,0,0
http://update-bank.net,22,1,0,0,1,0,1
http://online-portal.co,23,1,0,1,0,0,0
http://login-portal.com,23,1,0,1,0,0,0
http://update-shop.net,22,1,0,0,0,0,0
http://secure-portal.co,23,1,0,0,0,0,0
http://secure-bank.io,21,1,0,1,0,0,0
http://login-login.gov,22,1,0,0,1,0,1
http://www-portal.co,20,1,0,0,0,0,0
http://update-site.com,22,1,0,1,0,0,0
http://update-paypal.org,24,1,0,0,1,0,1
http://verify-ebl.gov,21,1,0,0,1,0,1
http://verify-bank.org,22,1,0,0,1,0,1
http://verify-ebl.io,20,1,0,0,1,0,1
http://www-bank.com,19,1,0,0,0,0,0
http://secure-shop.net,22,1,0,1,0,0,0
http://login-login.io,21,1,0,0,1,0,1
http://online-site.gov,22,1,0,0,0,0,0
http://online-ebl.com,21,1,0,0,1,0,1
http://secure-amazon.org,24,1,0,0,1,0,1
http://secure-portal.gov,24,1,0,0,0,0,0
http://login-service.io,23,1,0,1,0,0,0
http://login-service.com,24,1,0,1,0,0,0
http://verify-paypal.com,24,1,0,0,1,0,1
http://verify-service.io,24,1,0,1,0,0,0
http://login-secure.co,22,1,0,0,1,0,1
http://update-site.co,21,1,0,0,0,0,0
http://www-amazon.com,21,1,0,0,1,0,1
http://online-portal.gov,24,1,0,1,0,0,0
http://login-bracbank.net,25,1,0,0,1,0,1
http://login-service.io,23,1,0,1,0,0,0
http://www-service.net,22,1,0,0,0,0,0
http://secure-banglalink.io,27,1,0,0,1,0,1
http://login-update.com,23,1,0,0,1,0,1
http://login-bank.io,20,1,0,0,0,0,0
http://login-service.com,24,1,0,0,1,0,1
http://update-paypal.gov,24,1,0,0,1,0,1
http://www-service.org,22,1,0,0,1,0,1
http://secure-site.net,22,1,0,1,0,0,0
http://www-paypal.net,21,1,0,0,1,0,1
http://verify-service.net,25,1,0,0,0,0,0
http://www-amazon.gov,21,1,0,0,1,0,1
http://online-login.gov,23,1,0,0,1,0,1
http://login-update.net,23,1,0,0,1,0,1
http://www-banglalink.co,24,1,0,0,1,0,1
http://secure-paypal.gov,24,1,0,0,1,0,1
http://www-banglalink.gov,25,1,0,0,1,0,1
http://secure-portal.co,23,1,0,1,0,0,0
http://www-secure.net,21,1,0,0,1,0,1
http://update-amazon.co,23,1,0,0,1,0,1
http://verify-bank.gov,22,1,0,0,1,0,1
http://update-service.co,24,1,0,0,1,0,1
http://verify-amazon.net,24,1,0,0,1,0,1
http://secure-portal.org,24,1,0,0,0,0,0
http://update-banglalink.io,27,1,0,0,1,0,1
http://verify-amazon.gov,24,1,0,0,1,0,1
http://www-update.org,21,1,0,0,1,0,1
http://verify-login.gov,23,1,0,0,1,0,1
http://login-update.co,22,1,0,0,1,0,1
http://online-bank.io,21,1,0,0,1,0,1
http://online-shop.net,22,1,0,1,0,0,0
http://www-update.com,21,1,0,0,1,0,1
http://online-site.gov,22,1,0,0,0,0,0
http://secure-site.gov,22,1,0,0,0,0,0
http://www-bank.com,19,1,0,0,1,0,1
http://update-banglalink.gov,28,1,0,0,1,0,1
http://update-site.com,22,1,0,1,0,0,0
http://verify-bank.org,22,1,0,1,0,0,0
http://online-secure.net,24,1,0,0,1,0,1
http://online-paypal.org,24,1,0,0,1,0,1
http://login-bank.io,20,1,0,1,0,0,0
http://update-banglalink.com,28,1,0,0,1,0,1
http://login-bank.io,20,1,0,1,0,0,0
http://secure-update.net,24,1,0,0,1,0,1
http://secure-bank.io,21,1,0,0,0,0,0
http://online-paypal.gov,24,1,0,0,1,0,1
http://verify-service.io,24,1,0,0,1,0,1
http://verify-bank.io,21,1,0,0,0,0,0
http://online-login.org,23,1,0,0,1,0,1
http://update-paypal.co,23,1,0,0,1,0,1
http://login-bracbank.net,25,1,0,0,1,0,1
http://online-paypal.io,23,1,0,0,1,0,1
http://online-bank.gov,22,1,0,1,0,0,0
http://verify-service.co,24,1,0,0,1,0,1
http://login-service.org,24,1,0,0,1,0,1
http://verify-amazon.net,24,1,0,0,1,0,1
http://update-bank.io,21,1,0,0,1,0,1
http://update-shop.com,22,1,0,1,0,0,0
http://www-ebl.net,18,1,0,0,1,0,1
http://www-portal.com,21,1,0,0,0,0,0
http://www-amazon.co,20,1,0,0,1,0,1
http://secure-ebl.io,20,1,0,0,1,0,1
http://secure-amazon.com,24,1,0,0,1,0,1
http://login-shop.io,20,1,0,0,0,0,0
http://www-portal.io,20,1,0,1,0,0,0
http://www-shop.gov,19,1,0,1,0,0,0
http://update-secure.net,24,1,0,0,1,0,1
http://online-service.gov,25,1,0,1,0,0,0
http://online-ebl.net,21,1,0,0,1,0,1
http://login-service.com,24,1,0,1,0,0,0
http://verify-bank.com,22,1,0,0,1,0,1
http://www-ebl.io,17,1,0,0,1,0,1
http://update-banglalink.org,28,1,0,0,1,0,1
http://secure-service.gov,25,1,0,0,0,0,0
http://login-service.io,23,1,0,0,1,0,1
http://login-bank.co,20,1,0,0,0,0,0
http://secure-shop.org,22,1,0,0,0,0,0
http://login-shop.com,21,1,0,1,0,0,0
http://www-service.io,21,1,0,1,0,0,0
http://secure-ebl.org,21,1,0,0,1,0,1
http://www-banglalink.net,25,1,0,0,1,0,1
http://login-site.com,21,1,0,1,0,0,0
http://online-bracbank.net,26,1,0,0,1,0,1
http://www-bank.io,18,1,0,1,0,0,0
http://www-service.com,22,1,0,0,1,0,1
http://secure-login.gov,23,1,0,0,1,0,1
http://verify-site.net,22,1,0,0,0,0,0
http://login-secure.gov,23,1,0,0,1,0,1
http://www-amazon.com,21,1,0,0,1,0,1
http://www-service.io,21,1,0,1,0,0,0
http://secure-bank.org,22,1,0,0,1,0,1
http://verify-bracbank.org,26,1,0,0,1,0,1
http://online-update.com,24,1,0,0,1,0,1
http://www-service.org,22,1,0,0,1,0,1
http://secure-bracbank.io,25,1,0,0,1,0,1
http://secure-service.org,25,1,0,0,1,0,1
http://verify-portal.net,24,1,0,1,0,0,0
http://online-secure.gov,24,1,0,0,1,0,1
http://online-amazon.co,23,1,0,0,1,0,1
http://update-banglalink.gov,28,1,0,0,1,0,1
http://verify-portal.co,23,1,0,1,0,0,0
http://update-bank.io,21,1,0,0,1,0,1
http://www-bracbank.org,23,1,0,0,1,0,1
http://login-service.org,24,1,0,0,0,0,0
http://www-site.com,19,1,0,0,0,0,0
http://login-bank.co,20,1,0,0,1,0,1
http://login-ebl.com,20,1,0,0,1,0,1
http://verify-bank.gov,22,1,0,0,0,0,0
http://www-shop.com,19,1,0,0,0,0,0
http://login-site.com,21,1,0,0,0,0,0
http://secure-service.com,25,1,0,0,0,0,0
http://verify-service.com,25,1,0,0,0,0,0
http://update-update.com,24,1,0,0,1,0,1
http://www-bank.net,19,1,0,0,0,0,0
http://www-service.io,21,1,0,1,0,0,0
http://verify-bank.net,22,1,0,0,1,0,1
http://secure-service.org,25,1,0,1,0,0,0
http://update-secure.co,23,1,0,0,1,0,1
http://login-bank.com,21,1,0,0,0,0,0
http://verify-login.net,23,1,0,0,1,0,1
http://secure-bank.com,22,1,0,1,0,0,0
http://login-service.gov,24,1,0,1,0,0,0
http://update-site.co,21,1,0,0,0,0,0
http://www-shop.io,18,1,0,0,0,0,0
http://www-portal.net,21,1,0,1,0,0,0
http://secure-service.gov,25,1,0,0,0,0,0
http://login-service.io,23,1,0,0,1,0,1
http://update-portal.org,24,1,0,1,0,0,0
http://login-site.co,20,1,0,1,0,0,0
http://login-service.io,23,1,0,0,1,0,1
http://www-site.io,18,1,0,0,0,0,0
http://update-service.co,24,1,0,0,0,0,0
http://update-secure.io,23,1,0,0,1,0,1
http://secure-bank.com,22,1,0,0,0,0,0
http://login-amazon.net,23,1,0,0,1,0,1
http://update-login.io,22,1,0,0,1,0,1
http://secure-secure.gov,24,1,0,0,1,0,1
http://verify-ebl.net,21,1,0,0,1,0,1
http://login-service.co,23,1,0,1,0,0,0
http://login-site.gov,21,1,0,1,0,0,0
http://www-login.net,20,1,0,0,1,0,1
http://login-secure.org,23,1,0,0,1,0,1
http://secure-shop.io,21,1,0,1,0,0,0
http://secure-update.io,23,1,0,0,1,0,1
http://online-banglalink.org,28,1,0,0,1,0,1
http://www-secure.org,21,1,0,0,1,0,1
http://secure-bank.org,22,1,0,1,0,0,0
http://www-shop.gov,19,1,0,1,0,0,0
http://www-banglalink.gov,25,1,0,0,1,0,1
http://www-bracbank.io,22,1,0,0,1,0,1
http://login-site.org,21,1,0,1,0,0,0
http://secure-bank.co,21,1,0,1,0,0,0
http://online-service.gov,25,1,0,0,0,0,0
http://secure-site.com,22,1,0,0,0,0,0
http://login-amazon.org,23,1,0,0,1,0,1
http://secure-bank.com,22,1,0,0,1,0,1
http://verify-update.gov,24,1,0,0,1,0,1
http://verify-secure.gov,24,1,0,0,1,0,1
http://www-shop.io,18,1,0,1,0,0,0
http://login-service.net,24,1,0,0,1,0,1
http://verify-portal.net,24,1,0,1,0,0,0
http://www-bank.co,18,1,0,1,0,0,0
http://secure-shop.org,22,1,0,1,0,0,0
http://verify-bank.co,21,1,0,1,0,0,0
http://login-paypal.com,23,1,0,0,1,0,1
http://login-service.co,23,1,0,0,0,0,0
http://secure-shop.com,22,1,0,0,0,0,0
http://login-ebl.net,20,1,0,0,1,0,1
http://login-bank.io,20,1,0,0,0,0,0
http://verify-ebl.co,20,1,0,0,1,0,1
http://online-bracbank.com,26,1,0,0,1,0,1
http://secure-shop.org,22,1,0,1,0,0,0
http://www-service.org,22,1,0,0,1,0,1
http://login-amazon.io,22,1,0,0,1,0,1
http://update-site.co,21,1,0,0,0,0,0
http://online-amazon.org,24,1,0,0,1,0,1
http://www-bank.com,19,1,0,1,0,0,0
http://login-bank.net,21,1,0,0,1,0,1
http://secure-bank.com,22,1,0,1,0,0,0
http://www-banglalink.gov,25,1,0,0,1,0,1
http://login-shop.net,21,1,0,1,0,0,0
http://secure-shop.com,22,1,0,0,0,0,0
http://login-bank.net,21,1,0,1,0,0,0
http://update-ebl.co,20,1,0,0,1,0,1
http://login-bank.io,20,1,0,1,0,0,0
http://www-paypal.org,21,1,0,0,1,0,1
http://www-service.gov,22,1,0,0,0,0,0
http://update-bank.net,22,1,0,0,0,0,0
http://update-service.com,25,1,0,0,0,0,0
http://verify-shop.com,22,1,0,0,0,0,0
http://verify-amazon.co,23,1,0,0,1,0,1
http://login-secure.com,23,1,0,0,1,0,1
http://secure-login.gov,23,1,0,0,1,0,1
http://www-service.co,21,1,0,0,1,0,1
http://www-service.gov,22,1,0,1,0,0,0
http://www-banglalink.io,24,1,0,0,1,0,1
http://www-site.com,19,1,0,0,0,0,0
http://www-portal.co,20,1,0,1,0,0,0
http://verify-site.gov,22,1,0,1,0,0,0
http://verify-bank.gov,22,1,0,0,1,0,1
http://login-site.org,21,1,0,1,0,0,0
http://secure-secure.co,23,1,0,0,1,0,1
http://online-bank.io,21,1,0,0,0,0,0
http://www-service.io,21,1,0,0,1,0,1
http://secure-update.gov,24,1,0,0,1,0,1
http://www-amazon.net,21,1,0,0,1,0,1
http://update-ebl.gov,21,1,0,0,1,0,1
http://verify-service.com,25,1,0,1,0,0,0
http://update-service.gov,25,1,0,0,0,0,0
http://verify-portal.net,24,1,0,1,0,0,0
http://update-update.com,24,1,0,0,1,0,1
http://www-banglalink.com,25,1,0,0,1,0,1
http://login-bank.com,21,1,0,0,1,0,1
http://update-portal.net,24,1,0,1,0,0,0
http://www-bank.net,19,1,0,0,0,0,0
http://login-bank.gov,21,1,0,0,1,0,1
http://verify-ebl.com,21,1,0,0,1,0,1
http://online-service.co,24,1,0,0,0,0,0
http://online-site.gov,22,1,0,0,0,0,0
http://www-bank.co,18,1,0,0,0,0,0
http://www-ebl.org,18,1,0,0,1,0,1
http://secure-login.io,22,1,0,0,1,0,1
http://verify-bank.co,21,1,0,1,0,0,0
http://online-shop.net,22,1,0,1,0,0,0
http://www-bank.gov,19,1,0,0,0,0,0
http://update-paypal.com,24,1,0,0,1,0,1
http://update-service.io,24,1,0,0,0,0,0
http://login-site.co,20,1,0,0,0,0,0
http://secure-site.net,22,1,0,1,0,0,0
http://login-service.net,24,1,0,1,0,0,0
http://update-paypal.net,24,1,0,0,1,0,1
http://secure-shop.co,21,1,0,0,0,0,0
http://login-site.net,21,1,0,1,0,0,0
http://update-banglalink.gov,28,1,0,0,1,0,1
http://secure-service.net,25,1,0,0,0,0,0
http://www-ebl.net,18,1,0,0,1,0,1
http://www-shop.co,18,1,0,1,0,0,0
http://online-amazon.gov,24,1,0,0,1,0,1
http://verify-amazon.com,24,1,0,0,1,0,1
http://login-service.io,23,1,0,0,0,0,0
http://verify-login.gov,23,1,0,0,1,0,1
http://online-update.co,23,1,0,0,1,0,1
http://secure-amazon.net,24,1,0,0,1,0,1
http://secure-amazon.co,23,1,0,0,1,0,1
http://update-portal.io,23,1,0,1,0,0,0
http://login-login.co,21,1,0,0,1,0,1
http://update-ebl.net,21,1,0,0,1,0,1
http://secure-service.com,25,1,0,1,0,0,0
http://update-bracbank.gov,26,1,0,0,1,0,1
http://secure-service.co,24,1,0,0,1,0,1
http://update-service.gov,25,1,0,0,0,0,0
http://verify-banglalink.net,28,1,0,0,1,0,1
http://www-bracbank.gov,23,1,0,0,1,0,1
http://www-bank.org,19,1,0,1,0,0,0
http://www-shop.gov,19,1,0,1,0,0,0
http://secure-ebl.com,21,1,0,0,1,0,1
http://online-shop.gov,22,1,0,1,0,0,0
http://login-site.co,20,1,0,1,0,0,0
http://secure-amazon.net,24,1,0,0,1,0,1
http://update-amazon.co,23,1,0,0,1,0,1
http://secure-bank.com,22,1,0,0,1,0,1
http://update-bank.com,22,1,0,0,0,0,0
http://login-site.gov,21,1,0,1,0,0,0
http://update-bank.net,22,1,0,1,0,0,0
http://update-site.gov,22,1,0,0,0,0,0
http://verify-service.gov,25,1,0,0,1,0,1
http://online-update.co,23,1,0,0,1,0,1
http://update-service.io,24,1,0,1,0,0,0
http://verify-paypal.com,24,1,0,0,1,0,1
http://login-shop.io,20,1,0,0,0,0,0
http://login-bank.com,21,1,0,0,1,0,1
http://login-bank.net,21,1,0,0,1,0,1
http://login-bank.com,21,1,0,0,0,0,0
http://secure-service.com,25,1,0,0,0,0,0
http://login-bank.com,21,1,0,1,0,0,0
http://login-bank.co,20,1,0,0,1,0,1
http://verify-bank.net,22,1,0,1,0,0,0
http://verify-service.org,25,1,0,0,0,0,0
http://update-shop.io,21,1,0,0,0,0,0
http://www-secure.io,20,1,0,0,1,0,1
http://verify-bank.net,22,1,0,0,0,0,0
http://login-site.co,20,1,0,0,0,0,0
http://secure-site.co,21,1,0,0,0,0,0
http://update-service.co,24,1,0,0,1,0,1
http://www-service.org,22,1,0,1,0,0,0
http://verify-amazon.com,24,1,0,0,1,0,1
http://secure-service.gov,25,1,0,0,1,0,1
http://verify-portal.net,24,1,0,0,0,0,0
http://login-paypal.co,22,1,0,0,1,0,1
http://verify-amazon.co,23,1,0,0,1,0,1
http://secure-site.com,22,1,0,0,0,0,0
http://update-bracbank.com,26,1,0,0,1,0,1
http://login-ebl.org,20,1,0,0,1,0,1
http://secure-login.co,22,1,0,0,1,0,1
http://update-shop.gov,22,1,0,1,0,0,0
http://verify-bank.org,22,1,0,1,0,0,0
http://login-paypal.net,23,1,0,0,1,0,1
http://online-ebl.com,21,1,0,0,1,0,1
http://verify-amazon.net,24,1,0,0,1,0,1
http://verify-site.co,21,1,0,1,0,0,0
http://secure-shop.co,21,1,0,1,0,0,0
http://www-login.org,20,1,0,0,1,0,1
http://secure-update.io,23,1,0,0,1,0,1
http://online-shop.co,21,1,0,1,0,0,0
http://secure-bracbank.com,26,1,0,0,1,0,1
http://online-banglalink.gov,28,1,0,0,1,0,1
http://online-paypal.gov,24,1,0,0,1,0,1
http://update-service.gov,25,1,0,0,1,0,1
http://update-banglalink.io,27,1,0,0,1,0,1
http://login-bracbank.co,24,1,0,0,1,0,1
http://online-service.co,24,1,0,1,0,0,0
http://verify-bank.co,21,1,0,0,1,0,1
http://update-login.com,23,1,0,0,1,0,1
http://www-ebl.org,18,1,0,0,1,0,1
http://verify-service.com,25,1,0,0,0,0,0
http://secure-banglalink.org,28,1,0,0,1,0,1
http://verify-secure.com,24,1,0,0,1,0,1
http://www-shop.io,18,1,0,0,0,0,0
http://www-service.gov,22,1,0,0,0,0,0
http://secure-portal.io,23,1,0,0,0,0,0
http://update-bank.co,21,1,0,0,1,0,1
http://update-service.net,25,1,0,1,0,0,0
http://verify-banglalink.co,27,1,0,0,1,0,1
http://secure-bank.org,22,1,0,1,0,0,0
http://verify-site.net,22,1,0,1,0,0,0
http://verify-update.co,23,1,0,0,1,0,1
http://www-bracbank.net,23,1,0,0,1,0,1
http://verify-amazon.io,23,1,0,0,1,0,1
http://www-bank.co,18,1,0,1,0,0,0
http://verify-bank.gov,22,1,0,1,0,0,0
http://update-site.org,22,1,0,0,0,0,0
http://login-service.gov,24,1,0,1,0,0,0
http://www-login.co,19,1,0,0,1,0,1
http://www-bank.com,19,1,0,1,0,0,0
http://online-bank.com,22,1,0,0,0,0,0
http://www-shop.org,19,1,0,0,0,0,0
http://login-paypal.org,23,1,0,0,1,0,1
http://update-login.org,23,1,0,0,1,0,1
http://online-secure.io,23,1,0,0,1,0,1
http://online-service.co,24,1,0,0,0,0,0
http://update-site.com,22,1,0,0,0,0,0
http://online-bank.io,21,1,0,0,0,0,0
http://www-banglalink.com,25,1,0,0,1,0,1
http://update-paypal.gov,24,1,0,0,1,0,1
http://online-service.org,25,1,0,1,0,0,0
http://secure-shop.org,22,1,0,1,0,0,0
http://verify-bracbank.gov,26,1,0,0,1,0,1
http://verify-bracbank.com,26,1,0,0,1,0,1
http://online-bank.org,22,1,0,1,0,0,0
http://secure-portal.org,24,1,0,0,0,0,0
http://verify-ebl.net,21,1,0,0,1,0,1
http://verify-bank.co,21,1,0,0,0,0,0
http://update-shop.gov,22,1,0,1,0,0,0
http://login-service.io,23,1,0,0,1,0,1
http://verify-bracbank.net,26,1,0,0,1,0,1
http://update-banglalink.io,27,1,0,0,1,0,1
http://verify-bank.net,22,1,0,0,0,0,0
http://secure-site.com,22,1,0,1,0,0,0
http://online-shop.co,21,1,0,1,0,0,0
http://verify-bank.net,22,1,0,1,0,0,0
http://login-bank.co,20,1,0,0,1,0,1
http://www-bank.io,18,1,0,1,0,0,0
http://update-bank.co,21,1,0,0,1,0,1
http://verify-bank.gov,22,1,0,0,1,0,1
http://login-site.io,20,1,0,1,0,0,0
http://www-service.net,22,1,0,1,0,0,0
http://verify-bracbank.com,26,1,0,0,1,0,1
http://verify-amazon.gov,24,1,0,0,1,0,1
http://online-bank.com,22,1,0,0,1,0,1
http://secure-service.gov,25,1,0,0,0,0,0
http://login-bank.com,21,1,0,1,0,0,0
http://secure-ebl.co,20,1,0,0,1,0,1
http://www-site.io,18,1,0,1,0,0,0
http://www-shop.com,19,1,0,0,0,0,0
http://update-site.net,22,1,0,0,0,0,0
http://secure-site.com,22,1,0,0,0,0,0
http://verify-amazon.org,24,1,0,0,1,0,1
http://secure-shop.io,21,1,0,0,0,0,0
http://secure-service.gov,25,1,0,1,0,0,0
http://www-bank.gov,19,1,0,0,1,0,1
http://www-shop.gov,19,1,0,0,0,0,0
http://online-site.org,22,1,0,0,0,0,0
http://verify-bank.io,21,1,0,0,1,0,1
http://www-paypal.net,21,1,0,0,1,0,1
http://update-bank.gov,22,1,0,0,0,0,0
http://secure-secure.com,24,1,0,0,1,0,1
http://www-secure.gov,21,1,0,0,1,0,1
http://online-service.org,25,1,0,1,0,0,0
http://login-banglalink.org,27,1,0,0,1,0,1
http://login-update.io,22,1,0,0,1,0,1
http://www-update.co,20,1,0,0,1,0,1
http://www-site.io,18,1,0,1,0,0,0
http://www-secure.com,21,1,0,0,1,0,1
http://secure-service.gov,25,1,0,1,0,0,0
http://secure-login.com,23,1,0,0,1,0,1
http://login-shop.org,21,1,0,1,0,0,0
http://secure-service.io,24,1,0,0,0,0,0
http://secure-update.com,24,1,0,0,1,0,1
http://login-portal.net,23,1,0,1,0,0,0
http://online-amazon.net,24,1,0,0,1,0,1
http://www-site.org,19,1,0,1,0,0,0
http://www-update.org,21,1,0,0,1,0,1
http://www-secure.org,21,1,0,0,1,0,1
http://online-site.gov,22,1,0,0,0,0,0
http://login-site.org,21,1,0,0,0,0,0
http://online-portal.com,24,1,0,1,0,0,0
http://verify-service.gov,25,1,0,0,1,0,1
http://login-service.org,24,1,0,0,1,0,1
http://login-ebl.gov,20,1,0,0,1,0,1
http://login-banglalink.io,26,1,0,0,1,0,1
http://verify-service.net,25,1,0,1,0,0,0
http://secure-service.net,25,1,0,0,0,0,0
http://secure-shop.com,22,1,0,1,0,0,0
http://online-banglalink.org,28,1,0,0,1,0,1
http://www-amazon.com,21,1,0,0,1,0,1
http://verify-banglalink.co,27,1,0,0,1,0,1
http://verify-shop.gov,22,1,0,1,0,0,0
http://update-service.org,25,1,0,0,1,0,1
http://online-update.co,23,1,0,0,1,0,1
http://online-banglalink.org,28,1,0,0,1,0,1
http://online-bracbank.net,26,1,0,0,1,0,1
http://update-service.org,25,1,0,0,1,0,1
http://verify-amazon.net,24,1,0,0,1,0,1
http://www-site.io,18,1,0,0,0,0,0
http://login-site.co,20,1,0,0,0,0,0
http://online-bracbank.com,26,1,0,0,1,0,1
http://www-service.gov,22,1,0,1,0,0,0
http://secure-update.co,23,1,0,0,1,0,1
http://secure-site.io,21,1,0,0,0,0,0
http://verify-portal.org,24,1,0,1,0,0,0
http://update-login.com,23,1,0,0,1,0,1
http://www-update.co,20,1,0,0,1,0,1
http://www-ebl.org,18,1,0,0,1,0,1
http://verify-bracbank.gov,26,1,0,0,1,0,1
http://www-service.com,22,1,0,1,0,0,0
http://update-paypal.org,24,1,0,0,1,0,1
http://verify-banglalink.org,28,1,0,0,1,0,1
http://update-portal.gov,24,1,0,1,0,0,0
http://secure-portal.com,24,1,0,1,0,0,0
http://update-site.org,22,1,0,1,0,0,0
http://login-site.org,21,1,0,0,0,0,0
http://www-ebl.co,17,1,0,0,1,0,1
http://update-portal.co,23,1,0,1,0,0,0
http://online-amazon.net,24,1,0,0,1,0,1
http://online-site.gov,22,1,0,0,0,0,0
http://verify-ebl.net,21,1,0,0,1,0,1
http://secure-login.co,22,1,0,0,1,0,1
http://update-bank.gov,22,1,0,0,0,0,0
http://update-paypal.org,24,1,0,0,1,0,1
http://online-login.org,23,1,0,0,1,0,1
http://secure-bank.co,21,1,0,0,1,0,1
http://verify-service.org,25,1,0,0,1,0,1
http://update-amazon.gov,24,1,0,0,1,0,1
http://verify-bank.com,22,1,0,0,0,0,0
http://login-amazon.co,22,1,0,0,1,0,1
http://online-portal.gov,24,1,0,0,0,0,0
http://update-bracbank.io,25,1,0,0,1,0,1
http://login-ebl.io,19,1,0,0,1,0,1
http://online-portal.com,24,1,0,0,0,0,0
http://verify-secure.com,24,1,0,0,1,0,1
